{
  "exp1": {
    "winner_counts": {
      "rfe": 4,
      "tree": 3,
      "mi": 1,
      "shap": 1
    },
    "rank_mean": {
      "tree": 2.111111111111111,
      "shap": 2.2222222222222223,
      "rfe": 2.3333333333333335,
      "mi": 3.3333333333333335
    }
  },
  "exp2_unified": {
    "n_rows_unified": 1600,
    "n_showcase": 3
  }
}