strategy,rank_rmse
tree,2.111111111111111
shap,2.2222222222222223
rfe,2.3333333333333335
mi,3.3333333333333335
