dataset,dataset_instance,k_pct,fold,repeat_seed,strategy_a,strategy_b,rmse_a,rmse_b,rmse_abs_diff,rmse_rel_diff,mae_abs_diff,jaccard,n_sym_diff,n_features_a,n_features_b
Superconductor,Exp2A-Superconductor,0.1,6,123,native_fi,custom_shap_rfe,10.83584323600872,10.838579787940184,0.0027365519314628273,0.00025254628291123283,0.030742496903168437,0.45454545454545453,6,8,8
Allstate,Exp2B-Allstate,0.1,6,999,native_fi,custom_shap_rfe,2054.465745633539,2054.339525919277,0.12621971426187883,6.143675772163155e-05,27.090930403431457,0.3684210526315789,12,13,13
Superconductor,Exp2A-Superconductor,0.15,6,123,native_fi,custom_shap_rfe,10.483375792977188,10.48502329893548,0.001647505958292328,0.0001571541448887096,0.00646787572736951,0.4117647058823529,10,12,12
