dataset,model,strategy,k_pct,fold,repeat_seed,mape,mse,rmse,selection_time_s,train_time_s,predict_time_s,total_time_s
Allstate Claims Severity,extratrees,mi,0.25,1,42,0.6764839115294594,4367376.006337474,2089.826788596958,1.5605439819628373,48.166610090003815,0.9115753219812176,51.17205091298092
Allstate Claims Severity,extratrees,mi,0.5,1,42,0.6431535982897576,3967630.49522233,1991.8911855877896,1.5605439819628373,119.18240583897568,1.0273257789667696,122.27977336198092
Allstate Claims Severity,extratrees,mi,0.75,1,42,0.624839725988546,3848244.2856049803,2023.320656648131,0.787839631292222,197.09755351438554,1.2985724307792903,199.18396557645707
Allstate Claims Severity,extratrees,mi,1.0,1,42,0.6317464712542531,3814725.475275242,1953.132221657111,0.0,264.4225472569815,1.5256196480477229,266.33295695798006
Allstate Claims Severity,extratrees,mi,0.25,2,42,0.782700297943728,4554062.596988049,2134.024975717962,1.2657563079847023,52.71223921695491,0.6909076000447385,55.11227644502651
Allstate Claims Severity,extratrees,mi,0.5,2,42,0.7350350583240315,4213985.313732308,2052.7993846774966,1.2657563079847023,127.37348782096524,1.8030196559848264,130.86550174001604
Allstate Claims Severity,extratrees,mi,0.75,2,42,0.723879591432294,4214173.081093511,1952.3216528902337,0.6590768236715702,200.59332763745178,1.478412617044835,202.73081707816817
Allstate Claims Severity,extratrees,mi,1.0,2,42,0.7218088533070783,4129812.529167324,2032.1940185836893,0.0,256.07891125400783,1.05712080700323,257.68098080396885
Allstate Claims Severity,extratrees,mi,0.25,3,42,0.6795227702455566,4483140.4616149925,2117.342783210832,1.2042469939915463,45.6331492709578,1.5008292440325022,48.843539979017805
Allstate Claims Severity,extratrees,mi,0.5,3,42,0.6528778136777135,3984748.443758602,1996.183469463316,1.2042469939915463,114.13199530297425,1.721305755956564,117.58440085098846
Allstate Claims Severity,extratrees,mi,0.75,3,42,0.660785396136692,4152345.6493255524,2025.3543968722724,0.5933469019691938,189.87654274111003,1.353200402475527,191.82309004555475
Allstate Claims Severity,extratrees,mi,1.0,3,42,0.6463493585961525,3903072.7877689935,1975.6195959164288,0.0,257.50315631798003,1.0915562779991888,259.1002805349999
Allstate Claims Severity,extratrees,mi,0.25,4,42,0.7097438533664254,4670687.333777893,2161.1773027167146,1.2357536989729851,49.012405166984536,1.0504875920014456,51.78981072898023
Allstate Claims Severity,extratrees,mi,0.5,4,42,0.6474099387037845,4124575.601387684,2030.9051187555965,1.2357536989729851,122.1798656579922,1.705136010015849,125.69641676702304
Allstate Claims Severity,extratrees,mi,0.75,4,42,0.6363032541745571,4001836.3711228017,1983.3587035117941,0.571901417410409,192.04927433432852,1.6376016774889135,194.25877742922782
Allstate Claims Severity,extratrees,mi,1.0,4,42,0.6375725666049408,4021674.645702218,2005.4113407733128,0.0,259.44225881499005,1.476120728009846,261.35425365902483
Allstate Claims Severity,extratrees,mi,0.25,5,42,0.6847085148394944,4869601.803235379,2206.717427138187,1.1516601480543611,48.14295290503651,0.8511527340160683,50.62211640307214
Allstate Claims Severity,extratrees,mi,0.5,5,42,0.6449128682315994,4128759.602936147,2031.9349406258427,1.1516601480543611,118.42543324799044,0.7566474820487201,120.77455812203698
Allstate Claims Severity,extratrees,mi,0.75,5,42,0.6511732012576953,4237356.153164439,2081.6220153335858,0.5686650576310671,186.78789360636978,0.8753463347265685,188.23190499872743
Allstate Claims Severity,extratrees,mi,1.0,5,42,0.6330759745181875,3976469.947160397,1994.108810260964,0.0,260.8364212890156,0.9888298320001924,262.25544186204206
Allstate Claims Severity,extratrees,mi,0.25,1,123,0.7154620045821617,4321803.908455708,2078.894876720732,1.2138145419885404,51.35874904802768,1.4898419589735568,54.530623140977696
Allstate Claims Severity,extratrees,mi,0.5,1,123,0.6598375581296663,3972991.575294784,1993.2364574467283,1.2138145419885404,118.41843407496344,0.9074579239822924,121.07442742399871
Allstate Claims Severity,extratrees,mi,0.75,1,123,0.6498288378605356,3981635.224618633,1966.7956912676505,0.5971242560599558,190.643236700719,1.2068730372864815,192.4472339940654
Allstate Claims Severity,extratrees,mi,1.0,1,123,0.6565771193061466,3862878.852624732,1965.4207825869585,0.0,261.7598123019561,1.6220853609847836,263.7660343190073
Allstate Claims Severity,extratrees,mi,0.25,2,123,0.8174705182822924,4696810.84033588,2167.212689224544,1.3422480309964158,51.5419448929606,1.4413885929971002,54.79132466297597
Allstate Claims Severity,extratrees,mi,0.5,2,123,0.701239504709104,3997060.023310415,1999.2648707238409,1.3422480309964158,120.57206324796424,1.6188169249799105,124.04768489697015
Allstate Claims Severity,extratrees,mi,0.75,2,123,0.7057663106360148,4010806.0022739726,2058.541864417623,0.7071644026875002,187.7054265722958,1.6170217860854665,190.0296127610688
Allstate Claims Severity,extratrees,mi,1.0,2,123,0.6893023410760345,4059835.841740396,2014.903432361064,0.0,250.46844279102515,1.6147305259946734,252.5773379090242
Allstate Claims Severity,extratrees,mi,0.25,3,123,0.71775729787129,4735139.27760525,2176.03751750866,1.170485909038689,45.36486349400366,0.8317909659817815,47.77430843608454
Allstate Claims Severity,extratrees,mi,0.5,3,123,0.6534632781013877,4085465.011425877,2021.253326880596,1.170485909038689,111.29609920299843,1.182103970029857,114.02955661906162
Allstate Claims Severity,extratrees,mi,0.75,3,123,0.6579607508519759,3891682.4184506545,1950.244657144955,0.5665426834547259,186.37215017260027,1.0415764270316235,187.9802692830866
Allstate Claims Severity,extratrees,mi,1.0,3,123,0.6258708407028535,3734609.285449241,1932.513721930388,0.0,262.1356291410048,0.9258885139715858,263.53569247497944
Allstate Claims Severity,extratrees,mi,0.25,4,123,0.7021261335240285,4896169.564509881,2212.72898577975,1.0722589239594529,47.78377550002188,1.4522913179825991,50.878830963920336
Allstate Claims Severity,extratrees,mi,0.5,4,123,0.6761369562177116,4645503.853518812,2155.343094154342,1.0722589239594529,124.2546741879778,0.8768818550161086,126.68257898197044
Allstate Claims Severity,extratrees,mi,0.75,4,123,0.6647663654498083,4506894.077866629,2127.3601802905205,0.5237813351478817,183.659998362744,1.0932065974690248,185.2769862953609
Allstate Claims Severity,extratrees,mi,1.0,4,123,0.6679953130592575,4521916.061222567,2126.479734496091,0.0,259.6051083430066,1.223513349017594,261.2416896079667
Allstate Claims Severity,extratrees,mi,0.25,5,123,0.7049926889026688,5043610.361328592,2245.798379491933,1.236572302004788,43.375567089999095,1.3825481789535845,46.4995354010025
Allstate Claims Severity,extratrees,mi,0.5,5,123,0.6535597857985997,4209668.542278851,2051.747679974039,1.236572302004788,109.75036751799053,1.6739052660414018,113.17450727202232
Allstate Claims Severity,extratrees,mi,0.75,5,123,0.6463567401989154,3915460.2111003133,1975.4266444000011,0.6434279449179141,195.0857298097646,1.7376610138682864,197.46681876855078
Allstate Claims Severity,extratrees,mi,1.0,5,123,0.6358439701996024,3797625.80417425,1948.749805432768,0.0,262.1056828859728,1.8251932249986569,264.3154080819804
Allstate Claims Severity,extratrees,mi,0.25,1,256,0.6990056103728867,4815250.368502708,2194.3678744692534,1.3291823309846222,49.07475361897377,1.5045951859792694,52.466792529972736
Allstate Claims Severity,extratrees,mi,0.5,1,256,0.6484617237665542,4456794.455734621,2111.112137176664,1.3291823309846222,128.3039982559858,1.6933878269628622,131.8317546469625
Allstate Claims Severity,extratrees,mi,0.75,1,256,0.6579580306588817,4352519.552045484,2149.753132276928,0.6691210562214494,198.59451684542165,1.6437779140447377,200.90741581568784
Allstate Claims Severity,extratrees,mi,1.0,1,256,0.6368092087446691,4427101.37130174,2104.06781528109,0.0,251.4319924559677,1.660573354980443,253.66521148296303
Allstate Claims Severity,extratrees,mi,0.25,2,256,0.6854336497842157,4906652.766766324,2215.0965592421303,1.0736286889878102,44.95472681598039,1.4146029719850048,47.92595262598479
Allstate Claims Severity,extratrees,mi,0.5,2,256,0.640616780555792,3973708.430949973,1993.4162713668145,1.0736286889878102,116.0592692309874,1.6594293109956195,119.2454480729648
Allstate Claims Severity,extratrees,mi,0.75,2,256,0.6289940386839813,3759036.248493706,2023.9917882466827,0.4785151287317601,186.56150219742693,1.606322731750789,188.6463400579095
Allstate Claims Severity,extratrees,mi,1.0,2,256,0.6265396008247867,3832466.289997432,1957.6685853324184,0.0,261.2535756060388,1.5374510500114411,263.17322073399555
Allstate Claims Severity,extratrees,mi,0.25,3,256,0.7421452498243559,5894322.539712572,2427.822592306236,1.02479872998083,38.52679093898041,1.548819829011336,41.5164021049859
Allstate Claims Severity,extratrees,mi,0.5,3,256,0.6888916220458867,4210894.636960738,2052.046450975401,1.02479872998083,119.03598738601433,1.6349993780022487,122.38093962299172
Allstate Claims Severity,extratrees,mi,0.75,3,256,0.7045196148444224,4023683.665817754,2029.0534882998238,0.5131180024247215,188.9402056811574,1.793473765414905,191.24679744899706
Allstate Claims Severity,extratrees,mi,1.0,3,256,0.6584421476130604,4013674.612200349,2003.415736236578,0.0,258.52419114502845,1.94600234401878,261.153153429972
Allstate Claims Severity,extratrees,mi,0.25,4,256,0.7453749114991493,3930763.1810551216,1982.61523777437,1.128283065976575,50.32598785200389,1.5289591790060513,53.51338315795874
Allstate Claims Severity,extratrees,mi,0.5,4,256,0.7179075856728729,3768890.303679709,1941.363001522309,1.128283065976575,119.31093491695356,1.8580452949972823,122.86345282901311
Allstate Claims Severity,extratrees,mi,0.75,4,256,0.7201589275077538,3667561.006167323,1947.3632344293778,0.5517739350921224,186.88725177986998,1.73770598250754,189.17673169746965
Allstate Claims Severity,extratrees,mi,1.0,4,256,0.7098743471830282,3726259.534697247,1930.352178929339,0.0,256.8518725760514,1.579828815010842,258.93311246298254
Allstate Claims Severity,extratrees,mi,0.25,5,256,0.6895339092400297,4098406.6448091217,2024.4521838781773,1.188360345957335,54.56170047598425,1.526412439008709,57.77429688296979
Allstate Claims Severity,extratrees,mi,0.5,5,256,0.650430384439178,3880444.373945977,1969.8843554752084,1.188360345957335,124.393311169988,1.8552848569815976,127.9958177859662
Allstate Claims Severity,extratrees,mi,0.75,5,256,0.6349736439270075,3803590.6384810233,1919.6090064374355,0.5860734232099472,191.9722461311384,1.7354802148921504,194.2937997692405
Allstate Claims Severity,extratrees,mi,1.0,5,256,0.6361906163801759,3791961.0666383207,1947.295834391457,0.0,254.7462228439981,1.6241664389963262,256.9376164720161
Allstate Claims Severity,extratrees,rfe,0.25,1,42,0.6616290425151332,4078379.090223398,2019.499712855488,0.3070398039999418,50.28945418901276,0.7052430880139582,51.782879885984585
Allstate Claims Severity,extratrees,rfe,0.5,1,42,0.6457801970077542,3958012.782501311,1989.4755043732785,0.3070398039999418,118.87378065101802,1.141165864013601,120.72563939203974
Allstate Claims Severity,extratrees,rfe,0.75,1,42,0.6545353921738539,3903961.3265984817,1990.2725186713149,0.15237803991010776,201.66038561140593,1.359792740799905,203.17255639211595
Allstate Claims Severity,extratrees,rfe,1.0,1,42,0.6317464712542531,3814725.475275242,1953.132221657111,0.0,269.13239788095234,1.6819440990220755,271.4168093079934
Allstate Claims Severity,extratrees,rfe,0.25,2,42,0.7520931532801707,4398817.576309531,2097.335828213863,0.2304201010265387,50.55783074500505,0.7667567370226607,52.07560198602732
Allstate Claims Severity,extratrees,rfe,0.5,2,42,0.7233605154592092,4212545.418729534,2052.4486397300016,0.2304201010265387,120.4712110090186,1.7610835389932618,122.90676058101236
Allstate Claims Severity,extratrees,rfe,0.75,2,42,0.7349464702447315,4387823.265733327,2098.9297971606975,0.10549908361580136,187.63222604393576,1.4995538499984091,189.23727897754998
Allstate Claims Severity,extratrees,rfe,1.0,2,42,0.7218088533070783,4129812.529167324,2032.1940185836893,0.0,259.09477056900505,1.505400836991612,260.9757315599709
Allstate Claims Severity,extratrees,rfe,0.25,3,42,0.6783017385420365,4351471.03250151,2086.0179847023155,0.2544515709741972,45.71388999698684,1.4445725489640608,47.88588019501185
Allstate Claims Severity,extratrees,rfe,0.5,3,42,0.6558946097153079,4045723.655138468,2011.398432717513,0.2544515709741972,113.14165748399682,1.6245415119919926,115.7560307389358
Allstate Claims Severity,extratrees,rfe,0.75,3,42,0.6521132719042059,4004758.6006020675,2073.298462330087,0.1252842695957742,183.29250480900896,1.629508609643515,185.04729768824825
Allstate Claims Severity,extratrees,rfe,1.0,3,42,0.6463493585961525,3903072.7877689935,1975.6195959164288,0.0,259.47712551103905,1.5018872289801948,261.36760632600635
Allstate Claims Severity,extratrees,rfe,0.25,4,42,0.6923902173991688,4604562.27012168,2145.8243800743994,0.2699185450328514,48.36558220000006,0.7260376840131357,49.88752940803533
Allstate Claims Severity,extratrees,rfe,0.5,4,42,0.6469131440107887,4142845.077886868,2035.3980146120973,0.2699185450328514,114.4018913890468,1.7754660850041546,116.9023966550012
Allstate Claims Severity,extratrees,rfe,0.75,4,42,0.6475185987386781,4204007.500490772,2027.132896204633,0.14551308571788044,189.58910106884997,1.6931068144252839,191.42772096899313
Allstate Claims Severity,extratrees,rfe,1.0,4,42,0.6375725666049408,4021674.645702218,2005.4113407733128,0.0,260.1657339219819,1.6266503630322404,262.1857546700048
Allstate Claims Severity,extratrees,rfe,0.25,5,42,0.6638441664237732,4333780.080692883,2081.773301945455,0.2534139830386266,48.99234872899251,0.7469990840181708,50.53062552103074
Allstate Claims Severity,extratrees,rfe,0.5,5,42,0.638339162562463,4091384.763877248,2022.7171734766205,0.2534139830386266,116.4748280000058,1.0119494600221517,118.26970381604042
Allstate Claims Severity,extratrees,rfe,0.75,5,42,0.6258472430887403,4020452.317431346,2048.2328387545367,0.1318058347517681,189.67940442756318,0.9858468588662326,190.79705712118118
Allstate Claims Severity,extratrees,rfe,1.0,5,42,0.6330759745181875,3976469.947160397,1994.108810260964,0.0,260.39291969896294,0.9302752819494344,261.7908310389612
Allstate Claims Severity,extratrees,rfe,0.25,1,123,0.7417676033381281,4759518.247514702,2181.632014688706,0.2573874149820767,49.48202053597197,1.3967511960072445,51.49468893499579
Allstate Claims Severity,extratrees,rfe,0.5,1,123,0.672509301644241,3980694.280633102,1995.167732455871,0.2573874149820767,123.88862898398656,0.7273933829856105,125.32517196499975
Allstate Claims Severity,extratrees,rfe,0.75,1,123,0.6605082191960822,3783697.8721783054,2013.0195511429613,0.1341652638917311,189.5657240174453,1.2347968216351037,190.93468610297214
Allstate Claims Severity,extratrees,rfe,1.0,1,123,0.6565771193061466,3862878.852624732,1965.4207825869585,0.0,261.20132663601544,1.625175487017259,263.21461022098083
Allstate Claims Severity,extratrees,rfe,0.25,2,123,0.7271275397723808,4260535.175643036,2064.1063867066146,0.2773037530132569,44.88470571895596,1.3871561959967948,47.12557207705686
Allstate Claims Severity,extratrees,rfe,0.5,2,123,0.7063741132897214,4169818.528198152,2042.013351620932,0.2773037530132569,105.70254082296742,1.6646740729920566,108.2449402580387
Allstate Claims Severity,extratrees,rfe,0.75,2,123,0.6888166201380358,4252481.024142487,1994.2500195154328,0.1342379741729242,184.1080045312061,1.852506763766464,186.09474926914547
Allstate Claims Severity,extratrees,rfe,1.0,2,123,0.6893023410760345,4059835.841740396,2014.903432361064,0.0,258.94574033102253,1.95484816696262,261.3539122049697
Allstate Claims Severity,extratrees,rfe,0.25,3,123,0.6789295810163104,4396013.907229812,2096.6673334675224,0.2580204459954984,45.27209980302723,0.9407528510200792,46.9688577229972
Allstate Claims Severity,extratrees,rfe,0.5,3,123,0.6473170944164542,3934732.119533173,1983.6159203669376,0.2580204459954984,113.35692177800227,1.3887180609744971,115.46147263003512
Allstate Claims Severity,extratrees,rfe,0.75,3,123,0.6276090721011861,4032526.9960082825,1950.459783294905,0.12948652563219606,191.41292123587297,1.2416906547229867,192.78409841622815
Allstate Claims Severity,extratrees,rfe,1.0,3,123,0.6258708407028535,3734609.285449241,1932.513721930388,0.0,261.2248081730213,1.0074584980029613,262.6654758959776
Allstate Claims Severity,extratrees,rfe,0.25,4,123,0.7087443571889211,5050385.938123662,2247.3063738893416,0.2525107840192504,50.44728299701819,1.5746302650077268,52.823521099984646
Allstate Claims Severity,extratrees,rfe,0.5,4,123,0.676255104808985,4645765.184897837,2155.403717380537,0.2525107840192504,112.41318851604592,0.8601983090047725,113.96465035201982
Allstate Claims Severity,extratrees,rfe,0.75,4,123,0.6734723480107905,4506816.9921851205,2096.7827489015444,0.12926360670973083,181.5285680128992,0.9341824856451294,182.59201410525407
Allstate Claims Severity,extratrees,rfe,1.0,4,123,0.6679953130592575,4521916.061222567,2126.479734496091,0.0,260.1814421170275,1.0284674759604968,261.67008058703505
Allstate Claims Severity,extratrees,rfe,0.25,5,123,0.7003003812034685,4276035.64704036,2067.857743424426,0.2423608539975248,48.87014869402629,1.6365768060204573,51.35438774200156
Allstate Claims Severity,extratrees,rfe,0.5,5,123,0.6617009152913215,3980802.4625761295,1995.1948432612112,0.2423608539975248,113.88720312400255,1.913880796986632,116.56268421700224
Allstate Claims Severity,extratrees,rfe,0.75,5,123,0.6294596782616013,3911950.5724263513,1996.602683793864,0.1169019866965887,186.17511540486618,1.5241122567786343,187.8161296483414
Allstate Claims Severity,extratrees,rfe,1.0,5,123,0.6358439701996024,3797625.804174249,1948.7498054327675,0.0,253.99341500597075,1.169571503996849,255.63917413901072
Allstate Claims Severity,extratrees,rfe,0.25,1,256,0.6736129930784244,4742644.839651806,2177.761428543496,0.2299440900096669,48.79941542999586,1.4809712559799664,51.29824771999847
Allstate Claims Severity,extratrees,rfe,0.5,1,256,0.6511282432330722,4575251.005368203,2138.9836384059145,0.2299440900096669,111.0433815009892,1.5977150429971516,113.45697986899177
Allstate Claims Severity,extratrees,rfe,0.75,1,256,0.6401401696889116,4314371.463781001,2109.5940750132177,0.11704165971841386,184.87274458071644,1.8506376775207494,186.8404239179556
Allstate Claims Severity,extratrees,rfe,1.0,1,256,0.6368092087446691,4427101.37130174,2104.06781528109,0.0,261.32048114197096,1.8680101570207623,263.7316956919967
Allstate Claims Severity,extratrees,rfe,0.25,2,256,0.6898635492232192,4464824.328462202,2113.01309235466,0.2504512049490586,48.62573996296851,1.6242445249808952,50.91268019395648
Allstate Claims Severity,extratrees,rfe,0.5,2,256,0.6474980166534824,3982685.2867398616,1995.666627154912,0.2504512049490586,114.17069015197922,1.7062635620241051,116.7045965809375
Allstate Claims Severity,extratrees,rfe,0.75,2,256,0.6324792421891823,3877587.624475052,2008.6493647512816,0.12681633506832943,184.91048221655652,1.6946009597266556,186.7318995113515
Allstate Claims Severity,extratrees,rfe,1.0,2,256,0.6265396008247867,3832466.289997432,1957.6685853324184,0.0,258.8427482639672,1.651259773003403,260.96877246996155
Allstate Claims Severity,extratrees,rfe,0.25,3,256,0.7524589119366224,5052275.707798355,2247.726786733289,0.2925352079910226,42.2786995350034,1.4235224059666507,44.35712707700441
Allstate Claims Severity,extratrees,rfe,0.5,3,256,0.6769007823241717,4254575.365731253,2062.662203496068,0.2925352079910226,118.525391178031,1.6862278470071033,121.08696249400964
Allstate Claims Severity,extratrees,rfe,0.75,3,256,0.6809848159752327,4108869.368641808,2018.1396878213259,0.14880880356513349,187.03878617256245,1.6922757852010075,188.87987076132862
Allstate Claims Severity,extratrees,rfe,1.0,3,256,0.6584421476130604,4013674.612200349,2003.415736236578,0.0,254.04640536400257,1.7648191640037112,256.35336284001824
Allstate Claims Severity,extratrees,rfe,0.25,4,256,0.7738261307124613,4155154.959217656,2038.4197210627783,0.2535767779918387,47.17736894200789,1.5725543330190703,49.484125422954094
Allstate Claims Severity,extratrees,rfe,0.5,4,256,0.7371796023593191,3931249.6170748193,1982.737909325088,0.2535767779918387,117.07955944701098,1.704003659018781,119.50103463296546
Allstate Claims Severity,extratrees,rfe,0.75,4,256,0.7222362018710423,3872988.6569588445,1974.5907281160828,0.1271321347779585,177.32985336772325,1.8139409706664695,179.27092647316766
Allstate Claims Severity,extratrees,rfe,1.0,4,256,0.7098743471830282,3726259.534697247,1930.352178929339,0.0,259.3926575129735,1.94650332495803,261.8646268660086
Allstate Claims Severity,extratrees,rfe,0.25,5,256,0.7141096607566327,4584681.865335239,2141.1870225029943,0.2386833630152978,49.3086107679992,1.500506940006744,51.56068162800511
Allstate Claims Severity,extratrees,rfe,0.5,5,256,0.6429307271536433,3890744.262848167,1972.4969614293875,0.2386833630152978,119.6175085969735,1.730727833986748,122.2017914740136
Allstate Claims Severity,extratrees,rfe,0.75,5,256,0.6523583671670102,3969087.4884679536,1938.9340087319858,0.12807106359285245,188.5695274662002,1.9952422363486888,190.69284076614176
Allstate Claims Severity,extratrees,rfe,1.0,5,256,0.6361906163801759,3791961.0666383207,1947.295834391457,0.0,259.6844813799835,2.027291795006022,262.1479116299888
Allstate Claims Severity,extratrees,shap,0.25,1,42,0.6766698682671336,4547090.876668235,2132.390882710821,8.96731097396696,44.82823369296966,1.4962777070468292,55.82791411597282
Allstate Claims Severity,extratrees,shap,0.5,1,42,0.6549794172002332,3954419.127135406,1988.57213274636,8.96731097396696,127.71739958395484,1.7278663329780102,138.97862224798882
Allstate Claims Severity,extratrees,shap,0.75,1,42,0.6370379888887969,3892002.28155179,1979.2554737840503,4.315339946002493,183.30738824298547,1.2187500220935035,188.84147821108147
Allstate Claims Severity,extratrees,shap,1.0,1,42,0.6317464712542531,3814725.475275242,1953.132221657111,0.0,258.9097330960212,0.7695418340153992,260.03563748602755
Allstate Claims Severity,extratrees,shap,0.25,2,42,0.8055352966472082,4722117.7987388205,2173.0434415213194,8.56840570300119,50.453086087014526,1.0896272100508213,60.48586913396139
Allstate Claims Severity,extratrees,shap,0.5,2,42,0.7306692065568494,4276347.920967734,2067.9332486731128,8.56840570300119,125.0653098920011,1.6384575480478816,135.8036285120179
Allstate Claims Severity,extratrees,shap,0.75,2,42,0.7329753291224227,3993960.655352499,2011.6427036767886,4.110834412127466,190.655463142353,1.5980897862189107,196.36438734069938
Allstate Claims Severity,extratrees,shap,1.0,2,42,0.7218088533070783,4129812.529167324,2032.1940185836893,0.0,261.0191455389722,1.479058436001651,262.8854708870058
Allstate Claims Severity,extratrees,shap,0.25,3,42,0.6966725670981518,4341982.487806105,2083.7424235749736,8.129344015032984,54.30842896195827,1.536029901006259,64.47226203599712
Allstate Claims Severity,extratrees,shap,0.5,3,42,0.677547199200826,4130997.697792208,2032.485595961804,8.129344015032984,123.84332736197392,1.848130104946904,134.26001992000965
Allstate Claims Severity,extratrees,shap,0.75,3,42,0.6569993435153948,4060631.2276198626,1949.0698414097058,3.6820996836795743,196.3703966140364,1.3752284329809374,201.42772473069692
Allstate Claims Severity,extratrees,shap,1.0,3,42,0.6463493585961526,3903072.7877689935,1975.6195959164288,0.0,253.49157633795403,0.940649727010168,254.80729432002408
Allstate Claims Severity,extratrees,shap,0.25,4,42,0.6798431226499423,4484770.744096097,2117.727731342274,8.867303537030239,46.600169775018,1.4684370909817517,57.5288928070222
Allstate Claims Severity,extratrees,shap,0.5,4,42,0.6558628113958611,4084664.8323304434,2021.055375869361,8.867303537030239,122.82627802004572,1.6814435509731993,133.9181579319993
Allstate Claims Severity,extratrees,shap,0.75,4,42,0.6639623082960177,4077377.529697275,2018.92167363925,4.141924756977917,193.36040130611028,1.698933730603788,199.20125979369197
Allstate Claims Severity,extratrees,shap,1.0,4,42,0.6375725666049408,4021674.645702218,2005.4113407733128,0.0,262.2031099179876,1.9653354269685224,264.7394032069715
Allstate Claims Severity,extratrees,shap,0.25,5,42,0.6988256247115281,4527731.127391789,2127.846593951685,8.859517025004607,49.05078031902667,1.5525796129950322,60.06633547501406
Allstate Claims Severity,extratrees,shap,0.5,5,42,0.6583785450311935,4268928.298174607,2066.1384992721582,8.859517025004607,123.38817281700904,1.5438772600027733,134.24311410501832
Allstate Claims Severity,extratrees,shap,0.75,5,42,0.6572832384374683,4217180.196824475,2036.8438321175595,4.306125996978776,200.90905358504756,1.1072799579961918,206.32245954002252
Allstate Claims Severity,extratrees,shap,1.0,5,42,0.6330759745181875,3976469.947160397,1994.108810260964,0.0,260.0435272940085,0.7961461860104464,261.2115690910141
Allstate Claims Severity,extratrees,shap,0.25,1,123,0.7143068148171698,4306278.584333379,2075.157484224602,8.656772265967447,51.54027064703405,1.4778176739928313,62.13123020995408
Allstate Claims Severity,extratrees,shap,0.5,1,123,0.6705490282060581,3919825.557615234,1979.8549334775096,8.656772265967447,131.46464798803208,1.7497664510156028,142.31118721998064
Allstate Claims Severity,extratrees,shap,0.75,1,123,0.6778908028852539,3852983.4792815237,1959.7483816048389,4.656651349250926,196.67162927866036,1.3408899440173103,202.6691705719286
Allstate Claims Severity,extratrees,shap,1.0,1,123,0.6565771193061466,3862878.852624732,1965.4207825869585,0.0,256.1396889089956,0.8766762570012361,257.4030930909794
Allstate Claims Severity,extratrees,shap,0.25,2,123,0.748289231303216,4652413.557990697,2156.945423044055,9.11501699197106,51.77784518897533,1.451712740003131,62.83323467796436
Allstate Claims Severity,extratrees,shap,0.5,2,123,0.7082218655683361,4285878.154353507,2070.236255685207,9.11501699197106,125.89441325201189,1.7105991840362549,137.3234241210157
Allstate Claims Severity,extratrees,shap,0.75,2,123,0.7219146133826954,4388463.760981197,2075.506665881464,4.657703922880767,171.93353361980516,1.332768248611899,177.92400579129782
Allstate Claims Severity,extratrees,shap,1.0,2,123,0.6893023410760345,4059835.841740396,2014.903432361064,0.0,243.8934783610166,0.8675294970162213,245.12842638697475
Allstate Claims Severity,extratrees,shap,0.25,3,123,0.6799246063918131,4287701.843729725,2070.6766632503795,8.597675933968276,51.33583889098372,1.544552681967616,61.98806835495634
Allstate Claims Severity,extratrees,shap,0.5,3,123,0.6462597846188833,4010608.827559158,2002.650450667604,8.597675933968276,123.48382736102212,0.9392169899656436,133.3937052199617
Allstate Claims Severity,extratrees,shap,0.75,3,123,0.645173201540342,4053219.099386088,2015.602121422016,4.17989068765262,194.65054807962667,1.0003388688988615,199.83077763617817
Allstate Claims Severity,extratrees,shap,1.0,3,123,0.6258708407028535,3734609.285449241,1932.513721930388,0.0,262.0610512120184,1.133986827044282,263.5525361719774
Allstate Claims Severity,extratrees,shap,0.25,4,123,0.7050728827325351,4974882.266521136,2230.4444100943506,8.699249359953683,49.72594854800264,1.5327897850074803,60.41933191695716
Allstate Claims Severity,extratrees,shap,0.5,4,123,0.6793837619737707,4600118.679576237,2144.7887260931407,8.699249359953683,125.81482686195524,1.285801782971248,136.23735698097153
Allstate Claims Severity,extratrees,shap,0.75,4,123,0.6782953128258498,4722373.444964271,2100.7128806587043,4.5854604770975556,188.80430303707058,1.1581582859020982,194.5479218000702
Allstate Claims Severity,extratrees,shap,1.0,4,123,0.6679953130592575,4521916.061222567,2126.479734496091,0.0,260.128953566018,1.0203188699670136,261.52042300399626
Allstate Claims Severity,extratrees,shap,0.25,5,123,0.6753480128104513,4338717.196455002,2082.958760142649,8.600973633991089,42.74399221298518,1.39581703604199,53.37032583897235
Allstate Claims Severity,extratrees,shap,0.5,5,123,0.6583970633974326,3929083.446429947,1982.1915766216807,8.600973633991089,121.49256978201448,1.754104276013095,132.39701895602047
Allstate Claims Severity,extratrees,shap,0.75,5,123,0.6369687704381445,3693404.269957086,1980.066555212972,4.20016881949786,202.9878998622113,1.8996439086430037,209.08771259035217
Allstate Claims Severity,extratrees,shap,1.0,5,123,0.6358439701996024,3797625.80417425,1948.749805432768,0.0,260.30199930403614,2.043155072024092,262.91515082801925
Allstate Claims Severity,extratrees,shap,0.25,1,256,0.7010197671858611,5127612.060389293,2264.423118674885,8.368264625954907,49.19980994798243,0.9680107550229876,58.98385832493659
Allstate Claims Severity,extratrees,shap,0.5,1,256,0.6601271999585465,4691197.226304924,2165.917179004065,8.368264625954907,124.4425326240016,1.26901618699776,134.446768707945
Allstate Claims Severity,extratrees,shap,0.75,1,256,0.6594850132884368,4435037.678867905,2140.3182867903533,4.215558680452347,191.65058842521813,1.1454496229761824,197.01159672864665
Allstate Claims Severity,extratrees,shap,1.0,1,256,0.6368092087446691,4427101.37130174,2104.06781528109,0.0,260.69420530000934,1.0995506250183098,262.21437056700233
Allstate Claims Severity,extratrees,shap,0.25,2,256,0.6919864608664802,4694622.914926806,2166.7078517711625,8.877109053952154,42.73615059902659,1.422065074031707,53.62706658290699
Allstate Claims Severity,extratrees,shap,0.5,2,256,0.6362414365286312,3878979.325625693,1969.5124588653127,8.877109053952154,127.45252028200775,0.7190554359694943,137.4914158169413
Allstate Claims Severity,extratrees,shap,0.75,2,256,0.6645883574053618,3908107.787527229,1972.78166970421,4.59361450323886,198.8860033220312,0.8711163625351248,204.3507341878052
Allstate Claims Severity,extratrees,shap,1.0,2,256,0.6265396008247867,3832466.289997432,1957.6685853324184,0.0,261.8106384209823,1.0161540459957903,263.19248020800296
Allstate Claims Severity,extratrees,shap,0.25,3,256,0.6987074811119609,4587479.169021981,2141.84013619644,8.619506480987184,45.80939853203017,1.5095950149698183,56.47675715893274
Allstate Claims Severity,extratrees,shap,0.5,3,256,0.6942364399627942,4237503.452211474,2058.51972354201,8.619506480987184,127.20287163503237,1.6487545859999957,137.97345158702228
Allstate Claims Severity,extratrees,shap,0.75,3,256,0.6749247558366912,4255052.114023354,2032.268615103019,3.695318336957508,180.68023205687908,1.7960628845125326,186.17161327834913
Allstate Claims Severity,extratrees,shap,1.0,3,256,0.6584421476130604,4013674.612200349,2003.415736236578,0.0,260.33080396498553,2.031881526985672,262.797052629001
Allstate Claims Severity,extratrees,shap,0.25,4,256,0.7472096883968983,3915374.541953505,1978.730537984772,8.33919919503387,49.92675655399216,1.4719275289680809,60.261771406047046
Allstate Claims Severity,extratrees,shap,0.5,4,256,0.7210416237663502,3775297.592088783,1943.012504357289,8.33919919503387,129.8899067179882,1.325197551981546,139.93356601003325
Allstate Claims Severity,extratrees,shap,0.75,4,256,0.7135128533474938,3761340.852014998,1995.8268283501236,4.353315484804112,191.59092228596268,1.3826582548542754,197.32689602562107
Allstate Claims Severity,extratrees,shap,1.0,4,256,0.7098743471830282,3726259.534697247,1930.352178929339,0.0,261.24433988297824,1.6902466359897517,263.3217945040087
Allstate Claims Severity,extratrees,shap,0.25,5,256,0.7034558762514348,4764042.967490261,2182.6687718227568,8.515480004018173,44.48023040400585,1.4598933930392377,55.02861563605256
Allstate Claims Severity,extratrees,shap,0.5,5,256,0.6651104518772943,4095519.2866243706,2023.7389373692367,8.515480004018173,122.11385099799372,1.6834858029615134,132.8960142019787
Allstate Claims Severity,extratrees,shap,0.75,5,256,0.6475429360268994,4011497.624007113,1956.4415959190335,4.026989813865763,192.97274769963633,1.2656880821439975,198.2654255956461
Allstate Claims Severity,extratrees,shap,1.0,5,256,0.6361906163801759,3791961.0666383216,1947.2958343914568,0.0,257.73500223702285,0.8855799739831127,258.9842112099868
Allstate Claims Severity,extratrees,tree,0.25,1,42,0.6798111386323499,3995715.2506760894,1998.928525654704,1.1464756110217422,45.85444570501568,1.5397093379870057,49.06055475003086
Allstate Claims Severity,extratrees,tree,0.5,1,42,0.6433776436859647,3846125.282248567,1961.1540689727992,1.1464756110217422,133.68505596200703,1.67699749203166,136.89264494302915
Allstate Claims Severity,extratrees,tree,0.75,1,42,0.6500069442396137,3868895.868392341,1961.700197732441,0.5751997224136915,197.89246653101276,1.5372541650950378,200.0049204185215
Allstate Claims Severity,extratrees,tree,1.0,1,42,0.6317464712542531,3814725.475275242,1953.132221657111,0.0,263.12734722398454,1.3603763440041805,264.8627752009779
Allstate Claims Severity,extratrees,tree,0.25,2,42,0.7532989360727462,4305880.875309643,2075.0616557851104,1.2499387789866887,55.60302214400144,1.16935675899731,58.52269161399454
Allstate Claims Severity,extratrees,tree,0.5,2,42,0.7268429170427256,4195173.493661152,2048.21226772548,1.2499387789866887,132.4710378110176,1.88600849499926,136.0952375929919
Allstate Claims Severity,extratrees,tree,0.75,2,42,0.7091069423072003,4252199.414379949,2003.5819275895265,0.6555005938097483,196.20627078429354,1.3879224203124247,198.24969379841573
Allstate Claims Severity,extratrees,tree,1.0,2,42,0.7218088533070783,4129812.529167324,2032.1940185836893,0.0,254.99637159204576,0.8808211930445395,256.2474667589995
Allstate Claims Severity,extratrees,tree,0.25,3,42,0.6880399334269923,4071132.552921624,2017.7047734794164,1.2411381709971463,54.90430237696273,1.5259775579907,58.14064384403173
Allstate Claims Severity,extratrees,tree,0.5,3,42,0.662186571614352,3937076.5803029807,1984.2067886949133,1.2411381709971463,132.3663023940171,1.6316261300235055,135.8373678039643
Allstate Claims Severity,extratrees,tree,0.75,3,42,0.6373812611503029,3986911.126073739,1988.8482647986532,0.6626502153301806,198.01116361711308,1.8160222125288614,200.48983604497212
Allstate Claims Severity,extratrees,tree,1.0,3,42,0.6463493585961526,3903072.7877689935,1975.6195959164288,0.0,262.1774807330221,1.9662773809977807,264.5748920360347
Allstate Claims Severity,extratrees,tree,0.25,4,42,0.6992460204394036,4205155.73605871,2050.6476382008464,1.20630161795998,59.96190500399098,1.5670224649948068,63.27623109892011
Allstate Claims Severity,extratrees,tree,0.5,4,42,0.6538044651812135,4050149.444388698,2012.498309164184,1.20630161795998,132.420622139005,1.810971433995292,135.9805671989452
Allstate Claims Severity,extratrees,tree,0.75,4,42,0.6237829176219476,3790020.754776393,2053.5360273429287,0.6064898453921963,192.12090920458692,1.4233309625147703,194.15073001249388
Allstate Claims Severity,extratrees,tree,1.0,4,42,0.6375725666049408,4021674.645702218,2005.4113407733128,0.0,247.1506243349868,0.904016441956628,248.41869377001424
Allstate Claims Severity,extratrees,tree,0.25,5,42,0.6672314775481912,4095463.383759874,2023.725125544444,0.7573469550115988,56.92608843703056,1.5679518139804711,59.79983745398931
Allstate Claims Severity,extratrees,tree,0.5,5,42,0.6482123077259171,4023332.455952442,2005.8246324024549,0.7573469550115988,131.3636531439843,1.0950303709832951,133.57780484500108
Allstate Claims Severity,extratrees,tree,0.75,5,42,0.6666240427963185,3842232.977954393,2044.0306597022945,0.36794887706588547,194.8566866449341,1.150845944498776,196.37548146649874
Allstate Claims Severity,extratrees,tree,1.0,5,42,0.6330759745181875,3976469.947160396,1994.108810260964,0.0,260.1788619820145,1.1472386459936388,261.70561756799
Allstate Claims Severity,extratrees,tree,0.25,1,123,0.705741751803328,4159668.416272464,2039.526517668369,0.7771949080051854,56.41454258898739,1.4285787920234725,59.155764491006266
Allstate Claims Severity,extratrees,tree,0.5,1,123,0.6713417655473976,3893030.287633291,1973.0763511920395,0.7771949080051854,131.5355751850293,1.718093339994084,134.4833833540324
Allstate Claims Severity,extratrees,tree,0.75,1,123,0.6586846035728378,3650197.873433824,1972.3127214456913,0.37964811038225005,187.86186253024547,1.7927883773708928,190.03429901799862
Allstate Claims Severity,extratrees,tree,1.0,1,123,0.6565771193061466,3862878.852624732,1965.4207825869585,0.0,260.37713007599814,1.785428998991847,262.54222645499976
Allstate Claims Severity,extratrees,tree,0.25,2,123,0.7685095525916201,4540535.225025722,2130.85316834026,1.6735358830192126,56.903271474991925,1.376394117018208,60.50961172900861
Allstate Claims Severity,extratrees,tree,0.5,2,123,0.6954737234532751,4085934.158204527,2021.3693769829715,1.6735358830192126,130.64375279500382,1.5145965779665858,134.46436452202033
Allstate Claims Severity,extratrees,tree,0.75,2,123,0.6819214047467004,4183440.6896694712,2038.4612794333234,0.8216057373764053,197.8286896202359,1.685887745995645,200.33618310360796
Allstate Claims Severity,extratrees,tree,1.0,2,123,0.6893023410760345,4059835.841740396,2014.903432361064,0.0,258.23962067998946,1.9642130639986133,260.7393929400132
Allstate Claims Severity,extratrees,tree,0.25,3,123,0.6687161597188186,3972918.764366497,1993.218192864619,0.7583209539880045,53.83427667297656,1.4315157260280102,56.61833289498463
Allstate Claims Severity,extratrees,tree,0.5,3,123,0.6363860794214263,3773453.989880203,1942.5380279109604,0.7583209539880045,131.43895238603,1.6524088149890304,134.43373078102013
Allstate Claims Severity,extratrees,tree,0.75,3,123,0.6533603886330089,3843710.681014075,1961.1077244073176,0.3717643242784152,197.20053293969488,1.153890077381039,198.72618734135435
Allstate Claims Severity,extratrees,tree,1.0,3,123,0.6258708407028535,3734609.285449241,1932.513721930388,0.0,261.32487742899684,0.7757404890144244,262.4646941460087
Allstate Claims Severity,extratrees,tree,0.25,4,123,0.6971222676821702,4703512.4247036055,2168.758267927434,0.825759797997307,55.22298475401476,1.5251686329720542,58.237324260000605
Allstate Claims Severity,extratrees,tree,0.5,4,123,0.6765386980381636,4538438.2262505,2130.3610553731264,0.825759797997307,133.68468730099266,1.157380627002567,136.06162079097703
Allstate Claims Severity,extratrees,tree,0.75,4,123,0.6746043172241425,4263238.872233551,2115.1352902675803,0.42977441471390543,194.5645914694476,1.0660881927039343,196.06045407686545
Allstate Claims Severity,extratrees,tree,1.0,4,123,0.6679953130592575,4521916.061222567,2126.479734496091,0.0,260.47488803596934,0.994346690014936,261.83176126901526
Allstate Claims Severity,extratrees,tree,0.25,5,123,0.667175330105201,4009793.129426167,2002.4467856665167,1.2776924700010568,54.98736716504209,1.6135434339521453,58.500205380958505
Allstate Claims Severity,extratrees,tree,0.5,5,123,0.6523939255183375,3824608.061954215,1955.6605180741915,1.2776924700010568,130.2091515570064,1.824883872992359,133.76288057898637
Allstate Claims Severity,extratrees,tree,0.75,5,123,0.6345904144768697,3847167.7379324595,1964.2098263205435,0.676898027602852,196.88590898270795,1.5919139339110864,199.15472094422188
Allstate Claims Severity,extratrees,tree,1.0,5,123,0.6358439701996024,3797625.804174249,1948.7498054327675,0.0,248.05398537102155,1.189047388965264,249.6152766160085
Allstate Claims Severity,extratrees,tree,0.25,1,256,0.6991613595501068,4657034.821956269,2158.016409102644,1.6512827170081437,57.03124992304947,1.113442511006724,60.219866055995226
Allstate Claims Severity,extratrees,tree,0.5,1,256,0.6522073283225938,4459416.392770832,2111.7330306577182,1.6512827170081437,129.0712670099456,1.92280177702196,133.1372869280167
Allstate Claims Severity,extratrees,tree,0.75,1,256,0.6396068356027479,4210623.021436443,2104.748459403461,0.7977856335905014,183.57898628576592,1.4737144679720227,185.85048638732846
Allstate Claims Severity,extratrees,tree,1.0,1,256,0.6368092087446691,4427101.37130174,2104.06781528109,0.0,257.8369855429628,0.9972788529703394,259.20564462797483
Allstate Claims Severity,extratrees,tree,0.25,2,256,0.6738414889412507,4049398.516791532,2012.311734496306,1.1846698709996415,55.66742659301963,1.4258919570129365,58.7628493749653
Allstate Claims Severity,extratrees,tree,0.5,2,256,0.6405575138922499,3869363.079132773,1967.0696680933224,1.1846698709996415,133.3314772179583,0.9580578759778292,136.00013972696615
Allstate Claims Severity,extratrees,tree,0.75,2,256,0.6173326811455329,3839874.1353291026,1965.160274010491,0.6050081366968584,197.79565967603537,0.9131772460564712,199.3138450587887
Allstate Claims Severity,extratrees,tree,1.0,2,256,0.6265396008247867,3832466.289997432,1957.6685853324184,0.0,261.48938687198097,0.8027566279633902,262.7497731340118
Allstate Claims Severity,extratrees,tree,0.25,3,256,0.7253774304616357,4358749.407777833,2087.761817779469,1.502799536974635,56.24425300600706,1.4629128550295718,59.8742264759494
Allstate Claims Severity,extratrees,tree,0.5,3,256,0.6739835379436965,4084464.394430386,2021.005787827038,1.502799536974635,129.91403524100315,1.7468724389909769,133.68196128500858
Allstate Claims Severity,extratrees,tree,0.75,3,256,0.6549708289053447,4127661.1338348566,1940.6095182117306,0.7548897189454288,192.58185900622485,1.3466607162461202,194.68340944141642
Allstate Claims Severity,extratrees,tree,1.0,3,256,0.6584421476130604,4013674.612200348,2003.4157362365777,0.0,255.0437193720136,0.9153727030497976,256.3237691220129
Allstate Claims Severity,extratrees,tree,0.25,4,256,0.7651078487549855,3985981.167536825,1996.492215746614,1.6057163539808244,59.11253671499435,1.4085152400075458,62.65790958702564
Allstate Claims Severity,extratrees,tree,0.5,4,256,0.7235481531376946,3754817.174946401,1937.7350631462496,1.6057163539808244,132.84857678203844,1.3381717650336211,136.21420456201304
Allstate Claims Severity,extratrees,tree,0.75,4,256,0.7080883901178348,3905257.6988607747,1982.1356361945636,0.7302074433381563,208.39095173953712,1.4812901050771232,210.6024492879524
Allstate Claims Severity,extratrees,tree,1.0,4,256,0.7098743471830282,3726259.534697247,1930.352178929339,0.0,261.40989018802065,1.6948425419977866,263.4995604139985
Allstate Claims Severity,extratrees,tree,0.25,5,256,0.7176810901985419,4295045.908898956,2072.4492536366133,1.5781123639899306,52.82440730597591,1.4738596720271744,56.40408177895006
Allstate Claims Severity,extratrees,tree,0.5,5,256,0.6524653865108142,3878806.3048502025,1969.4685336024545,1.5781123639899306,129.24484149098862,1.68511281296378,132.9603412989527
Allstate Claims Severity,extratrees,tree,0.75,5,256,0.6482438425708844,3882411.819737013,1936.1117018572108,0.758800539971668,188.04082006953212,1.639636343318423,190.4392569528222
Allstate Claims Severity,extratrees,tree,1.0,5,256,0.6361906163801759,3791961.0666383207,1947.295834391457,0.0,262.3580163649749,1.616573384962976,264.41340568999294
Allstate Claims Severity,ridge,mi,0.25,1,42,0.7119880660181475,4565983.8611699445,2136.816290926748,1.8522809409769248,0.102278058999218,0.006501986994408,1.9610961529542688
Allstate Claims Severity,ridge,mi,0.5,1,42,0.6829286775176251,4315820.030866632,2077.455181433918,1.8522809409769248,0.1467010930064134,0.003979155968409,2.0029833510052413
Allstate Claims Severity,ridge,mi,0.75,1,42,0.6792888712832629,4264921.740448831,2088.1745653642993,0.8633390721371694,0.2137666487549282,0.022571800169314312,1.0996775210614118
Allstate Claims Severity,ridge,mi,1.0,1,42,0.6714126206860659,4208853.139221973,2051.548960961442,0.0,0.2597078310209326,0.0407523210160434,0.3004912909818813
Allstate Claims Severity,ridge,mi,0.25,2,42,0.8679560197754005,4793764.114299166,2189.46662781125,0.9649023149977438,0.0326869100099429,0.0048765789833851,1.0024852909846231
Allstate Claims Severity,ridge,mi,0.5,2,42,0.7971722081749347,4388259.3776596375,2094.81726593506,0.9649023149977438,0.0695705240359529,0.0081719279987737,1.0426669900189154
Allstate Claims Severity,ridge,mi,0.75,2,42,0.7650175212890306,4193706.92582422,2125.9503520955723,0.5062189942849009,0.132197471759763,0.006994127856208199,0.6454105939008722
Allstate Claims Severity,ridge,mi,1.0,2,42,0.7791486459551833,4305750.350208949,2075.03020464979,0.0,0.2067615160485729,0.005886648024898,0.2126711079617962
Allstate Claims Severity,ridge,mi,0.25,3,42,0.7194866804768036,4717161.546605053,2171.902747962038,0.937667713034898,0.0301450950209982,0.0010389340459369,0.9688716900418513
Allstate Claims Severity,ridge,mi,0.5,3,42,0.6963782916357256,4493607.770862613,2119.8131452707366,0.937667713034898,0.0734079719986766,0.0022220319951884,1.0133269020006992
Allstate Claims Severity,ridge,mi,0.75,3,42,0.6954005262726078,4526507.296701975,2114.83500889591,0.48572490514066796,0.16678902553407404,0.004468844543444451,0.6569827752181865
Allstate Claims Severity,ridge,mi,1.0,3,42,0.6898581522444984,4417765.401335096,2101.848091878929,0.0,0.2510077899787575,0.0069223879836499,0.2579502749722451
Allstate Claims Severity,ridge,mi,0.25,4,42,0.7527870689700259,5031787.634645187,2243.164647243975,0.9247306979959832,0.0321030879858881,0.0029733999981544,0.9598291169968434
Allstate Claims Severity,ridge,mi,0.5,4,42,0.6875915483969651,4611087.996832242,2147.3444057328675,0.9247306979959832,0.1255186639609746,0.0057666100328788,1.0560387339792214
Allstate Claims Severity,ridge,mi,0.75,4,42,0.690062896641793,4555782.592557421,2099.8235361948286,0.4843916748275594,0.17560160716964235,0.006221012322399348,0.6662142943196011
Allstate Claims Severity,ridge,mi,1.0,4,42,0.6764505675820169,4502217.528610004,2121.8429556897004,0.0,0.2329667919548228,0.0071354159736074,0.2401220469619147
Allstate Claims Severity,ridge,mi,0.25,5,42,0.6969470159090299,4860135.38838076,2204.571474999339,0.9406073670252226,0.0296231420361436,0.0009948109509423,0.97124582802644
Allstate Claims Severity,ridge,mi,0.5,5,42,0.6903766816399419,4523760.076138572,2126.91327424006,0.9406073670252226,0.0900186990038491,0.0042594330152496,1.0349132500123233
Allstate Claims Severity,ridge,mi,0.75,5,42,0.6966040369325436,4436013.281240646,2064.0991417092287,0.450615017119999,0.15057398760376467,0.0051757804773180545,0.6063647852010817
Allstate Claims Severity,ridge,mi,1.0,5,42,0.6797732195145492,4423481.7821100345,2103.2074985863937,0.0,0.1959919990040362,0.0063900999957695,0.2024016459472477
Allstate Claims Severity,ridge,mi,0.25,1,123,0.7539652622000533,4750218.091740967,2179.499504872843,0.9322127510095016,0.033735736971721,0.0063086920417845,0.9722782200551592
Allstate Claims Severity,ridge,mi,0.5,1,123,0.707856601199132,4393671.485296394,2096.1086530274124,0.9322127510095016,0.0681669900077395,0.0038953730254434,1.0042962449952029
Allstate Claims Severity,ridge,mi,0.75,1,123,0.7184428750395758,4403351.806526294,2051.01929766661,0.4585119811354389,0.12202891571587902,0.004643045334697025,0.585183942186015
Allstate Claims Severity,ridge,mi,1.0,1,123,0.6982851619441222,4322752.413539899,2079.122991441319,0.0,0.2026919070049189,0.0053315220284275,0.2080531360115856
Allstate Claims Severity,ridge,mi,0.25,2,123,0.8646142604321203,4677903.224474663,2162.8460935708445,0.9640566569869408,0.032511262979824,0.0036014009965583,1.0001889289706014
Allstate Claims Severity,ridge,mi,0.5,2,123,0.768557077956699,4253931.689577411,2062.506167161061,0.9640566569869408,0.0630103209987282,0.0019660990219563,1.029052903992124
Allstate Claims Severity,ridge,mi,0.75,2,123,0.768502367176116,4263988.177107849,1992.5080807881288,0.46752712394105994,0.10810154706570718,0.003370226212758886,0.5789988972195259
Allstate Claims Severity,ridge,mi,1.0,2,123,0.7540321433614908,4191534.178794396,2047.323662441871,0.0,0.1629242419730872,0.0045749029959551,0.1675170490052551
Allstate Claims Severity,ridge,mi,0.25,3,123,0.7440659611922397,4593807.798004141,2143.3170082850884,0.9516559009789488,0.0385696410085074,0.0019496209570206,0.9921948699629866
Allstate Claims Severity,ridge,mi,0.5,3,123,0.6867562216353477,4283178.48165888,2069.5841325394044,0.9516559009789488,0.0732168249669484,0.0048081320128403,1.029706878005527
Allstate Claims Severity,ridge,mi,0.75,3,123,0.6733663977524182,4153888.3288706746,2039.091676595904,0.48038949018664456,0.13471544542903727,0.0047601869825224016,0.6198651225982043
Allstate Claims Severity,ridge,mi,1.0,3,123,0.6759614675091022,4110635.475924752,2027.4702157922693,0.0,0.1874656220315955,0.0051006369758397,0.192584203032311
Allstate Claims Severity,ridge,mi,0.25,4,123,0.7607436714568367,5440670.077657232,2332.524400227623,0.9616789990104736,0.034042171027977,0.0019348909845575,0.9976757380063646
Allstate Claims Severity,ridge,mi,0.5,4,123,0.714669393889683,5172985.786301584,2274.419879068415,0.9616789990104736,0.0733506570104509,0.0055599100305698,1.040628569026012
Allstate Claims Severity,ridge,mi,0.75,4,123,0.6949584884960056,5019034.329939911,2253.4320132196754,0.47006981439392825,0.12196729906942437,0.005164988333569122,0.5972021017969218
Allstate Claims Severity,ridge,mi,1.0,4,123,0.6933117700559566,5029943.129166495,2242.7534704390705,0.0,0.1732798919547349,0.0045452400227077,0.1778430659906007
Allstate Claims Severity,ridge,mi,0.25,5,123,0.7104996335277727,4769999.457748642,2184.032842644232,0.9386328750406392,0.0357068630401045,0.0024635649751871,0.9768279390409588
Allstate Claims Severity,ridge,mi,0.5,5,123,0.6800364940866503,4436733.364416237,2106.355469624308,0.9386328750406392,0.07679028599523,0.0026490550371818,1.0180941470316611
Allstate Claims Severity,ridge,mi,0.75,5,123,0.6597432324974112,4285265.317573893,2152.2511788775187,0.4715794990149522,0.12101353582036571,0.0034535850280171814,0.5960466198633351
Allstate Claims Severity,ridge,mi,1.0,5,123,0.6736660705541786,4209452.129650394,2051.694940689379,0.0,0.1631304119946435,0.0046010210062377,0.1677463300293311
Allstate Claims Severity,ridge,mi,0.25,1,256,0.7624175525827039,5410983.6898572575,2326.152120962268,0.9205709460075012,0.039498925965745,0.0042392120230942,0.9643295540008694
Allstate Claims Severity,ridge,mi,0.5,1,256,0.6923778894694474,5010888.196632023,2238.5013282622867,0.9205709460075012,0.0810742329922504,0.0025290060439147,1.0041972980252467
Allstate Claims Severity,ridge,mi,0.75,1,256,0.684943388175074,5150521.863461876,2150.9674967319247,0.458476890484448,0.14198760630038387,0.004652583834266247,0.6051170806190981
Allstate Claims Severity,ridge,mi,1.0,1,256,0.6794103516405758,4928458.38118872,2220.013148877438,0.0,0.2055268840049393,0.0071426760405302,0.2126906909979879
Allstate Claims Severity,ridge,mi,0.25,2,256,0.6860673893346015,4684580.936584926,2164.3892756583614,0.9448248450062238,0.0347444670042023,0.001021069008857,0.9806093270308338
Allstate Claims Severity,ridge,mi,0.5,2,256,0.6757950409329027,4272343.269813583,2066.964748081976,0.9448248450062238,0.0798791859997436,0.002302540000528,1.0270276310038753
Allstate Claims Severity,ridge,mi,0.75,2,256,0.7062663093279923,4204902.53121444,1964.005815844608,0.4917473871313748,0.1269306489905713,0.003602784634909114,0.6222808207568552
Allstate Claims Severity,ridge,mi,1.0,2,256,0.6670364128050565,4150062.804148892,2037.170293360104,0.0,0.1626545540057122,0.0045969660277478,0.167270665988326
Allstate Claims Severity,ridge,mi,0.25,3,256,0.7380993558413573,4948744.332976631,2224.577338052474,0.9517788689699956,0.0321877690148539,0.0010424509528093,0.9850283149862662
Allstate Claims Severity,ridge,mi,0.5,3,256,0.7114411615895052,4573684.903584942,2138.61752157438,0.9517788689699956,0.0628801780403591,0.0020013559842482,1.016680730972439
Allstate Claims Severity,ridge,mi,0.75,3,256,0.7135373070007337,4485716.63378898,2002.4252037096012,0.46640235366865823,0.11816702970721406,0.0045091854993362605,0.5890785688752085
Allstate Claims Severity,ridge,mi,1.0,3,256,0.6898908147889858,4451087.782852077,2109.7601244814723,0.0,0.1754046219866722,0.0068710959749296,0.1822943739825859
Allstate Claims Severity,ridge,mi,0.25,4,256,0.8349253377088158,4401579.9358964935,2097.994264981793,0.9143965149996802,0.0318876689998433,0.0026749960379675,0.94897970801685
Allstate Claims Severity,ridge,mi,0.5,4,256,0.7956996790033681,4161125.881002281,2039.883791053373,0.9143965149996802,0.0741786889848299,0.0024339189985767,0.9910309150000104
Allstate Claims Severity,ridge,mi,0.75,4,256,0.8045940639097195,4194601.884846373,2019.3057451816735,0.44194481122467805,0.14017163561923077,0.007994693078402202,0.590111139922311
Allstate Claims Severity,ridge,mi,1.0,4,256,0.7882560109191895,4096081.674712295,2023.877880385152,0.0,0.2081275189993903,0.0136261450243182,0.2217926979647018
Allstate Claims Severity,ridge,mi,0.25,5,256,0.748577034268847,4570685.104694947,2137.916065867635,0.9510839680442588,0.0309404770378023,0.0086749049951322,0.9907200500019826
Allstate Claims Severity,ridge,mi,0.5,5,256,0.6837466341501557,4302883.855354248,2074.339378056119,0.9510839680442588,0.0685484019923023,0.0099730319925583,1.0296277040615678
Allstate Claims Severity,ridge,mi,0.75,5,256,0.6577952973311055,4269543.653341217,2047.4337564187874,0.4848069896757268,0.1312511207484225,0.009270577791441949,0.6253286882155912
Allstate Claims Severity,ridge,mi,1.0,5,256,0.6724995122795591,4236810.808268906,2058.351478311929,0.0,0.2029328839853406,0.0080003190087154,0.2109514170442707
Allstate Claims Severity,ridge,rfe,0.25,1,42,0.68562233782408,4328151.730379768,2080.421046418193,0.8622273619985208,0.079680582974106,0.0024320500087924,0.944363237998914
Allstate Claims Severity,ridge,rfe,0.5,1,42,0.6762015999582114,4264666.066133526,2065.1067929125425,0.8622273619985208,0.0854037270182743,0.0034590719733387,0.951119887002278
Allstate Claims Severity,ridge,rfe,0.75,1,42,0.6921006202070442,4040143.627038097,2068.419345002135,0.42509482534058723,0.15240460624616564,0.0066302921397394625,0.5841297237264923
Allstate Claims Severity,ridge,rfe,1.0,1,42,0.6714126206860659,4208853.139221973,2051.548960961442,0.0,0.2067611190141178,0.0097122779698111,0.216489897982683
Allstate Claims Severity,ridge,rfe,0.25,2,42,0.7838249016731508,4449475.4149868125,2109.377968735526,0.2585035579977557,0.0341150199528783,0.0011220710002817,0.293766338028945
Allstate Claims Severity,ridge,rfe,0.5,2,42,0.7844254129746174,4352370.4749431545,2086.2335619347978,0.2585035579977557,0.0779359579901211,0.0038568610325455,0.3403264139778912
Allstate Claims Severity,ridge,rfe,0.75,2,42,0.7899662898341385,4274678.605697873,2036.4739873938177,0.11572369894454192,0.13338124683931454,0.004502688464107302,0.25360763424796373
Allstate Claims Severity,ridge,rfe,1.0,2,42,0.7791486459551833,4305750.350208949,2075.03020464979,0.0,0.1770462739514187,0.0053014819859527,0.182365610031411
Allstate Claims Severity,ridge,rfe,0.25,3,42,0.7113507535374826,4580109.833905756,2140.119116756297,0.3719360979739576,0.0291141369962133,0.0017704269848763,0.4028435049694963
Allstate Claims Severity,ridge,rfe,0.5,3,42,0.7007256415633115,4495076.208505773,2120.159477139815,0.3719360979739576,0.0898754869704134,0.0033127240021713,0.4651586529798805
Allstate Claims Severity,ridge,rfe,0.75,3,42,0.7066365744487787,4641506.464647878,2164.770219897436,0.17747746078729357,0.19885388095633066,0.008116047812060486,0.38444738955568475
Allstate Claims Severity,ridge,rfe,1.0,3,42,0.6898581522444984,4417765.401335096,2101.848091878929,0.0,0.3162848980282433,0.0135661090025678,0.3298755540163256
Allstate Claims Severity,ridge,rfe,0.25,4,42,0.700502854390796,4670333.138827126,2161.095356255046,0.3001726180082187,0.0369765990180894,0.0028455380233936,0.3400164270424284
Allstate Claims Severity,ridge,rfe,0.5,4,42,0.6816792426338466,4554025.95256204,2134.0163899469094,0.3001726180082187,0.0760122609790414,0.0040970540139824,0.3803050570422783
Allstate Claims Severity,ridge,rfe,0.75,4,42,0.7002389857214861,4657137.222506802,2124.854451714855,0.15416095467876695,0.1567700298858275,0.005273023613906118,0.3162040081785006
Allstate Claims Severity,ridge,rfe,1.0,4,42,0.6764505675820169,4502217.528610004,2121.8429556897004,0.0,0.2426045790198259,0.0062040359480306,0.2488547620014287
Allstate Claims Severity,ridge,rfe,0.25,5,42,0.6955986360141282,4566082.246762648,2136.8393123402257,0.2649309360422194,0.0308780249906703,0.001751591975335,0.29758098104503
Allstate Claims Severity,ridge,rfe,0.5,5,42,0.6839383005106895,4474578.549967551,2115.319963969411,0.2649309360422194,0.0952112739905715,0.0044596609659492,0.3646485200733877
Allstate Claims Severity,ridge,rfe,0.75,5,42,0.666947662605502,4371788.539682102,2107.154249835788,0.14018965205580342,0.15358067387588556,0.00504530835291641,0.29881563428460534
Allstate Claims Severity,ridge,rfe,1.0,5,42,0.6797732195145492,4423481.7821100345,2103.2074985863937,0.0,0.217952644044999,0.0061246080440469,0.2241110780159942
Allstate Claims Severity,ridge,rfe,0.25,1,123,0.7438290354877138,4579697.488110758,2140.0227774747536,0.3097370879841037,0.0366501230164431,0.0020196730038151,0.3484279540134594
Allstate Claims Severity,ridge,rfe,0.5,1,123,0.7112853373089572,4385621.160111665,2094.1874701448446,0.3097370879841037,0.0775247130077332,0.0066247700015082,0.3939148539793677
Allstate Claims Severity,ridge,rfe,0.75,1,123,0.7182220076070454,4344223.93411517,2099.7673210633425,0.17138393248924855,0.12735552986099694,0.005309364706708525,0.304048827056954
Allstate Claims Severity,ridge,rfe,1.0,1,123,0.6982851619441222,4322752.413539899,2079.122991441319,0.0,0.1622505470295436,0.0045633570407517,0.1668317380244843
Allstate Claims Severity,ridge,rfe,0.25,2,123,0.7755319641535023,4331839.099142538,2081.3070650777454,0.2555261320085265,0.0356715400121174,0.0041877100011333,0.2954040089971386
Allstate Claims Severity,ridge,rfe,0.5,2,123,0.7535326873142578,4255834.306898927,2062.967354782651,0.2555261320085265,0.0861471029929816,0.0035114110214635,0.3452067379839718
Allstate Claims Severity,ridge,rfe,0.75,2,123,0.7408259338512085,4266465.161737734,2051.614955673689,0.1276566508988984,0.14548791792862967,0.005321961966275157,0.27846653079380324
Allstate Claims Severity,ridge,rfe,1.0,2,123,0.7540321433614908,4191534.178794396,2047.323662441871,0.0,0.1992030309629626,0.007290069013834,0.2065124160144478
Allstate Claims Severity,ridge,rfe,0.25,3,123,0.6974867382946481,4263359.956389257,2064.7905357176687,0.2609612449887208,0.0480817089555785,0.0009950940147973,0.3100589870009571
Allstate Claims Severity,ridge,rfe,0.5,3,123,0.6864239080323056,4173477.5405875673,2042.909087695184,0.2609612449887208,0.0663225030293688,0.0039227770175784,0.3312319219694473
Allstate Claims Severity,ridge,rfe,0.75,3,123,0.7062149012152417,4081885.5963279386,2033.6613247722469,0.12737562275214034,0.17099728614541768,0.0065660232698903,0.30493893216744833
Allstate Claims Severity,ridge,rfe,1.0,3,123,0.6759614675091022,4110635.475924752,2027.4702157922693,0.0,0.2739622779772617,0.0096358029986731,0.2836373050231486
Allstate Claims Severity,ridge,rfe,0.25,4,123,0.7174106855888468,5210131.631416214,2282.571276305784,0.4598115269909613,0.0288189079728908,0.0009640950011089,0.4896142759826034
Allstate Claims Severity,ridge,rfe,0.5,4,123,0.6983438364775463,5110869.706028614,2260.7232705549377,0.4598115269909613,0.0607412990066222,0.0019983910024166,0.5225728270015679
Allstate Claims Severity,ridge,rfe,0.75,4,123,0.6918295497356585,4716735.864465718,2250.3176009190124,0.2306093809042989,0.10917983980965425,0.003314613061760724,0.34310383377571385
Allstate Claims Severity,ridge,rfe,1.0,4,123,0.6933117700559566,5029943.129166495,2242.7534704390705,0.0,0.1655975060421042,0.0045378559734672,0.1701533960294909
Allstate Claims Severity,ridge,rfe,0.25,5,123,0.7072928417976047,4389870.116811873,2095.201688814677,0.4892156499554403,0.0286808310193009,0.0010499879717826,0.5189672579872422
Allstate Claims Severity,ridge,rfe,0.5,5,123,0.6832167496815926,4251354.663646059,2061.881340825912,0.4892156499554403,0.0639574590022675,0.002046384033747,0.5552406629431061
Allstate Claims Severity,ridge,rfe,0.75,5,123,0.6357748604578422,4145441.3403720814,2002.7583237966123,0.2468775028382913,0.13006109459342133,0.011508045891277116,0.3884466433229898
Allstate Claims Severity,ridge,rfe,1.0,5,123,0.6736660705541786,4209452.129650394,2051.694940689379,0.0,0.1943867369554937,0.0221202399698086,0.2165261229965835
Allstate Claims Severity,ridge,rfe,0.25,1,256,0.7029565806566324,5134065.578216175,2265.8476511487206,0.3376591080450453,0.0385595689876936,0.0015890669892542,0.3778301870333962
Allstate Claims Severity,ridge,rfe,0.5,1,256,0.6846966465035327,4982444.26908329,2232.138944842657,0.3376591080450453,0.111549503984861,0.0032570430194027,0.4524964740267023
Allstate Claims Severity,ridge,rfe,0.75,1,256,0.6872540710640449,4991322.228644422,2178.2695082246582,0.1623464447201252,0.15661978811583024,0.010145190701367818,0.32911142353732326
Allstate Claims Severity,ridge,rfe,1.0,1,256,0.6794103516405758,4928458.38118872,2220.013148877438,0.0,0.1999617630499415,0.0164676330168731,0.21644833200844
Allstate Claims Severity,ridge,rfe,0.25,2,256,0.6904692788974831,4340111.846161747,2083.2935093648584,0.5137558269780129,0.0332795489812269,0.0009536819998174,0.5480084349401295
Allstate Claims Severity,ridge,rfe,0.5,2,256,0.6746250771522365,4216444.473141224,2053.398274359172,0.5137558269780129,0.0703957290388643,0.0020353550207801,0.5862069689901546
Allstate Claims Severity,ridge,rfe,0.75,2,256,0.6566401188114339,4165365.280698323,2047.9671238535946,0.24289818263621807,0.11615956525163477,0.003237464015410664,0.36229521190326347
Allstate Claims Severity,ridge,rfe,1.0,2,256,0.6670364128050565,4150062.804148892,2037.170293360104,0.0,0.1698898160248063,0.004649624985177,0.1745589580386877
Allstate Claims Severity,ridge,rfe,0.25,3,256,0.7464135479350057,4798895.610525882,2190.638174260159,0.3025354509591125,0.0349292840110138,0.0045477719977498,0.3420551069430075
Allstate Claims Severity,ridge,rfe,0.5,3,256,0.7044037487061034,4555252.426750304,2134.3037334808523,0.3025354509591125,0.0716799819492735,0.0038556029903702,0.3780933480011299
Allstate Claims Severity,ridge,rfe,0.75,3,256,0.688497429372779,4379948.295240653,2021.65337400853,0.1531923506014397,0.12363932528733317,0.007144089623607848,0.28397576551238074
Allstate Claims Severity,ridge,rfe,1.0,3,256,0.6898908147889858,4451087.782852077,2109.7601244814723,0.0,0.1702424089889973,0.0100285569787956,0.180290132004302
Allstate Claims Severity,ridge,rfe,0.25,4,256,0.8253796981175617,4302846.436135202,2074.330358485649,0.268062432995066,0.0293281609774567,0.0010520420037209,0.2984619939816184
Allstate Claims Severity,ridge,rfe,0.5,4,256,0.7967406115454505,4147245.740725226,2036.478760194966,0.268062432995066,0.0652240710332989,0.0024367549922317,0.3357462310232222
Allstate Claims Severity,ridge,rfe,0.75,4,256,0.8113121130902528,3978712.023757063,2060.872992735823,0.1398440484930347,0.179615948923972,0.011958053895754283,0.331418051312761
Allstate Claims Severity,ridge,rfe,1.0,4,256,0.7882560109191895,4096081.674712295,2023.877880385152,0.0,0.3045506729977205,0.0218015479622408,0.3263883090112358
Allstate Claims Severity,ridge,rfe,0.25,5,256,0.7141313886154568,4489059.6071745865,2118.740099015117,0.2498290640069171,0.0416553830145858,0.0037734599900431,0.2952811819850467
Allstate Claims Severity,ridge,rfe,0.5,5,256,0.68084134348265,4289884.183399175,2071.2035591412,0.2498290640069171,0.0674486510106362,0.0035408000112511,0.320841349021066
Allstate Claims Severity,ridge,rfe,0.75,5,256,0.6815734094805552,4236285.027315649,2054.3219180881124,0.12166311071054059,0.13296487088230735,0.004151292449867667,0.2587792740427156
Allstate Claims Severity,ridge,rfe,1.0,5,256,0.6724995122795591,4236810.808268906,2058.351478311929,0.0,0.1910336369764991,0.004616284975782,0.1956677049747668
Allstate Claims Severity,ridge,shap,0.25,1,42,0.732527430428212,4992880.941437501,2234.47554057714,0.0125081349979154,0.0620621929992921,0.011159525020048,0.085751132981386
Allstate Claims Severity,ridge,shap,0.5,1,42,0.6945137479530349,4361524.865617304,2088.4264089541925,0.0125081349979154,0.0841625889879651,0.0053092410089448,0.1020000529824756
Allstate Claims Severity,ridge,shap,0.75,1,42,0.6855204143106194,4433147.0315566,2071.4254015550605,0.0062974345255746205,0.16074990846712547,0.03477166971643287,0.20181901270913297
Allstate Claims Severity,ridge,shap,1.0,1,42,0.6714126206860659,4208853.139221973,2051.548960961442,0.0,0.2322558339801617,0.0648028660216368,0.2970834469888359
Allstate Claims Severity,ridge,shap,0.25,2,42,0.9145437737383606,5294109.179894535,2300.893126569449,0.0316438889713026,0.0321774980402551,0.0018009149935096,0.0656451439717784
Allstate Claims Severity,ridge,shap,0.5,2,42,0.8074339298162896,4437501.380632713,2106.5377709959803,0.0316438889713026,0.0850507880095392,0.0047234289813786,0.1214453179854899
Allstate Claims Severity,ridge,shap,0.75,2,42,0.7974632057537767,4250102.255942097,2091.6825306744495,0.016671646641930223,0.14052607253506474,0.004879835768684187,0.16207755494567916
Allstate Claims Severity,ridge,shap,1.0,2,42,0.7791486459551833,4305750.350208949,2075.03020464979,0.0,0.1901111920014955,0.004746371996589,0.1948774219490587
Allstate Claims Severity,ridge,shap,0.25,3,42,0.8087841530872533,5385334.363338017,2320.6323197219367,0.018054685962852,0.0313804509933106,0.0016060370253399,0.0510604189475998
Allstate Claims Severity,ridge,shap,0.5,3,42,0.7124735582410496,4568363.009965793,2137.372922530318,0.018054685962852,0.0709182550199329,0.0107524899649433,0.0997535339556634
Allstate Claims Severity,ridge,shap,0.75,3,42,0.7245975995364156,4250845.642464336,2137.520804538234,0.00974960462075721,0.16812306591547302,0.00828155464410124,0.18615422518033148
Allstate Claims Severity,ridge,shap,1.0,3,42,0.6898581522444984,4417765.401335096,2101.848091878929,0.0,0.2478160749888047,0.0060829109861515,0.2539182530017569
Allstate Claims Severity,ridge,shap,0.25,4,42,0.745400585259847,5340999.650813043,2311.060287143769,0.0211912239901721,0.0310458199819549,0.0009136869921348,0.0531653689686208
Allstate Claims Severity,ridge,shap,0.5,4,42,0.7083970791042764,4748143.733606361,2179.023573439801,0.0211912239901721,0.0722633459954522,0.0033262370270676,0.0968065449851565
Allstate Claims Severity,ridge,shap,0.75,4,42,0.6869411199077208,4408243.855127463,2220.694702819275,0.010556948196639783,0.152340435679692,0.004038874781941701,0.16693625865827347
Allstate Claims Severity,ridge,shap,1.0,4,42,0.6764505675820169,4502217.528610004,2121.8429556897004,0.0,0.2247862209915183,0.004833435988985,0.229639243974816
Allstate Claims Severity,ridge,shap,0.25,5,42,0.7451203243562912,5016491.41513519,2239.7525343517727,0.005789995950181,0.0311723799677565,0.0014866609708406,0.0384705479373224
Allstate Claims Severity,ridge,shap,0.5,5,42,0.7119954051130396,4755765.597827735,2180.771789488239,0.005789995950181,0.0674268790171481,0.0020484629785642,0.0752909359289333
Allstate Claims Severity,ridge,shap,0.75,5,42,0.7015048188443763,4543489.768383305,2245.7050806616103,0.002854353369729091,0.16282243595762635,0.008992090152132705,0.17466887947948814
Allstate Claims Severity,ridge,shap,1.0,5,42,0.6797732195145492,4423481.7821100345,2103.2074985863937,0.0,0.2436308790347539,0.0155600059661082,0.2592190580326132
Allstate Claims Severity,ridge,shap,0.25,1,123,0.8878219833389112,6197459.477209375,2489.4697180743883,0.0052651159930974,0.041751129028853,0.0030244750087149,0.0500595049816183
Allstate Claims Severity,ridge,shap,0.5,1,123,0.7316650256072517,4553857.578201517,2133.9769394727577,0.0052651159930974,0.085360434022732,0.0024591549881733,0.0931069370126351
Allstate Claims Severity,ridge,shap,0.75,1,123,0.6977868991881087,4672972.660848845,2146.280180482252,0.0024615147629960597,0.13383659378098467,0.003526264771363114,0.13982437331534384
Allstate Claims Severity,ridge,shap,1.0,1,123,0.6982851619441222,4322752.413539899,2079.122991441319,0.0,0.1904480890370905,0.004826285992749,0.1952962459763512
Allstate Claims Severity,ridge,shap,0.25,2,123,0.9825384565444432,5552811.840578519,2356.4405022360565,0.0063448800356127,0.033691374992486,0.0036257570027373,0.0436828920501284
Allstate Claims Severity,ridge,shap,0.5,2,123,0.7905151122385153,4583360.255022969,2140.878383987042,0.0063448800356127,0.0756282569491304,0.0022026959923096,0.0842243340448476
Allstate Claims Severity,ridge,shap,0.75,2,123,0.7659762088176253,4507572.896383475,2154.8387284656214,0.0032618331299242784,0.1423678864581491,0.003721147115306155,0.14935086670337955
Allstate Claims Severity,ridge,shap,1.0,2,123,0.7540321433614908,4191534.178794396,2047.323662441871,0.0,0.2214986219769343,0.0051770919817499,0.2267011720105074
Allstate Claims Severity,ridge,shap,0.25,3,123,0.7851867202185651,5170385.023091298,2273.8480650851097,0.0173372629797086,0.0304430350079201,0.0054430140298791,0.0532447229488752
Allstate Claims Severity,ridge,shap,0.5,3,123,0.7103479317400356,4537367.243240584,2130.109678688068,0.0173372629797086,0.1157105540041811,0.0022388990037143,0.1353049399913288
Allstate Claims Severity,ridge,shap,0.75,3,123,0.7152155823257393,4465908.290446243,2127.9467517484027,0.008761426670496264,0.1569969308792723,0.006217687413492452,0.17197604496326102
Allstate Claims Severity,ridge,shap,1.0,3,123,0.6759614675091022,4110635.475924752,2027.4702157922693,0.0,0.1890476259868592,0.009864195017144,0.1989327400224283
Allstate Claims Severity,ridge,shap,0.25,4,123,0.776160019361078,5818234.984017167,2412.1017772924024,0.0058623719960451,0.0346122800256125,0.0041914699831977,0.0446883139666169
Allstate Claims Severity,ridge,shap,0.5,4,123,0.7188236661991659,5383741.27949369,2320.289050849848,0.0058623719960451,0.0624950760393403,0.0020709190284833,0.070450217986945
Allstate Claims Severity,ridge,shap,0.75,4,123,0.6730599905285821,5333131.67990909,2337.802045364646,0.0032064120133203766,0.12371005478007864,0.003388054208006328,0.13030452100140535
Allstate Claims Severity,ridge,shap,1.0,4,123,0.6933117700559566,5029943.129166495,2242.7534704390705,0.0,0.1856233970029279,0.0047996910288929,0.1904411220457404
Allstate Claims Severity,ridge,shap,0.25,5,123,0.749519010723849,4824727.650348076,2196.526268986573,0.0043073649867437,0.0295712660299614,0.0010488350526429,0.0349473749520257
Allstate Claims Severity,ridge,shap,0.5,5,123,0.7006100540539826,4576329.198170234,2139.2356574651226,0.0043073649867437,0.0666615379741415,0.0021368149900808,0.0731278409948572
Allstate Claims Severity,ridge,shap,0.75,5,123,0.7006574208103344,4441347.821235456,2089.7028387182486,0.0021548326026534725,0.12170410645598984,0.005021169188349604,0.12888010824699292
Allstate Claims Severity,ridge,shap,1.0,5,123,0.6736660705541786,4209452.129650394,2051.694940689379,0.0,0.1811699839890934,0.0077922419877722,0.1889833959867246
Allstate Claims Severity,ridge,shap,0.25,1,256,0.7712670289374663,5810718.4526554365,2410.5431862249297,0.0356039660400711,0.0323391180136241,0.0027009709738194,0.0706655560061335
Allstate Claims Severity,ridge,shap,0.5,1,256,0.7123710743082301,5387923.761876863,2321.190160645366,0.0356039660400711,0.07155391597189,0.0033168569789268,0.110504757030867
Allstate Claims Severity,ridge,shap,0.75,1,256,0.6746846571550952,5214220.9846264105,2338.8165778808166,0.01814657363348411,0.14512713237930303,0.004177548212486792,0.1674512542252739
Allstate Claims Severity,ridge,shap,1.0,1,256,0.6794103516405758,4928458.38118872,2220.013148877438,0.0,0.2057303190231323,0.0051444150158204,0.2108938799938187
Allstate Claims Severity,ridge,shap,0.25,2,256,0.776418919290244,5261558.468998498,2293.808725460451,0.0026859450154006,0.0338750240043737,0.0015226769610308,0.0381029540440067
Allstate Claims Severity,ridge,shap,0.5,2,256,0.6913458457243317,4544565.959159436,2131.7987614123986,0.0026859450154006,0.1117050910252146,0.0032727939542382,0.1177103070076555
Allstate Claims Severity,ridge,shap,0.75,2,256,0.6825093005062026,4259662.862090821,2041.511179076074,0.0012884243475409858,0.14214501271914454,0.004006025050925642,0.14743946211761116
Allstate Claims Severity,ridge,shap,1.0,2,256,0.6670364128050565,4150062.804148892,2037.170293360104,0.0,0.1631127930013463,0.0047074150061234,0.1678379210061393
Allstate Claims Severity,ridge,shap,0.25,3,256,0.7970152573421239,5452828.808653024,2335.1292916352672,0.0019314030068926,0.0286645659944042,0.0010445959633216,0.0316608719876967
Allstate Claims Severity,ridge,shap,0.5,3,256,0.7022082337082982,4609994.155750653,2147.0896943888147,0.0019314030068926,0.0627687779488042,0.0021230560378171,0.0668432340025901
Allstate Claims Severity,ridge,shap,0.75,3,256,0.6876636050897104,4163299.4400038207,2177.0402337192368,0.0010172023920291332,0.1150146176921756,0.0033373521984577485,0.11936917228266249
Allstate Claims Severity,ridge,shap,1.0,3,256,0.6898908147889858,4451087.782852077,2109.7601244814723,0.0,0.1621820539585314,0.0046315400395542,0.1668316290015354
Allstate Claims Severity,ridge,shap,0.25,4,256,0.8929592507894012,4824804.894515956,2196.5438521723067,0.0094501359853893,0.0360835139872506,0.0037634469917975,0.0493191790301352
Allstate Claims Severity,ridge,shap,0.5,4,256,0.8283329665526844,4484077.892255455,2117.5641412376285,0.0094501359853893,0.071487101027742,0.0021711019799113,0.0831315219984389
Allstate Claims Severity,ridge,shap,0.75,4,256,0.8110647569849717,4158561.5128100733,2035.1886271464698,0.004873750530050602,0.12741218206043725,0.0034615253470207112,0.13574745793750856
Allstate Claims Severity,ridge,shap,1.0,4,256,0.7882560109191895,4096081.674712295,2023.877880385152,0.0,0.185019506025128,0.0048604239709675,0.1898978240205906
Allstate Claims Severity,ridge,shap,0.25,5,256,0.717631040808093,4874463.833425664,2207.818795423588,0.0028724749572575,0.0312187240342609,0.0010822979966178,0.0351947669987566
Allstate Claims Severity,ridge,shap,0.5,5,256,0.7036703829587831,4599411.787880403,2144.6239269112903,0.0028724749572575,0.0656457690056413,0.0020816989708691,0.0706200909335166
Allstate Claims Severity,ridge,shap,0.75,5,256,0.7015592900246052,4096197.0654785186,2048.4937354372005,0.001350584111044703,0.1262217962840031,0.0043327518321096764,0.1319051322271575
Allstate Claims Severity,ridge,shap,1.0,5,256,0.6724995122795591,4236810.808268906,2058.351478311929,0.0,0.1819439469836652,0.0064241560176014,0.1883960649720393
Allstate Claims Severity,ridge,tree,0.25,1,42,0.7152073018764201,4446214.651992497,2108.604906565594,1.4193754859734329,0.0742104069795459,0.0039801980019547,1.497600294998847
Allstate Claims Severity,ridge,tree,0.5,1,42,0.6810677315503043,4256701.891858508,2063.177620045959,1.4193754859734329,0.1145854449714534,0.0036455840454436,1.537649045989383
Allstate Claims Severity,ridge,tree,0.75,1,42,0.6706579119535606,4423903.0399603,2041.7062096462548,0.7288221016204269,0.2530150113931538,0.022123139345902314,1.003960252359483
Allstate Claims Severity,ridge,tree,1.0,1,42,0.6714126206860659,4208853.139221973,2051.548960961442,0.0,0.3796391270007007,0.0408194980118423,0.4204778510029427
Allstate Claims Severity,ridge,tree,0.25,2,42,0.8513328136105961,4596857.786261353,2144.0284014586546,0.7947227249969728,0.0320567290182225,0.0029837799957022,0.8297838839935139
Allstate Claims Severity,ridge,tree,0.5,2,42,0.8045728747427382,4356322.444798316,2087.180501250028,0.7947227249969728,0.0793318770010955,0.0022751709911972,0.8763502619694918
Allstate Claims Severity,ridge,tree,0.75,2,42,0.7640018641661017,4221203.552671122,2068.076131860329,0.3949437149830743,0.13434981193500595,0.003718647545062079,0.5330121744631424
Allstate Claims Severity,ridge,tree,1.0,2,42,0.7791486459551833,4305750.350208949,2075.03020464979,0.0,0.1894298039842397,0.0050748839857988,0.1945235829916782
Allstate Claims Severity,ridge,tree,0.25,3,42,0.7406223322104434,4707640.814919512,2169.709845790333,0.9575211009941996,0.0392004960449412,0.0019146110280416,0.998656916024629
Allstate Claims Severity,ridge,tree,0.5,3,42,0.7024789124359281,4494048.703241512,2119.917145371845,0.9575211009941996,0.0659228999866172,0.0020899919909425,1.0255565849947743
Allstate Claims Severity,ridge,tree,0.75,3,42,0.6665182201802383,4402373.326341233,2031.9637624202553,0.5068333508331815,0.16060777728646988,0.003479299279258541,0.6709204273989099
Allstate Claims Severity,ridge,tree,1.0,3,42,0.6898581522444984,4417765.401335096,2101.848091878929,0.0,0.26206869201269,0.0051213229889981,0.2672055839793756
Allstate Claims Severity,ridge,tree,0.25,4,42,0.7549773705650727,4924131.325001749,2219.038378442732,0.9320863739703782,0.0503397979773581,0.0026038520154543,0.9850590479909442
Allstate Claims Severity,ridge,tree,0.5,4,42,0.6921265960456173,4608292.420096327,2146.693368903981,0.9320863739703782,0.086423308996018,0.0022977530024945,1.0208277750061825
Allstate Claims Severity,ridge,tree,0.75,4,42,0.6747576642398634,4694288.518845527,2187.6624954950807,0.44509307266434456,0.16458883253788098,0.0047800962885680065,0.6144620014907936
Allstate Claims Severity,ridge,tree,1.0,4,42,0.6764505675820169,4502217.528610004,2121.8429556897004,0.0,0.2436202190001495,0.007440453977324,0.2510849580285139
Allstate Claims Severity,ridge,tree,0.25,5,42,0.7026986260840791,4611930.302591573,2147.5405240860005,0.9010103699984028,0.0292709359782747,0.0010451559792272,0.9313458789838478
Allstate Claims Severity,ridge,tree,0.5,5,42,0.6905762695530093,4480199.480762894,2116.648171228014,0.9010103699984028,0.077855854993686,0.0036756389890797,0.9825639449991286
Allstate Claims Severity,ridge,tree,0.75,5,42,0.6951618768147175,4428919.436907022,2127.3262718719843,0.4439928234372122,0.15172710574315945,0.005254787734299312,0.600974716914671
Allstate Claims Severity,ridge,tree,1.0,5,42,0.6797732195145492,4423481.7821100345,2103.2074985863937,0.0,0.2142130649881437,0.0068450309918262,0.2210850960109383
Allstate Claims Severity,ridge,tree,0.25,1,123,0.7528771070121946,4661403.466502965,2159.028361671742,0.8424288730020635,0.0308302270132116,0.0017213280079886,0.8750020490260795
Allstate Claims Severity,ridge,tree,0.5,1,123,0.7074992965115645,4377633.924882694,2092.2796000732537,0.8424288730020635,0.0785582289681769,0.003078416979406,0.9240868290071376
Allstate Claims Severity,ridge,tree,0.75,1,123,0.7174867195888194,4301541.730357003,2084.75094367995,0.4234648366338177,0.13613154279786593,0.005190132854982579,0.5647865122866662
Allstate Claims Severity,ridge,tree,1.0,1,123,0.6982851619441222,4322752.413539899,2079.122991441319,0.0,0.1876996670034714,0.006873991980683,0.1946009389939718
Allstate Claims Severity,ridge,tree,0.25,2,123,0.8608557874475812,4704118.746695499,2168.8980489399446,1.0408525710226968,0.0384890300338156,0.0010578009532764,1.080420151061844
Allstate Claims Severity,ridge,tree,0.5,2,123,0.7746540240211217,4252560.303889968,2062.173684220116,1.0408525710226968,0.0792142790160141,0.0078256420092657,1.1279272570391186
Allstate Claims Severity,ridge,tree,0.75,2,123,0.7748700258497024,4021277.4466572506,2105.883983713283,0.5128688032181398,0.1371134912726169,0.006473773401159137,0.6564560678919159
Allstate Claims Severity,ridge,tree,1.0,2,123,0.7540321433614908,4191534.178794396,2047.323662441871,0.0,0.1985186759848147,0.0047051499714143,0.2032422400079667
Allstate Claims Severity,ridge,tree,0.25,3,123,0.7282008642776805,4419058.551853989,2102.155691630377,0.9310223700013012,0.0344521249644458,0.0010175869683735,0.966511217993684
Allstate Claims Severity,ridge,tree,0.5,3,123,0.6848145870306848,4182881.451901092,2045.209390722889,0.9310223700013012,0.0738642910146154,0.0020640580332838,1.0069749840185978
Allstate Claims Severity,ridge,tree,0.75,3,123,0.6855125643152448,4012676.474394158,2031.1926818674976,0.486686487831916,0.18057582608874861,0.006795512216888208,0.6740578261375528
Allstate Claims Severity,ridge,tree,1.0,3,123,0.6759614675091022,4110635.475924752,2027.4702157922693,0.0,0.2962173109990544,0.0116800830001011,0.3079174010199494
Allstate Claims Severity,ridge,tree,0.25,4,123,0.7336660615750573,5273860.337594745,2296.488697467232,0.9200559019809588,0.0432139449985697,0.001664298994001,0.9649658160051332
Allstate Claims Severity,ridge,tree,0.5,4,123,0.7136899457884404,5125710.840557145,2264.003277505831,0.9200559019809588,0.1050273120054043,0.0019462819909676,1.0270602739765309
Allstate Claims Severity,ridge,tree,0.75,4,123,0.7098597269196175,5105210.751672784,2252.6274712432814,0.4699609149866387,0.1358253274868714,0.0034283419260029463,0.609214584399513
Allstate Claims Severity,ridge,tree,1.0,4,123,0.6933117700559566,5029943.129166495,2242.7534704390705,0.0,0.1625123689882457,0.0046174270100891,0.167146768013481
Allstate Claims Severity,ridge,tree,0.25,5,123,0.7012468316392093,4402520.676206966,2098.218452927856,0.7689708310062997,0.0356595329940319,0.0034808500204235,0.8081372940214351
Allstate Claims Severity,ridge,tree,0.5,5,123,0.682502297348421,4259578.137454422,2063.874544989211,0.7689708310062997,0.0725006829597987,0.0021334990160539,0.8436272260150872
Allstate Claims Severity,ridge,tree,0.75,5,123,0.6758483612915586,4295386.961631948,2028.717159242466,0.33955538529272816,0.16661801474734975,0.004963234049300998,0.5111366340893789
Allstate Claims Severity,ridge,tree,1.0,5,123,0.6736660705541786,4209452.129650394,2051.694940689379,0.0,0.2764364890172146,0.0080108969705179,0.2844675840460695
Allstate Claims Severity,ridge,tree,0.25,1,256,0.7363242284311736,5236173.326018871,2288.268630650447,0.8688302030204795,0.0421325610368512,0.003123169997707,0.91411034000339
Allstate Claims Severity,ridge,tree,0.5,1,256,0.6920983525052172,4990675.537195277,2233.981991242382,0.8688302030204795,0.0720137669704854,0.0021055039833299,0.9429790709982626
Allstate Claims Severity,ridge,tree,0.75,1,256,0.6752792324660555,4753398.728530665,2256.3445858818204,0.388754977895043,0.12720676605636275,0.0037215756052095634,0.5196833195566153
Allstate Claims Severity,ridge,tree,1.0,1,256,0.6794103516405758,4928458.38118872,2220.013148877438,0.0,0.1820532130077481,0.0052115529542788,0.1872884300537407
Allstate Claims Severity,ridge,tree,0.25,2,256,0.7197956095994072,4454852.623851698,2110.652179742484,0.7666717609972693,0.0493648719857446,0.0016719989944249,0.8177320369868539
Allstate Claims Severity,ridge,tree,0.5,2,256,0.6758137474885748,4217380.262818874,2053.62612537406,0.7666717609972693,0.1316113520297221,0.0028477909509092,0.9011610809830016
Allstate Claims Severity,ridge,tree,0.75,2,256,0.664157014548613,4073347.470321797,1968.0661269391826,0.4074417740368944,0.15331110054917396,0.003725585469631105,0.5644784600556995
Allstate Claims Severity,ridge,tree,1.0,2,256,0.6670364128050565,4150062.804148892,2037.170293360104,0.0,0.1923726670211181,0.0049101570039056,0.1973007890046574
Allstate Claims Severity,ridge,tree,0.25,3,256,0.7421865822972727,4759171.310586152,2181.5525000756115,0.950328929000534,0.0287898909882642,0.0010027869720943,0.9801411040243692
Allstate Claims Severity,ridge,tree,0.5,3,256,0.7014393023599266,4525559.344318392,2127.3362085759723,0.950328929000534,0.0607140110223554,0.0031030679820105,1.0141656969790347
Allstate Claims Severity,ridge,tree,0.75,3,256,0.6853590407173029,4446252.501210796,2248.1289155793593,0.42451154616138176,0.11443514813299994,0.003838147473242144,0.5427848417676239
Allstate Claims Severity,ridge,tree,1.0,3,256,0.6898908147889858,4451087.782852077,2109.7601244814723,0.0,0.1620531199732795,0.0045597939752042,0.1666298269992694
Allstate Claims Severity,ridge,tree,0.25,4,256,0.8689166598362819,4442152.639763042,2107.641487483828,0.9580734929768367,0.0334146799868904,0.0045492560020647,0.9960597809986212
Allstate Claims Severity,ridge,tree,0.5,4,256,0.8108675294588774,4160286.2962989663,2039.6779883841875,0.9580734929768367,0.0876516430289484,0.0035421579959802,1.0492902569822036
Allstate Claims Severity,ridge,tree,0.75,4,256,0.7857970308982382,4120283.531898141,2131.333769549078,0.46381795236617496,0.1296333840064919,0.003927280281799427,0.5973786166544663
Allstate Claims Severity,ridge,tree,1.0,4,256,0.7882560109191895,4096081.674712295,2023.877880385152,0.0,0.1623636010335758,0.0045494959922507,0.1669303780072368
Allstate Claims Severity,ridge,tree,0.25,5,256,0.7372957364655388,4594454.525634314,2143.467873711737,0.7942547340062447,0.0351087760063819,0.0016758709680289,0.8310608510510065
Allstate Claims Severity,ridge,tree,0.5,5,256,0.6850155792428956,4309089.709796075,2075.8347019442745,0.7942547340062447,0.0869939550175331,0.0065659739775583,0.8878360950038768
Allstate Claims Severity,ridge,tree,0.75,5,256,0.7021262766446431,4565556.771172748,2011.5808880118332,0.4004059970181174,0.14597804093679442,0.00831045281944427,0.5546944907743562
Allstate Claims Severity,ridge,tree,1.0,5,256,0.6724995122795591,4236810.808268906,2058.351478311929,0.0,0.2110207779915072,0.0099284669850021,0.220973850984592
Allstate Claims Severity,xgboost,mi,0.25,1,42,0.6226393833781957,3877692.301736716,1969.1856950873664,1.1811570470454171,1.3971677699591964,0.0306844650185666,2.610853328020312
Allstate Claims Severity,xgboost,mi,0.5,1,42,0.600844530211417,3592963.1032631337,1895.511303913309,1.1811570470454171,1.7997802480240352,0.0394237859873101,3.0223851570044644
Allstate Claims Severity,xgboost,mi,0.75,1,42,0.5812881734169578,3588033.8922296036,1853.9532048144856,0.5554560922839223,2.0124353237594033,0.05411245409195986,2.6220038701352855
Allstate Claims Severity,xgboost,mi,1.0,1,42,0.5923090424001248,3505860.7933754805,1872.394401128,0.0,2.305682613980025,0.0757597649935633,2.3842198490165174
Allstate Claims Severity,xgboost,mi,0.25,2,42,0.7204300111527923,4042517.91576645,2010.601381618557,0.9076094010379164,1.549213467980735,0.0304725139867514,2.489186930004508
Allstate Claims Severity,xgboost,mi,0.5,2,42,0.6632136976572428,3863319.392520429,1965.5328520582984,0.9076094010379164,1.3627452650107443,0.0337724429555237,2.30610638106009
Allstate Claims Severity,xgboost,mi,0.75,2,42,0.6546175143210213,3990348.3039051034,2013.7369395103153,0.43378411413222673,1.661832226715393,0.04997813575899874,2.1455944766066186
Allstate Claims Severity,xgboost,mi,1.0,2,42,0.6646125799290686,3861394.349848425,1965.0430910920056,0.0,1.9156429750146344,0.0660690470249392,1.983660144964233
Allstate Claims Severity,xgboost,mi,0.25,3,42,0.6312938691591111,3925503.867296313,1981.288436168826,1.1247655400075018,0.589640426042024,0.0463984970119781,1.7646790069993583
Allstate Claims Severity,xgboost,mi,0.5,3,42,0.610223889676777,3614293.03030648,1901.129409142492,1.1247655400075018,1.007598947966471,0.0415241740411147,2.17717855097726
Allstate Claims Severity,xgboost,mi,0.75,3,42,0.6137307457825836,3631118.8186353277,1890.783252595554,0.5238053314517991,1.508720396539966,0.05236987043298062,2.0848955984247457
Allstate Claims Severity,xgboost,mi,1.0,3,42,0.6090848532014751,3587873.892652337,1894.1683907858712,0.0,1.956154460029211,0.0668562049977481,2.025048107025213
Allstate Claims Severity,xgboost,mi,0.25,4,42,0.6594998896891355,4075946.852029656,2018.897434747406,1.3704366570455022,0.8237638849532232,0.0669541649986058,2.264293542073574
Allstate Claims Severity,xgboost,mi,0.5,4,42,0.603774234336411,3745069.856935125,1935.2182969719784,1.3704366570455022,1.2018579440191388,0.0746856609475798,2.650348159018904
Allstate Claims Severity,xgboost,mi,0.75,4,42,0.5940972683974636,3729864.8484929996,1979.967063421739,0.69012141712974,1.2584211243311982,0.07811029281529253,2.0266528342762307
Allstate Claims Severity,xgboost,mi,1.0,4,42,0.601703133208413,3705550.706081544,1924.9807027816005,0.0,1.3120856070308946,0.0819955299957655,1.396276246989146
Allstate Claims Severity,xgboost,mi,0.25,5,42,0.6288585109158635,4278701.774472479,2068.502302264244,1.1660774989868514,1.33759013999952,0.030816673010122,2.5362420579767786
Allstate Claims Severity,xgboost,mi,0.5,5,42,0.603647498477697,3753737.915212968,1937.4565582776213,1.1660774989868514,1.790891429001931,0.0378276039846241,2.997077207022812
Allstate Claims Severity,xgboost,mi,0.75,5,42,0.5996458323002065,3696749.81458724,1853.7956147087575,0.5730295618737035,2.0329031741016896,0.05194593977114027,2.6578786757465336
Allstate Claims Severity,xgboost,mi,1.0,5,42,0.6008058841855012,3633972.4467169647,1906.298100171368,0.0,2.290876514976844,0.0657917960197664,2.359337703965138
Allstate Claims Severity,xgboost,mi,0.25,1,123,0.6656905715523693,3939239.1064583487,1984.751648559172,1.286491152015515,0.5848423980060034,0.0524710259633138,1.9272045270190568
Allstate Claims Severity,xgboost,mi,0.5,1,123,0.6217966641904324,3629342.785191997,1905.083406360991,1.286491152015515,1.5906823899713345,0.0387313879909925,2.917983001039829
Allstate Claims Severity,xgboost,mi,0.75,1,123,0.6284567215987898,3531308.585450602,1960.8331996340412,0.6702842393998215,1.810079939675906,0.061146630932202184,2.5415108100079298
Allstate Claims Severity,xgboost,mi,1.0,1,123,0.6183134043122226,3619288.9230788033,1902.4428830003808,0.0,1.899651948013343,0.0850511690368875,1.9869730210048149
Allstate Claims Severity,xgboost,mi,0.25,2,123,0.7386996962564879,3989560.596249669,1997.38844400624,1.5982053690240718,0.8575986690120772,0.0607869650120846,2.5200734050013125
Allstate Claims Severity,xgboost,mi,0.5,2,123,0.6480171478059488,3764571.805098193,1940.2504490653248,1.5982053690240718,1.0136379970354028,0.0707848930032923,2.685035066038836
Allstate Claims Severity,xgboost,mi,0.75,2,123,0.6614138284639797,3664476.6732488982,1987.7006693726387,0.8371384435281598,1.2367072165207558,0.08759577598399168,2.161441436032907
Allstate Claims Severity,xgboost,mi,1.0,2,123,0.6449752427814618,3728200.0591819095,1930.8547483386487,0.0,1.4868051430094056,0.1072677129996009,1.5963500780053437
Allstate Claims Severity,xgboost,mi,0.25,3,123,0.6632489255807492,3879351.044322315,1969.6068248059853,1.1770361399976537,1.166626622027252,0.0298052449943497,2.3752739839837886
Allstate Claims Severity,xgboost,mi,0.5,3,123,0.6104358703093259,3591318.63063011,1895.0774735166133,1.1770361399976537,1.6233102719997987,0.0355813230271451,2.838024001976009
Allstate Claims Severity,xgboost,mi,0.75,3,123,0.6269879732359288,3334397.7245811312,1861.7506732752934,0.5901359927826764,1.9871006505274087,0.058123054347143766,2.635359697657229
Allstate Claims Severity,xgboost,mi,1.0,3,123,0.5910375212187438,3417053.259887713,1848.527321920808,0.0,2.4222158279735595,0.0804660689900629,2.5048150530201383
Allstate Claims Severity,xgboost,mi,0.25,4,123,0.6595500398023528,4488024.435714115,2118.495795538456,1.0486983199953102,0.9003620079602115,0.0279829000355675,1.978936352010351
Allstate Claims Severity,xgboost,mi,0.5,4,123,0.6254905649747182,4251736.251599917,2061.973872676353,1.0486983199953102,1.148373073025141,0.0281883989810012,2.227374355017673
Allstate Claims Severity,xgboost,mi,0.75,4,123,0.6297210350910152,4260458.226990302,2070.216329725461,0.5166599222694246,1.3282617060001278,0.04885323322553207,1.8937748614950844
Allstate Claims Severity,xgboost,mi,1.0,4,123,0.6186021055611953,4154113.335049194,2038.1642070866603,0.0,1.708151180006098,0.0713016239460557,1.7814392249565572
Allstate Claims Severity,xgboost,mi,0.25,5,123,0.6465460139993847,4271999.713384066,2066.8816399068587,1.4927518470212815,0.7668840069673024,0.0577608760213479,2.320387048064731
Allstate Claims Severity,xgboost,mi,0.5,5,123,0.6007741995609619,3612026.0584336673,1900.5330984841248,1.4927518470212815,0.9276333950110712,0.0715440680505707,2.494921133038588
Allstate Claims Severity,xgboost,mi,0.75,5,123,0.6086798748225466,3449375.705058909,1866.6900534324193,0.8107912509579085,1.139494871787764,0.07247089925377141,2.022757021999444
Allstate Claims Severity,xgboost,mi,1.0,5,123,0.5944629646311632,3418815.351528126,1849.0038808850904,0.0,1.360546951997094,0.0672884550294838,1.429913559986744
Allstate Claims Severity,xgboost,mi,0.25,1,256,0.6506295779160494,4409946.376141291,2099.987232375781,0.9787570419721304,1.577104802010581,0.0299538649851456,2.587698896997608
Allstate Claims Severity,xgboost,mi,0.5,1,256,0.6041598845803595,3988833.21151348,1997.206351760749,0.9787570419721304,1.7502548940246925,0.036344189022202,2.7675161969964392
Allstate Claims Severity,xgboost,mi,0.75,1,256,0.617736414860877,4157476.654537631,1984.042525066703,0.49129665875260703,2.0980550930088833,0.0520988334632283,2.6414505852247183
Allstate Claims Severity,xgboost,mi,1.0,1,256,0.5991670874490881,4006894.7778588654,2001.72295232354,0.0,2.268620335962624,0.0673063299618661,2.338005133031402
Allstate Claims Severity,xgboost,mi,0.25,2,256,0.6215553116687218,4023998.5325464793,2005.990661131422,0.9591869530268012,1.569167020963505,0.0288302979897707,2.559008942975197
Allstate Claims Severity,xgboost,mi,0.5,2,256,0.5949876441452178,3593962.678664577,1895.7749546464045,0.9591869530268012,1.8886313610128127,0.0340243019745685,2.883856265048962
Allstate Claims Severity,xgboost,mi,0.75,2,256,0.5786791093549203,3711261.6724970224,1849.7344299590688,0.4753881723287415,2.3585382947622704,0.05126353377290818,2.88519000086392
Allstate Claims Severity,xgboost,mi,1.0,2,256,0.5900262622136905,3519233.8863314986,1875.962122840304,0.0,2.569366412993986,0.0660240040160715,2.639102768036537
Allstate Claims Severity,xgboost,mi,0.25,3,256,0.6786283404816489,4506989.785105386,2122.967212442384,1.1023464429890737,0.51753006700892,0.0209131260053254,1.6428835220285691
Allstate Claims Severity,xgboost,mi,0.5,3,256,0.6335585438220231,3757341.218585813,1938.3862408162647,1.1023464429890737,1.0115672780084424,0.0348622530000284,2.1508766830083914
Allstate Claims Severity,xgboost,mi,0.75,3,256,0.63300462317053,3884297.891309719,1935.040896894397,0.5518632404698759,1.4225600584355897,0.04926055060112923,2.023683849506595
Allstate Claims Severity,xgboost,mi,1.0,3,256,0.6144233216669586,3677770.794012647,1917.7514943320075,0.0,1.799588168039918,0.063410549017135,1.8650518850190565
Allstate Claims Severity,xgboost,mi,0.25,4,256,0.6877182644529853,3623843.9693677714,1903.6396637409537,1.0460840899613686,1.6930026140180416,0.0429458059952594,2.7849805979640223
Allstate Claims Severity,xgboost,mi,0.5,4,256,0.665109534517742,3446272.8601274807,1856.4139786500964,1.0460840899613686,2.27224506798666,0.0526292289723642,3.373750269995071
Allstate Claims Severity,xgboost,mi,0.75,4,256,0.6650776635792232,3343766.049279034,1879.9737123284265,0.5000433576081798,1.6298121143503987,0.08541597372063575,2.2152714456792144
Allstate Claims Severity,xgboost,mi,1.0,4,256,0.6653308518575057,3425498.797881596,1850.8103084545417,0.0,1.2186315020080656,0.1139328309800475,1.3346496900194325
Allstate Claims Severity,xgboost,mi,0.25,5,256,0.6393820504556686,3700768.3736982713,1923.7381250311253,0.9348701020353474,1.5232514969538895,0.0313146199914626,2.49139029707294
Allstate Claims Severity,xgboost,mi,0.5,5,256,0.6012544686785894,3555019.8811467723,1885.4760356861527,0.9348701020353474,1.398067580012139,0.0357303249766118,2.3707893200335093
Allstate Claims Severity,xgboost,mi,0.75,5,256,0.5798139243851915,3530205.6836513216,1930.8913521473853,0.48427150496172844,1.7571996286542708,0.05026199582982082,2.29173312944582
Allstate Claims Severity,xgboost,mi,1.0,5,256,0.6003042680620674,3539764.360783266,1881.4261507652288,0.0,1.96039203600958,0.0658624850329943,2.0282625909894705
Allstate Claims Severity,xgboost,rfe,0.25,1,42,0.6123884411451853,3652627.7011114177,1911.184894538312,0.2907373090274632,1.727880219987128,0.030489586002659,2.0509128600242548
Allstate Claims Severity,xgboost,rfe,0.5,1,42,0.6049310294827854,3563029.375915202,1887.5988387142013,0.2907373090274632,2.14962346397806,0.0371075069997459,2.479440378083382
Allstate Claims Severity,xgboost,rfe,0.75,1,42,0.6004523980101637,3284405.275136007,1827.4407418189448,0.14933335288561647,1.646268211097365,0.06029378954636653,1.8558953535293479
Allstate Claims Severity,xgboost,rfe,1.0,1,42,0.5923090424001248,3505860.7933754805,1872.394401128,0.0,1.204900490003638,0.0804195320233702,1.2875253909733146
Allstate Claims Severity,xgboost,rfe,0.25,2,42,0.679923632793598,3910307.7522253096,1977.4498102923649,0.2711199449840933,1.6619104350102134,0.0324906799942255,1.9680180909927003
Allstate Claims Severity,xgboost,rfe,0.5,2,42,0.6695665692554446,3884883.2811106006,1971.010725772592,0.2711199449840933,0.8110576920444146,0.0576615099562332,1.1425342029542662
Allstate Claims Severity,xgboost,rfe,0.75,2,42,0.6678701809448941,3915589.1214180426,1916.1010071961177,0.1205257360656438,1.3762196885288074,0.0664326082625878,1.563178032857039
Allstate Claims Severity,xgboost,rfe,1.0,2,42,0.6646125799290686,3861394.349848425,1965.0430910920056,0.0,1.907260567008052,0.0704263750230893,1.9795784190064296
Allstate Claims Severity,xgboost,rfe,0.25,3,42,0.6368573330395331,3739185.55287576,1933.6973788252803,0.5084764390485361,0.9287307229824364,0.0338126700371503,1.472723812039476
Allstate Claims Severity,xgboost,rfe,0.5,3,42,0.6240928235586636,3682647.512353572,1919.022540866462,0.5084764390485361,1.5022541409707628,0.0372994700446724,2.0499475750839338
Allstate Claims Severity,xgboost,rfe,0.75,3,42,0.6328400100796474,3726615.9740462555,1920.2532524068654,0.26040558270517344,1.9168520507853724,0.05493017051459183,2.2321878040051377
Allstate Claims Severity,xgboost,rfe,1.0,3,42,0.6090848532014751,3587873.892652337,1894.1683907858712,0.0,2.303765151009429,0.0749995869700796,2.3807327679824084
Allstate Claims Severity,xgboost,rfe,0.25,4,42,0.6375874710724462,3919631.59201223,1979.8059480697168,0.5934141660109162,0.6077793219592422,0.0512778399861417,1.2551401130040176
Allstate Claims Severity,xgboost,rfe,0.5,4,42,0.6042624472334821,3725919.3888993934,1930.264072322592,0.5934141660109162,1.4044688050053082,0.0368478200398385,2.0370085580507293
Allstate Claims Severity,xgboost,rfe,0.75,4,42,0.5955611467388255,3664842.798935913,1973.2134483078491,0.29261479904355087,1.6948868766845104,0.0556801911585793,2.0431818668866404
Allstate Claims Severity,xgboost,rfe,1.0,4,42,0.601703133208413,3705550.706081544,1924.9807027816005,0.0,2.0971541320323013,0.074782644980587,2.174489291966893
Allstate Claims Severity,xgboost,rfe,0.25,5,42,0.6190006730305381,3813028.276738465,1952.6976921014848,0.3750110869877971,1.713619512040168,0.0250236759893596,2.1157289519906044
Allstate Claims Severity,xgboost,rfe,0.5,5,42,0.6033286654533176,3716334.8292657263,1927.7797667954,0.3750110869877971,2.1642922880128026,0.0409319889731705,2.582269544014707
Allstate Claims Severity,xgboost,rfe,0.75,5,42,0.6109035838202602,3720778.3437108253,1951.5381005863358,0.17550788324992941,1.654710017426766,0.06208917653242981,1.8923070772091253
Allstate Claims Severity,xgboost,rfe,1.0,5,42,0.6008058841855012,3633972.4467169647,1906.298100171368,0.0,1.1931365829659626,0.078617752995342,1.2743646769667976
Allstate Claims Severity,xgboost,rfe,0.25,1,123,0.6788336576296755,3898136.7023448274,1974.3699507298088,0.5288715619826689,0.7460206259856932,0.039136133971624,1.3161604150081985
Allstate Claims Severity,xgboost,rfe,0.5,1,123,0.6260159583832476,3646701.785096861,1909.6339400777472,0.5288715619826689,1.3040145999984816,0.0360347480163909,1.870975055033341
Allstate Claims Severity,xgboost,rfe,0.75,1,123,0.6185310162426233,3694189.5339582535,1874.1530626571978,0.2506524842713167,1.8198381938049846,0.05903513163262638,2.1295258097089276
Allstate Claims Severity,xgboost,rfe,1.0,1,123,0.6183134043122226,3619288.9230788033,1902.4428830003808,0.0,2.2189947920269333,0.0800045650103129,2.3010906120180152
Allstate Claims Severity,xgboost,rfe,0.25,2,123,0.6789854113185416,3949108.2529428713,1987.236335452548,0.7020721100270748,0.582542137010023,0.0623246349859982,1.3496937280287966
Allstate Claims Severity,xgboost,rfe,0.5,2,123,0.6663969640342787,3838103.2048680526,1959.1077573395632,0.7020721100270748,1.2856842949986458,0.0357032539905048,2.0255168239818886
Allstate Claims Severity,xgboost,rfe,0.75,2,123,0.6574877750851373,3755060.5594149632,1952.5857198405836,0.3549503579349716,1.6694675554282703,0.054535304397093184,2.0789532177603354
Allstate Claims Severity,xgboost,rfe,1.0,2,123,0.6449752427814618,3728200.0591819095,1930.8547483386487,0.0,2.157058073964436,0.0724387730006128,2.231587546004448
Allstate Claims Severity,xgboost,rfe,0.25,3,123,0.6340651345495945,3677620.3529767534,1917.7122706435275,0.3863985649659298,1.5301199260284193,0.0415545859723351,1.9607508139451968
Allstate Claims Severity,xgboost,rfe,0.5,3,123,0.6084919868903236,3495921.7117942222,1869.7384073164408,0.3863985649659298,2.278311806032434,0.0551139310118742,2.722230685991235
Allstate Claims Severity,xgboost,rfe,0.75,3,123,0.6076921283477076,3462360.5909065553,1901.7000169558348,0.1882910869851322,1.7012333794909624,0.07064457476281341,1.9601690412389081
Allstate Claims Severity,xgboost,rfe,1.0,3,123,0.5910375212187438,3417053.259887713,1848.527321920808,0.0,1.2024514640215784,0.0899274719995446,1.2947163579519838
Allstate Claims Severity,xgboost,rfe,0.25,4,123,0.6538303963004874,4291873.27403811,2071.683680979824,0.36114352196455,0.898609830008354,0.0286668440094217,1.2902885029907338
Allstate Claims Severity,xgboost,rfe,0.5,4,123,0.6210928978544977,4152425.3160611033,2037.750062215949,0.36114352196455,1.1178953790222297,0.0387489129789173,1.519979461969342
Allstate Claims Severity,xgboost,rfe,0.75,4,123,0.6402243081306038,4310152.883209364,2092.3090199422127,0.17455872507495876,1.2975882022768295,0.06946814523141892,1.5416150725832072
Allstate Claims Severity,xgboost,rfe,1.0,4,123,0.6186021055611953,4154113.335049194,2038.1642070866603,0.0,1.5938721650163643,0.1017568749957718,1.6983966089901514
Allstate Claims Severity,xgboost,rfe,0.25,5,123,0.638638462183227,3626357.2018134,1904.2996617689664,0.8649468079674989,0.958767790987622,0.0319304349832236,1.8575013459776528
Allstate Claims Severity,xgboost,rfe,0.5,5,123,0.6106391880388244,3467753.230327907,1862.190438791884,0.8649468079674989,1.4348344589816406,0.0464808800024911,2.348261579987593
Allstate Claims Severity,xgboost,rfe,0.75,5,123,0.607442043213896,3565419.485119171,1891.435585499869,0.44839029269485725,1.827608465718921,0.06822212499687823,2.3442208834106566
Allstate Claims Severity,xgboost,rfe,1.0,5,123,0.5944629646311632,3418815.351528126,1849.0038808850904,0.0,2.288626794994343,0.0904288049787283,2.3811425510211848
Allstate Claims Severity,xgboost,rfe,0.25,1,256,0.6262663842915712,4271593.161332778,2066.783288429819,0.2742791950004175,1.603101690998301,0.0344163869740441,1.914228847017512
Allstate Claims Severity,xgboost,rfe,0.5,1,256,0.6080771874341208,4060624.188976313,2015.0990519019936,0.2742791950004175,1.785217424039729,0.0557861520210281,2.117620297998656
Allstate Claims Severity,xgboost,rfe,0.75,1,256,0.6038754329428756,4137624.8842483135,2045.030062275346,0.14511127944602495,2.0263954521563616,0.06851528992877902,2.2400220215311655
Allstate Claims Severity,xgboost,rfe,1.0,1,256,0.5991670874490881,4006894.7778588654,2001.72295232354,0.0,2.306548269989434,0.0843446019571274,2.394217722991016
Allstate Claims Severity,xgboost,rfe,0.25,2,256,0.6311652428561578,3797351.2847445626,1948.679369404973,0.2611376519780606,1.5895653009647503,0.0314970119507052,1.8840858020121232
Allstate Claims Severity,xgboost,rfe,0.5,2,256,0.6054522035515215,3632001.17192256,1905.7809873966528,0.2611376519780606,1.8799880840233527,0.0350405939971096,2.1782553209923208
Allstate Claims Severity,xgboost,rfe,0.75,2,256,0.6120776793357033,3620112.2250455343,1885.9284361544178,0.1355898675195721,2.254470567129886,0.04692735987545706,2.4369877945249154
Allstate Claims Severity,xgboost,rfe,1.0,2,256,0.5900262622136905,3519233.8863314986,1875.962122840304,0.0,2.546204084996134,0.061760289943777,2.610173232969828
Allstate Claims Severity,xgboost,rfe,0.25,3,256,0.6904984410403345,4017912.43339512,2004.4731061790576,0.2633464530226774,1.3540549780009314,0.029897210013587,1.6491421009995977
Allstate Claims Severity,xgboost,rfe,0.5,3,256,0.6385260330269936,3756658.842218258,1938.2102162093404,0.2633464530226774,1.782676196016837,0.0417859249864704,2.090474762022496
Allstate Claims Severity,xgboost,rfe,0.75,3,256,0.6397585904948621,3714465.0531682842,1907.4648905843694,0.12343440139462372,1.9993905263971128,0.05452903344679882,2.177353961238535
Allstate Claims Severity,xgboost,rfe,1.0,3,256,0.6144233216669586,3677770.794012647,1917.7514943320075,0.0,1.930528816999868,0.0669103850377723,1.9997477539582176
Allstate Claims Severity,xgboost,rfe,0.25,4,256,0.7142750711749156,3635570.540381563,1906.717215630457,0.2474009810248389,1.4358233520179056,0.0287365780095569,1.7137935780338012
Allstate Claims Severity,xgboost,rfe,0.5,4,256,0.6863493767889124,3482282.173537035,1866.0873970789887,0.2474009810248389,1.7022659740177917,0.0357952850172296,1.987578623986337
Allstate Claims Severity,xgboost,rfe,0.75,4,256,0.670314173241899,3454883.725571897,1892.8238691931326,0.12026235874655845,2.006687633387035,0.060779639149469294,2.187729631283063
Allstate Claims Severity,xgboost,rfe,1.0,4,256,0.6653308518575057,3425498.797881596,1850.8103084545417,0.0,2.4056254500173964,0.0898757090326398,2.49762684101006
Allstate Claims Severity,xgboost,rfe,0.25,5,256,0.6534611742833908,3855513.327033582,1963.5461102387133,0.2827860940014943,1.7393434449913912,0.0337491959799081,2.057945415959693
Allstate Claims Severity,xgboost,rfe,0.5,5,256,0.6023988925054992,3553097.143156696,1884.966085412864,0.2827860940014943,0.7815125500201248,0.0496507289935834,1.1209109920309857
Allstate Claims Severity,xgboost,rfe,0.75,5,256,0.6051761856401915,3796398.531632278,1911.1444117177837,0.14072838084347647,1.3036887518686562,0.06710025884081251,1.5115173915529452
Allstate Claims Severity,xgboost,rfe,1.0,5,256,0.6003042680620674,3539764.360783266,1881.4261507652288,0.0,1.8113723860005848,0.0828280369751155,1.896295517974068
Allstate Claims Severity,xgboost,shap,0.25,1,42,0.6374535181585754,3669884.543383415,1910.0424216083863,0.7275609332912967,0.6285154219082728,0.0386047761695584,1.394681131369128
Allstate Claims Severity,xgboost,shap,0.5,1,42,0.5909448653633436,3477002.959346957,1894.5576194409016,0.7669676201252442,0.9237510624157936,0.041995981787829,1.732714664328867
Allstate Claims Severity,xgboost,shap,0.75,1,42,0.6019911256227869,3546417.7828059285,1915.1929251447891,0.43073622757647784,1.147360470775419,0.06753142123491135,1.6456281195868083
Allstate Claims Severity,xgboost,shap,1.0,1,42,0.6176793871927271,3463115.759222024,1853.2119927693584,0.0,1.2703662414893482,0.0917958319398321,1.3621620734291804
Allstate Claims Severity,xgboost,shap,0.25,2,42,0.6952565474766739,3970386.7284702864,1981.15043502558,0.8181260440872963,0.6501474843337227,0.02990920946469,1.4981827378857089
Allstate Claims Severity,xgboost,shap,0.5,2,42,0.6882004158678847,3654883.233899326,1948.801158859742,0.836288586369614,0.8874545290400594,0.0560372632260384,1.7797803786357118
Allstate Claims Severity,xgboost,shap,0.75,2,42,0.6757539749299253,3724862.5992082036,1994.708677760591,0.41918865493693186,1.0932112499805937,0.07029924917643175,1.5826991540939574
Allstate Claims Severity,xgboost,shap,1.0,2,42,0.6751579509843849,3820997.399139506,1946.872267175416,0.0,1.2643652850872336,0.0850459369928293,1.349411222080063
Allstate Claims Severity,xgboost,shap,0.25,3,42,0.6480844458047834,3757256.719896566,1951.134461739447,0.8866931922119067,2.0925933124700613,0.0503264334644431,3.029612938146411
Allstate Claims Severity,xgboost,shap,0.5,3,42,0.5922319297112356,3408962.6999588497,1837.8304909990595,0.8466497290009706,1.3948864351880068,0.035877122426795,2.2774132866157726
Allstate Claims Severity,xgboost,shap,0.75,3,42,0.5915012537138948,3699223.053725494,1833.9123404799095,0.41015854968440485,1.3346722318125548,0.05075229577010375,1.7955830772670633
Allstate Claims Severity,xgboost,shap,1.0,3,42,0.6044781915272075,3727717.91135899,1880.6719117306632,0.0,1.2219963925327413,0.0621628105210124,1.2841592030537536
Allstate Claims Severity,xgboost,shap,0.25,4,42,0.6654392787131412,3953089.880557406,1977.8067073676025,0.9998257501389762,0.6070831321845158,0.0288537114677541,1.635762593791246
Allstate Claims Severity,xgboost,shap,0.5,4,42,0.5961179401350103,3687916.7997720256,1878.535712999701,0.9612479206576308,0.7965099342170999,0.0585518870013083,1.816309741876039
Allstate Claims Severity,xgboost,shap,0.75,4,42,0.5936835728074419,3680037.545824694,1996.1681023603105,0.4936956802044445,1.0227318624231299,0.08141381101896945,1.597841353646544
Allstate Claims Severity,xgboost,shap,1.0,4,42,0.589481590904743,3740402.949845107,1957.2482521753057,0.0,1.3161947141481043,0.0969817207631155,1.41317643491122
Allstate Claims Severity,xgboost,shap,0.25,5,42,0.6079684260867678,3569258.6824201816,1886.6177448050164,0.7292682883576881,0.6486050084116635,0.0375587696659256,1.415432066435277
Allstate Claims Severity,xgboost,shap,0.5,5,42,0.613365190320955,3542131.066035825,1943.6254511629004,0.7712722519642543,0.8669465492424805,0.0547195458758539,1.692938347082589
Allstate Claims Severity,xgboost,shap,0.75,5,42,0.5996728257264815,3604667.904163858,1909.3688262281248,0.3706339711338148,1.076976547148712,0.07105833590719902,1.5186688541897257
Allstate Claims Severity,xgboost,shap,1.0,5,42,0.5929378781793763,3682602.8693999327,1888.9514172877084,0.0,1.251143719707679,0.088364502440754,1.339508222148433
Allstate Claims Severity,xgboost,shap,0.25,1,123,0.6732564621446121,3667390.43830582,1912.8060313826256,0.8889250045546974,0.9031843515633918,0.0279270691722847,1.820036425290374
Allstate Claims Severity,xgboost,shap,0.5,1,123,0.6198617548638282,3679514.419180814,1962.2915808984976,0.8651233135769958,0.8529313789593287,0.0324843742771337,1.7505390668134582
Allstate Claims Severity,xgboost,shap,0.75,1,123,0.6111888866562999,3473652.6745219254,1947.3801159499346,0.45927592199809786,1.0050190726872625,0.05550752031634964,1.51980251500171
Allstate Claims Severity,xgboost,shap,1.0,1,123,0.6177109394932213,3527732.103772532,1856.068438350164,0.0,1.0704748427365556,0.0774470832192058,1.1479219259557614
Allstate Claims Severity,xgboost,shap,0.25,2,123,0.7098714950391226,4180887.4060591008,1993.487232543432,0.905623981498866,0.6152519119547105,0.0325402711854318,1.5534161646390086
Allstate Claims Severity,xgboost,shap,0.5,2,123,0.6434932668214859,3751028.661918852,1872.0415565482228,0.9255960783467906,0.7760764541897509,0.0405415307349824,1.7422140632715235
Allstate Claims Severity,xgboost,shap,0.75,2,123,0.6323666338478171,3611966.0891380124,1877.0894816152938,0.46211896290865273,0.990726782727041,0.06389138432777243,1.516737129963466
Allstate Claims Severity,xgboost,shap,1.0,2,123,0.6336641729157781,3717657.169371619,1862.9763841238369,0.0,1.270149116859896,0.0894124739622521,1.359561590822148
Allstate Claims Severity,xgboost,shap,0.25,3,123,0.6203111265737011,3638662.327592853,1932.5424557115364,0.7585500272256925,0.6073795776840628,0.04561260680647,1.4115422117162255
Allstate Claims Severity,xgboost,shap,0.5,3,123,0.5939469827735611,3372978.610457833,1868.526733499627,0.749039057774564,0.9059970558069677,0.046532618398308,1.7015687319798398
Allstate Claims Severity,xgboost,shap,0.75,3,123,0.6094719662423552,3378354.7453624364,1815.2814563052339,0.38130425279534724,1.1366204377662004,0.06427082530659158,1.5821955158681391
Allstate Claims Severity,xgboost,shap,1.0,3,123,0.5955985170186197,3338831.046111663,1807.4008619372185,0.0,1.33273340242201,0.0828459702185088,1.415579372640519
Allstate Claims Severity,xgboost,shap,0.25,4,123,0.6187433916102568,4319775.401628928,2139.708222284612,0.778885013172097,0.7222799997569196,0.0302278462215165,1.531392859150533
Allstate Claims Severity,xgboost,shap,0.5,4,123,0.6235190252477573,4018955.771114737,2023.538580066197,0.8984166034108014,0.974678339702364,0.0519977435019174,1.9250926866150828
Allstate Claims Severity,xgboost,shap,0.75,4,123,0.6089802487972159,4200000.958098674,2141.566879807288,0.4583590445727749,1.14183434780646,0.057204335542944365,1.6573977279221792
Allstate Claims Severity,xgboost,shap,1.0,4,123,0.6331690950338831,4208833.809894709,2109.2527057014167,0.0,1.259962561644681,0.0605447889002408,1.320507350544922
Allstate Claims Severity,xgboost,shap,0.25,5,123,0.6022754546922261,3560383.373463713,1840.0827195452423,0.877339219748251,2.1567933315387093,0.0624076448877588,3.09654019617472
Allstate Claims Severity,xgboost,shap,0.5,5,123,0.6044149377919017,3186244.485746392,1860.9703296297928,0.9110719683741728,1.5222413383778295,0.0373149235082345,2.470628230260237
Allstate Claims Severity,xgboost,shap,0.75,5,123,0.5752963006162761,3230146.6029530736,1860.278771179777,0.46526655313035054,1.335202526428236,0.05310079413270907,1.8535698736912956
Allstate Claims Severity,xgboost,shap,1.0,5,123,0.5699325897757664,3358189.1475965995,1870.85564256678,0.0,1.1299489492285617,0.070315448684898,1.2002643979134595
Allstate Claims Severity,xgboost,shap,0.25,1,256,0.6494016629556886,4291110.696696536,2046.2181446532925,0.8726982939019287,0.683864856110361,0.0308294940046074,1.587392644016897
Allstate Claims Severity,xgboost,shap,0.5,1,256,0.6112786047555548,4300167.858181333,1996.6397963095435,0.7363460270539076,1.0665435718853993,0.0350768035513668,1.837966402490674
Allstate Claims Severity,xgboost,shap,0.75,1,256,0.606293470070258,4224306.863269214,2000.2553631620513,0.33049035127712795,1.0954582421799919,0.047961702622109456,1.4739102960792294
Allstate Claims Severity,xgboost,shap,1.0,1,256,0.6004598556816827,4164311.73187414,1937.5773583452,0.0,1.2442710690118532,0.0685218215265291,1.3127928905383823
Allstate Claims Severity,xgboost,shap,0.25,2,256,0.6208011957431676,3764264.996045295,1914.943897386228,0.8595348901404057,0.7057784952349584,0.0356065838844094,1.6009199692597738
Allstate Claims Severity,xgboost,shap,0.5,2,256,0.5781262886437115,3408900.676524708,1800.6371402928858,0.8352944083433469,0.9657277556451128,0.0685251131908267,1.8695472771792865
Allstate Claims Severity,xgboost,shap,0.75,2,256,0.5727475937923072,3431858.333473406,1909.6056950384072,0.4255164725524192,1.2445996278448288,0.07442267536923601,1.744538775766484
Allstate Claims Severity,xgboost,shap,1.0,2,256,0.5923602890687123,3634230.220051792,1925.7759007433945,0.0,1.4846742133113335,0.0846759690681703,1.569350182379504
Allstate Claims Severity,xgboost,shap,0.25,3,256,0.6661945408535446,3966294.009881858,1971.405030242854,0.8465160204485858,1.6243653147421302,0.0326960131172392,2.503577348307956
Allstate Claims Severity,xgboost,shap,0.5,3,256,0.6153150530332522,3511254.606723466,1957.689914773882,0.819026375608624,1.220156925047901,0.0387822358393326,2.077965536495858
Allstate Claims Severity,xgboost,shap,0.75,3,256,0.6112326586924646,3696695.4799257377,2052.8700943906993,0.3752581060994329,1.2528915715181366,0.048844695713157686,1.676994373330727
Allstate Claims Severity,xgboost,shap,1.0,3,256,0.6128118425289037,3716252.327916021,1992.582639384862,0.0,1.2823915897418403,0.0637591408107614,1.346150730552602
Allstate Claims Severity,xgboost,shap,0.25,4,256,0.7296009373732848,3693242.304584543,1891.257057573168,0.7816017563363878,0.5890278873096529,0.0462529613640294,1.4168826050100702
Allstate Claims Severity,xgboost,shap,0.5,4,256,0.7039961210440475,3465695.172295948,1908.6243097401907,0.7455221299069625,0.960635691274333,0.0493387692113543,1.7554965903926498
Allstate Claims Severity,xgboost,shap,0.75,4,256,0.6819988021005514,3437440.0316193863,1832.0504892895888,0.38395323224305294,1.0883648640040773,0.07542859265598359,1.547746688903114
Allstate Claims Severity,xgboost,shap,1.0,4,256,0.6630633034347265,3345395.317493012,1866.7384322725543,0.0,1.2600006065232348,0.0976360751323908,1.3576366816556256
Allstate Claims Severity,xgboost,shap,0.25,5,256,0.662837831770926,3927012.722139652,1906.5487160952207,0.857544040385975,0.4692197483678419,0.0131329414525603,1.3398967302063771
Allstate Claims Severity,xgboost,shap,0.5,5,256,0.6124699661154724,3601310.8860912262,1913.2125606419693,0.8405239330869436,0.680610327362152,0.0235085662096711,1.5446428266587668
Allstate Claims Severity,xgboost,shap,0.75,5,256,0.6041851518464358,3762431.5792054464,1912.7419456147102,0.3613043295676834,0.7852685193011657,0.039151870236174564,1.1857247191050238
Allstate Claims Severity,xgboost,shap,1.0,5,256,0.5886565701159652,3445497.35742365,1931.6897424079384,0.0,0.9450011784977166,0.0563351022990385,1.0013362807967552
Allstate Claims Severity,xgboost,tree,0.25,1,42,0.6264474589767494,3675389.458391599,1917.1305272181128,0.7532049069995992,0.6062793739838526,0.038784576987382,1.400673785014078
Allstate Claims Severity,xgboost,tree,0.5,1,42,0.5960509696378069,3514126.211538946,1874.6002804701984,0.7532049069995992,0.9124530880362728,0.0414601250085979,1.710034252027981
Allstate Claims Severity,xgboost,tree,0.75,1,42,0.608377336963421,3640075.1621925803,1855.476753575254,0.38092549216944155,1.1040117573352204,0.06333434518442779,1.5482715946890897
Allstate Claims Severity,xgboost,tree,1.0,1,42,0.5923090424001248,3505860.7933754805,1872.394401128,0.0,1.3021560130291618,0.0901302800048142,1.394964847015217
Allstate Claims Severity,xgboost,tree,0.25,2,42,0.6997302196856514,4027215.4896485377,2006.7923384467408,0.829538093006704,0.6222410679911263,0.0307068169931881,1.484406819974538
Allstate Claims Severity,xgboost,tree,0.5,2,42,0.6751262138775854,3849215.064177923,1961.941656670229,0.829538093006704,0.8721168970223516,0.0548665859969332,1.7587172969942912
Allstate Claims Severity,xgboost,tree,0.75,2,42,0.684087630666574,4083130.0591763123,1972.512167472066,0.4414608768560109,1.0469079786603717,0.06946505460701802,1.5578339101234007
Allstate Claims Severity,xgboost,tree,1.0,2,42,0.6646125799290686,3861394.349848425,1965.0430910920056,0.0,1.2326380729791708,0.0855368440388701,1.3203280880115926
Allstate Claims Severity,xgboost,tree,0.25,3,42,0.6419125000109791,3707590.083095321,1925.5103435441008,0.8910811200039461,2.119508848001715,0.0504470799933187,3.0633527649915777
Allstate Claims Severity,xgboost,tree,0.5,3,42,0.61291580869376,3563673.8042522767,1887.7695315509984,0.8910811200039461,1.3783555050031282,0.0368789149797521,2.3083658150280826
Allstate Claims Severity,xgboost,tree,0.75,3,42,0.613219962103165,3548473.6828306117,1913.173166989622,0.4246673385486336,1.2467522517190988,0.04976519002427856,1.7211847802920108
Allstate Claims Severity,xgboost,tree,1.0,3,42,0.6090848532014751,3587873.892652337,1894.1683907858712,0.0,1.1955444139894098,0.0639540700358338,1.2614626769791355
Allstate Claims Severity,xgboost,tree,0.25,4,42,0.6478288599661771,3856472.3770094216,1963.7903088184903,0.9316606630454772,0.6295341399963945,0.0294183240039274,1.592374237021431
Allstate Claims Severity,xgboost,tree,0.5,4,42,0.6073734934648495,3731554.6978389127,1931.7232456640656,0.9316606630454772,0.8018556499737315,0.0612547009950503,1.7973052340676077
Allstate Claims Severity,xgboost,tree,0.75,4,42,0.58926393582239,3666763.482081884,1980.971246262906,0.43021251622232715,1.00934113199231,0.07624873709293992,1.515802385307577
Allstate Claims Severity,xgboost,tree,1.0,4,42,0.601703133208413,3705550.706081544,1924.9807027816005,0.0,1.2418080210336484,0.0891854929504916,1.332995357981417
Allstate Claims Severity,xgboost,tree,0.25,5,42,0.6141007824414167,3700816.464425413,1923.7506242820075,0.7567074880353175,0.6096747789997607,0.0385076600359752,1.407238453044556
Allstate Claims Severity,xgboost,tree,0.5,5,42,0.6032488375715501,3640751.058414574,1908.0752234685544,0.7567074880353175,0.8710396839887835,0.0547865430125966,1.685256539087277
Allstate Claims Severity,xgboost,tree,0.75,5,42,0.5913629795358623,3774074.8504306823,1931.9335431012244,0.3726873096503731,1.0454250961476959,0.07506422412306493,1.493176629921134
Allstate Claims Severity,xgboost,tree,1.0,5,42,0.6008058841855012,3633972.4467169647,1906.298100171368,0.0,1.298901972011663,0.0918872890179045,1.3934429939836264
Allstate Claims Severity,xgboost,tree,0.25,1,123,0.6541367730774177,3793373.5733484174,1947.6584847833096,0.8612226250115782,0.9140044770319946,0.0279313609935343,1.8049822920002043
Allstate Claims Severity,xgboost,tree,0.5,1,123,0.6218946401149732,3642624.697519544,1908.566136532749,0.8612226250115782,0.8367665850091726,0.0346132690319791,1.7346888249740005
Allstate Claims Severity,xgboost,tree,0.75,1,123,0.6212255147477596,3671332.0883651995,1864.983286808412,0.4357596102969395,1.0010101075421103,0.053524233136346445,1.490293950975396
Allstate Claims Severity,xgboost,tree,1.0,1,123,0.6183134043122226,3619288.9230788033,1902.4428830003808,0.0,1.0994390940177254,0.0782312500523403,1.1809203320299275
Allstate Claims Severity,xgboost,tree,0.25,2,123,0.7221956680707985,4217246.399461856,2053.593533166156,0.9331859559752048,0.6094812519731931,0.0314042049576528,1.5758616409730166
Allstate Claims Severity,xgboost,tree,0.5,2,123,0.6530153252096711,3826113.8240375016,1956.045455514136,0.9331859559752048,0.801626232045237,0.0411958519835025,1.7780479119974189
Allstate Claims Severity,xgboost,tree,0.75,2,123,0.6631007130200567,3962987.786607901,2016.7382617516841,0.4499131891745019,1.0331363990785751,0.06576842139933119,1.5488180096524082
Allstate Claims Severity,xgboost,tree,1.0,2,123,0.6449752427814618,3728200.0591819095,1930.8547483386487,0.0,1.3286236469866708,0.0840439629973843,1.4153005449916236
Allstate Claims Severity,xgboost,tree,0.25,3,123,0.627278017713767,3587907.2333180187,1894.1771916370487,0.7527004410512745,0.6010370189906098,0.0455399859929457,1.4025692940922454
Allstate Claims Severity,xgboost,tree,0.5,3,123,0.5939459802748129,3447608.0898704324,1856.7735698976417,0.7527004410512745,0.8524663870339282,0.0444352460326626,1.6525718730408698
Allstate Claims Severity,xgboost,tree,0.75,3,123,0.590192926417555,3357275.483279683,1856.7925164728401,0.41800204679407715,1.0609477393471465,0.06503472432415235,1.543984510465376
Allstate Claims Severity,xgboost,tree,1.0,3,123,0.5910375212187438,3417053.259887713,1848.527321920808,0.0,1.2867522269953042,0.082198046031408,1.3729635669733398
Allstate Claims Severity,xgboost,tree,0.25,4,123,0.6412741986774192,4277683.5748298615,2068.2561676034866,0.843581899011042,0.7040350439492613,0.0305287299561314,1.5806653730105609
Allstate Claims Severity,xgboost,tree,0.5,4,123,0.6242847022673073,4150042.9937386815,2037.16543111714,0.843581899011042,0.9579339820193128,0.0494289530324749,1.8530262450221928
Allstate Claims Severity,xgboost,tree,0.75,4,123,0.6458904609691464,4302635.895185618,2093.5573870821045,0.4119408337999032,1.107075904506703,0.05304065037268379,1.57205738867929
Allstate Claims Severity,xgboost,tree,1.0,4,123,0.6186021055611953,4154113.335049194,2038.1642070866603,0.0,1.2435848049935885,0.0590773290023207,1.3052656539948655
Allstate Claims Severity,xgboost,tree,0.25,5,123,0.6147388843500632,3556885.3091270924,1885.970654365304,0.9078023559995928,2.1367923479992896,0.0603170929825864,3.1067283540032804
Allstate Claims Severity,xgboost,tree,0.5,5,123,0.5971445656930591,3421429.018157944,1849.7105228002413,0.9078023559995928,1.5035719239967875,0.0355893289670348,2.4490400290233083
Allstate Claims Severity,xgboost,tree,0.75,5,123,0.5937596623551402,3516638.610104473,1849.5095423122004,0.4857933802611411,1.342261059710423,0.05389167871605246,1.8819461186876165
Allstate Claims Severity,xgboost,tree,1.0,5,123,0.5944629646311632,3418815.351528126,1849.0038808850904,0.0,1.1862331399461254,0.0673340020002797,1.255634041968733
Allstate Claims Severity,xgboost,tree,0.25,1,256,0.6467846919962392,4185095.711509664,2045.7506474420736,0.8183223839732818,0.6667274149949662,0.0300700859515927,1.51790945493849
Allstate Claims Severity,xgboost,tree,0.5,1,256,0.604578466661112,4019488.604798391,2004.8662311482008,0.8183223839732818,1.017570323019754,0.0355651479912921,1.8736087789293376
Allstate Claims Severity,xgboost,tree,0.75,1,256,0.6041994696671432,4108280.342472508,2044.641848469428,0.3864317342845398,1.141802134741511,0.05383821581672782,1.5820720848427787
Allstate Claims Severity,xgboost,tree,1.0,1,256,0.5991670874490881,4006894.7778588654,2001.72295232354,0.0,1.292815538006835,0.0719796019839122,1.3670295809861273
Allstate Claims Severity,xgboost,tree,0.25,2,256,0.6257286987701338,3706316.6694210055,1925.1796460125493,0.8646163340308703,0.6886412639869377,0.0378709569922648,1.5937883959850296
Allstate Claims Severity,xgboost,tree,0.5,2,256,0.5935158255250654,3567533.037727127,1888.7914225046468,0.8646163340308703,0.9444927099975756,0.0691158130066469,1.8809643380227496
Allstate Claims Severity,xgboost,tree,0.75,2,256,0.5666628372526341,3521142.5727628483,1859.1000685820597,0.46279621358756684,1.2212471996874996,0.07646242894218618,1.7605058422172528
Allstate Claims Severity,xgboost,tree,1.0,2,256,0.5900262622136905,3519233.8863314986,1875.962122840304,0.0,1.48776003299281,0.081371663021855,1.572449630999472
Allstate Claims Severity,xgboost,tree,0.25,3,256,0.675027727927208,3916025.118470418,1978.894923554664,0.8328300410066731,1.6069179530022666,0.0314499700325541,2.47310289205052
Allstate Claims Severity,xgboost,tree,0.5,3,256,0.6195626026287446,3674035.4457460144,1916.7773594619728,0.8328300410066731,1.180677691998426,0.0383412609808146,2.053958890028298
Allstate Claims Severity,xgboost,tree,0.75,3,256,0.6132651806100589,3805009.454448165,1873.1611149172488,0.4351914709729504,1.2066581195849762,0.051618806632684575,1.6934683971906113
Allstate Claims Severity,xgboost,tree,1.0,3,256,0.6144233216669586,3677770.794012647,1917.7514943320075,0.0,1.2071733250049874,0.0636267060181126,1.2728807399980724
Allstate Claims Severity,xgboost,tree,0.25,4,256,0.7269066484395564,3625890.897081242,1904.177223128468,0.7421261540148407,0.6099227090016939,0.0462441670242697,1.4008387859794311
Allstate Claims Severity,xgboost,tree,0.5,4,256,0.6692274307638004,3442655.5707359305,1855.43945488284,0.7421261540148407,0.9441848630085588,0.0494229610194452,1.7388059709919617
Allstate Claims Severity,xgboost,tree,0.75,4,256,0.6631505680534084,3445387.402259314,1824.9582800368025,0.395475404054148,1.1200004105865995,0.07177018991121492,1.5872460045519623
Allstate Claims Severity,xgboost,tree,1.0,4,256,0.6653308518575057,3425498.797881596,1850.8103084545417,0.0,1.29303256602725,0.0957246869802475,1.3915089599904604
Allstate Claims Severity,xgboost,tree,0.25,5,256,0.6703399044259223,3872975.395884428,1967.98765135466,0.8704848139896058,0.4678236110485159,0.0131669519469141,1.3533089269767515
Allstate Claims Severity,xgboost,tree,0.5,5,256,0.6029338898934297,3564456.696553458,1887.9768792422904,0.8704848139896058,0.6627592630102299,0.0224132720031775,1.5578047629678622
Allstate Claims Severity,xgboost,tree,0.75,5,256,0.6111204613250321,3407648.7114672475,1873.1826235413696,0.46889165253166437,0.8131109335680488,0.03762372471630194,1.3196263108160151
Allstate Claims Severity,xgboost,tree,1.0,5,256,0.6003042680620674,3539764.360783266,1881.4261507652288,0.0,0.9504571060533636,0.0540584500413388,1.006522463983856
