,cat1,cat2,cat3,cat4,cat5,cat6,cat7,cat8,cat9,cat10,cat11,cat12,cat13,cat14,cat15,cat16,cat17,cat18,cat19,cat20,cat21,cat22,cat23,cat24,cat25,cat26,cat27,cat28,cat29,cat30,cat31,cat32,cat33,cat34,cat35,cat36,cat37,cat38,cat39,cat40,cat41,cat42,cat43,cat44,cat45,cat46,cat47,cat48,cat49,cat50,cat51,cat52,cat53,cat54,cat55,cat56,cat57,cat58,cat59,cat60,cat61,cat62,cat63,cat64,cat65,cat66,cat67,cat68,cat69,cat70,cat71,cat72,cat73,cat74,cat75,cat76,cat77,cat78,cat79,cat80,cat81,cat82,cat83,cat84,cat85,cat86,cat87,cat88,cat89,cat90,cat91,cat92,cat93,cat94,cat95,cat96,cat97,cat98,cat99,cat100,cat101,cat102,cat103,cat104,cat105,cat106,cat107,cat108,cat109,cat110,cat111,cat112,cat113,cat114,cat115,cat116,cont1,cont2,cont3,cont4,cont5,cont6,cont7,cont8,cont9,cont10,cont11,cont12,cont13,cont14,loss
cat1,1.0,-0.1681698064903936,-0.09724583505967299,-0.027432830266445503,0.01244288455071465,0.07921281103247801,-0.0692938305920704,-0.08425584621032765,-0.1591946784042763,-0.14209992628628285,-0.10149709516155803,-0.14477669983071625,-0.09844478285126773,-0.041662527075075374,-0.00040594248510547967,-0.07710021530887069,-0.03507236561055531,-0.029126830865981338,-0.0405864170994294,-0.013324452455142062,-0.01643851535175925,-0.0029925866450376914,-0.07875111875610322,-0.054696780935273324,-0.025898880655425737,0.004665445077851425,0.0398000014908607,-0.06946946301825901,-0.04890697640956774,-0.025331790746613576,-0.030635556023191665,-0.000729881286423157,-0.01584455318346234,-0.007744159320299986,-0.00215651866404699,-0.06126801162844188,0.06438780201033004,0.0011700699754142569,-0.016103832712133143,-0.08396989269166974,-0.06546955388153601,0.011719167465493929,-0.019627753004460232,0.05168978582242153,-0.04705159246615115,-0.013148276265069913,-0.0024401153841078576,0.006246518021340351,0.013716103962703657,0.07085230347439846,-0.011469622974255928,0.008340509254300969,-0.02216951878295473,0.010921705450316723,-0.008423361800084864,-0.0036385566593208104,-0.061082325516575435,-0.015657245702146487,-0.01895413009846957,-0.01409952349284237,-0.023528155523416503,-0.006500997226364972,-0.008174284032698284,-0.006747672072571618,-0.03821944831904194,-0.07691639920220952,-0.020079972922206774,-0.009521468883458927,0.003277371761665474,-0.0007918299395004848,-0.00038984448490198573,-0.20295881278158467,0.3016335241615003,-0.005450042079841779,-0.014687635223837195,-0.036451412997880545,0.002757700232556014,-0.0186062350947035,-0.15888315397767552,0.20905351832525762,0.09134252781698018,0.09688323489742921,0.011566843161314415,-0.06864716505488466,-0.027662919613085372,0.01307353779988609,-0.13352727319356908,0.005289414213167121,-0.06662862187182614,-0.09362401777090813,0.05298246761962503,0.009967091047572596,0.02751744802686988,0.029807131537013084,0.00034985251916253306,-0.0006902779964296957,-0.01911178720773211,0.019608511744355673,0.01300786780913953,-0.14457011117066032,-0.18254042754524544,-0.07760140150047767,-0.02577680509803281,0.031677895356199304,0.02497444134890664,-0.04836898732732178,-0.01278979977766515,0.00865845891579276,0.017703365048235116,-0.012477657847515238,-0.05642867007281161,0.014901830410517005,-0.0006092776147750684,0.036125022476745,-0.0025846604697513076,0.0367380672805973,0.041513750573911455,0.022928985056425176,0.010643014932210607,0.003249334166155086,0.003277674903270075,0.04106728661869158,0.043457650215221695,0.009232450827939158,0.03513049517830846,0.04737982247471214,0.04549142781438827,0.04501601696845633,0.018648637163066827,0.022791372596797924,-0.22210474388939894
cat2,-0.1681698064903936,1.0,0.1391628742485059,-0.033319979861612184,-0.06288353215148786,-0.43801537156418574,0.07073231306791511,0.0010355165111932713,0.9324202124185813,0.4789947634905108,0.39567297384449934,0.48287484264554337,0.3883162303891516,0.12652170325478607,0.015368114855129913,0.19386731783200636,0.04486229421217217,0.006728830848188398,-0.0474083246373619,0.023978923987278602,-0.022896529787922754,0.00806301557604275,0.23827435259656565,0.042980557843960064,-0.07922814487735795,-0.15530286957294523,-0.23311703271459427,0.05816821787606676,-0.08234751921942142,-0.08678887199425026,-0.05229759593694752,-0.04406939125631629,-0.02511718485162158,-0.030267175953472072,-0.012526768060228776,0.23237228315773467,-0.24626860711496737,-0.0893656045310994,-0.038944118035060954,0.04266314936016022,0.027595053887847304,-0.05621433928002568,-0.09507257180955535,-0.18762167626775222,-0.08510098132869337,-0.01744765981329472,-0.033036109508950945,-0.01661458698517542,-0.15648839238407564,-0.40808527123408217,-0.05487484116758584,-0.1486923872101565,-0.1974067312923214,-0.10678485800958294,-0.01615957448827272,-0.016850264623357064,0.07705827263370957,0.013678102821463605,0.0013467016643802245,0.006338471551680696,0.013726693847856181,-0.0010387328922389397,0.002496097351147188,0.0017877311725390508,-0.007093474913253433,0.0022436197433686766,0.010477654160472966,-0.0005964066498953418,-0.01700562204830692,-0.008694274273539094,-0.011157226045243097,0.1372661267344689,-0.13204885043617723,0.006321260451477554,0.028435040740374062,-0.021840163064090794,0.04660252466807485,0.0405447469166739,0.17051548720311321,-0.19876684453893154,0.0021881667103310957,-0.07080239270995542,0.007543004366257951,0.0574873125786783,0.04280929550828774,-0.05125122839509883,0.22933759135730195,-0.03440774166773028,0.06621465395639489,0.13402481838732005,-0.040285584379070254,-0.039700626020513406,0.011932469012386138,-0.026863357105704477,0.0041266968745106245,0.019355993109374896,0.0066509726001355305,-0.05356627010282889,-0.042953453458651224,0.10372398425158431,0.7625680170831315,-0.0027924725230197294,-0.08743269573863013,-0.052549376796429556,-0.013904208676335881,0.05823870844585423,-0.015939965818334702,-0.03395404593967174,-0.022676567759603982,0.011559859209225464,-0.06040756213835086,-0.009455035390257644,-0.013883275684823358,-0.3635875953051066,-0.03219674813869861,-0.050346801586881595,-0.062563168517777,-0.03766441707763718,-0.002510005115534415,-0.016106256045651624,-0.010100293658747567,-0.07073756940826002,-0.04903182073706734,-0.03599714343293268,-0.06541711883993105,-0.07793459059239086,-0.06109040967637919,-0.06125478631967239,-0.05991224024155457,-0.020616532885235947,0.22966531297670148
cat3,-0.09724583505967299,0.1391628742485059,1.0,-0.01694880413169491,-0.02141624672256451,-0.050747982849918806,0.08428234438320752,0.12285694202860883,0.14046809174076566,0.21525152528885205,0.11770976589746994,0.1993107994263233,0.12325709856124299,0.02884700642592006,0.00718068088658507,0.7834801970363905,0.34737215319659165,0.3013770530654106,0.4087940663182051,0.1367291002498704,0.1946535322185828,0.06274719712970846,0.03612285711621414,0.0004317914907248004,-0.03146632903429759,-0.043597145481571786,-0.04991630193086647,0.005214038691869839,-0.006572320806554181,-0.013376939729677356,-0.027643323951190388,-0.010037766039385531,-0.007699470404584245,-0.008818293385389576,-0.003940669459609206,0.033615081434432696,-0.052446496804011346,-0.03481344619104627,-0.02660618516259108,0.00439746364646516,-0.003361319425517333,-0.011591835470595033,-0.016684043502620267,-0.057325228956262075,-0.00408500113984804,-0.0066136504423787,-0.00821021721968911,-0.006021095278402714,-0.014931673360147427,-0.04097306430699689,-0.007871933777291276,-0.009740623704361365,0.004205411526788548,-0.0037641907433869485,0.004246933686505775,0.0037696281360190234,0.07542652037566906,0.01958811847390718,0.015530244181471422,0.03001601267928211,0.02280376761405627,0.009859207671156238,0.012153059719902277,0.01096201830538653,0.04881737690100696,0.12406596986354312,-0.001904699437582831,-0.0023671315314487806,-0.0022157149631482436,-0.0005510050343650282,0.012016671349068834,0.07864588970384671,-0.07621621248629103,0.007243533846913693,0.015413862457015674,-0.006759923042939879,0.012037286782884958,0.014457128282576753,0.22961730234501906,-0.29164246955969125,-0.022483175728757496,-0.028634092471790176,0.0007787264230805811,0.06602219406070257,0.025201919288132646,-0.003796876703481715,0.4792687009893462,-0.017782876337343132,0.08218080159936436,0.9557375939749596,-0.04526201295045098,-0.011632762142023717,-0.004022599728786116,-0.0017697400848812675,-0.002149107495047961,-0.00047317661416103817,0.022150690685696594,-0.0018444749700946472,-0.010305452101654915,0.05715625833293333,0.22220633335772347,0.11519764724749008,-0.03516662612351824,-0.0258437271475324,-0.004815418764856569,0.030588423923687148,0.02292235490735612,0.009938991770610733,-0.01239760927366422,0.004779169565915137,-0.028511552012051897,0.002832146427933915,-0.004805800600361902,-0.027507694387072158,0.005253590447565606,-0.02623114264196111,-0.041266838014010106,-0.00821304662709605,0.008733436551646698,-0.008356592396064066,-0.011571703404214404,-0.02647132798630498,-0.02143376975456223,-0.005466807113252408,-0.03301834598804435,-0.03338752947051104,-0.02252642383302661,-0.023136703759193005,-0.009417763902783883,-0.0012097330262468625,0.19317951947013418
cat4,-0.027432830266445503,-0.033319979861612184,-0.01694880413169491,1.0,-0.2795758676210429,-0.13159786341951457,0.031885112794677956,0.0034832090189224544,-0.032739724085788645,-0.017150615774099886,0.19355697648529285,0.0031972393570025284,-0.09430789776444155,0.012877971779548067,-0.002391910955182136,-0.004526944631905811,-0.0013070659845983124,-0.005062700691170134,-0.026458787814327353,0.010427346667440298,-0.0013202036265423862,0.007785001027884867,0.6481899031055084,0.2732422846329433,0.48094855315197144,0.368073311456802,0.5055356552129113,0.29562459971101307,0.20793749435362185,0.2031310329481869,0.25001424552423923,0.11776177299744078,0.10461492617716074,0.08164173746454412,0.049256881613718384,-0.14193567183523703,-0.18494964998411184,-0.17494478505654115,-0.08680665551766314,-0.06748433004281364,-0.07999882899997084,-0.042050437678262303,-0.06702848456467941,-0.17480468082570144,-0.052795728822911885,-0.03567549476964255,-0.029402800883904453,-0.018593561672926157,0.08298883110088155,-0.12886854620494057,-0.02119711163540237,-0.09701591810095664,-0.07247638332728028,-0.033740342842110665,0.004052958006566931,0.0026003749721113132,0.026528485862814553,0.006068194877251247,0.005871565995247388,0.005882878110333042,0.0186798477655209,0.003452666709144777,0.0010367121681219762,0.0014756299325826316,0.017710375789587986,-0.006735840907994222,-0.0011672809825487773,-0.002153310375900853,0.021847840654138317,0.00070294814076005,0.004408734628294451,0.06745206388683528,0.04598692677240195,0.007536023219335541,0.008900528355667972,0.0027656335051876053,0.037095910514297135,0.02485710071540535,0.07919340586623506,-0.10865839100826477,-0.12393872810760037,-0.021814374239847726,0.0006657459473966361,0.0735776993144161,0.021372409697556657,-0.015464601581072528,0.015903290131119102,0.012434576326653853,0.030812061440997265,-0.013441361554052324,-0.07163833644426668,-0.03886524428626684,-0.0005769419897532133,-0.01557798921534436,-7.497292157204403e-05,-0.005749485897213735,0.0002655221848386597,-0.02470554521727713,-0.013020305312764416,-0.0421271169654682,0.011613520359955103,0.002674364754387418,-0.24932998030409917,-0.004734904351760297,-0.0020434860751753934,0.012874493147520124,-0.014517557579106338,-0.01559172450483661,-0.006970305140980268,0.00893561627404914,0.8299290132444127,-0.009393303781022011,0.0058167741472815206,-0.09775481288965363,-0.010100937180820857,-0.01001316699414686,-0.0014651163147837104,-0.006630602593283369,-0.0046391437508796155,0.00888761044530646,-0.0036436063285760502,-0.014692184547175753,-0.018693444433746594,-0.002064538122223564,-0.001058127220875363,-0.01250504470434259,-0.011524771569628396,-0.010821423662306226,-0.013735100649959286,-0.01958451853765993,0.10610685151940148
cat5,0.01244288455071465,-0.06288353215148786,-0.02141624672256451,-0.2795758676210429,1.0,-0.16734477067499062,0.026698536750248837,0.014455353440907485,-0.07010890833954073,-0.051304760204977366,-0.1089721810068247,-0.020612050973486944,0.17854234105176964,0.021508106806266615,0.00028323841315860846,-0.007398506255361037,-0.0030837726281407016,-0.011228733416493306,-0.016981791006164978,0.0020543695244460273,-0.014021162718377552,-0.0035140592366367175,-0.14973376474258365,-0.07842251250543238,-0.17682461080175205,-0.1484550540804118,-0.17982291051607494,-0.0691142390101726,-0.04968368387848658,-0.0652520160610552,-0.0944082892792938,-0.03236976036981636,-0.038416812736272864,-0.02882576506590376,-0.014991655398605532,0.6263380199712838,0.5110303060143763,0.46361670932398746,0.22683452082387373,0.295323555257486,0.2748054825063561,0.1319166689773027,0.20926499383707986,0.41602675321379956,0.21227192878634477,0.09495223620365051,0.08460973283950844,0.05235257338844575,-0.11307599415579814,-0.1639807179483577,-0.027260282246765265,0.06338361193580029,-0.08525958281136617,-0.04560712694218112,0.006160106565613449,0.0027309383490599077,0.02756622796259167,0.00503940803016994,0.00227742666745244,-0.0039007278470636368,0.01437246856906183,-0.0003127436851817716,-0.002781660696881377,-8.355677922962478e-05,0.019744831737537046,0.007792941742296722,-0.0019064153519345135,0.005828994922492479,0.0065768724283139,-0.004947608998981555,0.007152141752098258,-0.018591381665093415,0.00730234661209094,0.03383770874167527,0.0006997560087718921,0.0019510434231333727,0.03736055009374177,0.019565309021342587,0.06487133240055432,-0.05820989635313467,-0.10293114209663058,0.004458691656606149,0.005785524809106363,0.06258656325346043,0.014009484821772245,0.0208078962555136,0.02629961133382743,0.04057551349044977,0.025361986417350265,-0.01819247432744983,-0.051244798711188186,0.03829374946472098,-0.0028797539116046816,-0.010103524780567747,-0.012240823333860833,-0.015395495302752861,-0.0034217064747918704,0.010444470419600626,0.006853544647423385,-0.08032240811857733,-0.025033643065380973,0.012341263420284769,0.7845866910253383,0.032537587840695215,0.004710798855309445,-0.019618208513657018,-0.0019135221697698067,0.00879325903827161,-0.0010277948094243917,0.0026046691399053234,-0.25623548957491915,-0.012630764300195087,0.01876033395674364,-0.13098886895650313,0.015494847872879141,0.025046709940400716,0.0403644848751753,0.012555261400340127,-0.014004626247296776,0.024819809228042763,0.0035634010701166598,0.030375183993873962,0.0010136347223565455,0.02414538056603079,0.042966357015780735,0.038624997994035876,0.024901195439312802,0.026003981357729026,0.028852611497760486,-0.016415935499725098,0.10614230379663095
cat6,0.07921281103247801,-0.43801537156418574,-0.050747982849918806,-0.13159786341951457,-0.16734477067499062,1.0,-0.04884601076676077,-0.0581472550912747,-0.4097535748457181,-0.22761560661464525,-0.19276266661277885,-0.23107442491932906,-0.1884156461353897,-0.045525272916177376,-0.007949708362660493,-0.10594058267488125,-0.03478975449707869,-0.025304214959717367,0.10977292784591763,-0.008216538392085743,0.0031725395085901212,-0.003011780660005358,-0.2370053906621743,-0.0990996201651222,-0.15507830634285258,-0.05838600289607233,0.16617425447103878,-0.1080813291604834,0.02394596229517913,0.027230450543680746,-0.07445770718865163,0.02040785221607009,-0.03057811175514862,-0.0028328808198286775,-0.007251002732452719,-0.24204641715732145,0.11828610303821009,-0.1591784339080609,-0.07320747584057372,-0.11317380686723741,-0.10684004985274274,0.0105856692093986,0.004991107998335031,-0.09243558849670595,0.0050177343221294015,-0.03276939467510513,-0.0071845756827195115,-0.012229415065543201,0.3454443508038543,0.9257306033210934,0.12451085944736907,0.3379098472895172,0.45461212612495505,0.2401271361280296,0.042333344885986786,0.047432605239186396,-0.05673890966123872,-0.0006064497569350639,0.013006529523811374,0.004262777191059845,-0.02250389612896439,-0.001896238278670175,0.004662963326794256,-0.0022963356391785556,-0.007138839314687442,-0.06381879800777633,0.004578638875629702,-0.007466163754551737,-0.014154411236001418,0.009519374017677247,-0.0025316585693315307,-0.021781464875112264,0.05658845593475974,-0.03145925316444002,-0.015412006550119184,-0.023765925331177638,0.03628231064595576,0.010708535275898783,-0.12736036239412174,0.1698593043214877,0.13272106980113532,0.01412413069752587,-0.0075412466600736855,0.011084243849698007,-0.0011473841046892278,0.0605096115510253,-0.1383137758868587,0.024041778449986558,-0.04513543483255407,-0.05203577249183401,-0.0069467276423337745,-0.08682089480427674,0.009799648926473661,0.026076568503360258,-0.017866056511017015,-0.010790026203220343,0.004065019885365181,0.06155728148061109,0.046041027686467846,0.03105736195727865,-0.3528094782653427,-0.053025102176531835,-0.15961111921901755,0.03691239171356565,0.011317645498573642,-0.03422446922428771,0.04325251262620394,0.04802641347102684,0.028145688114733593,-0.012151880340609444,-0.13787488129780687,0.017171676502487552,-0.007071358906181195,0.8279315975528734,0.05500260686543069,0.034571441298695285,0.033271044152313856,0.03791255375584922,0.006192174639504342,-0.006142085059437561,0.007660335037639333,0.05647940910018816,0.04199025186099473,0.030633643131689935,0.040038499602448756,0.04721980627634173,0.04787642719429562,0.047394539073990244,0.06324887087629541,0.022795803967073446,-0.11688331272653094
cat7,-0.0692938305920704,0.07073231306791511,0.08428234438320752,0.031885112794677956,0.026698536750248837,-0.04884601076676077,1.0,0.056191801990043276,0.07159961331405872,0.09877623688155475,0.07669517796127351,0.10116364408859621,0.07672461380705713,0.08669648305539901,0.0030145826530997523,0.07870114138401191,0.05613482052718416,0.030109306177535582,0.01099643935556118,0.0315054180471216,0.0036638820583285293,0.022728639059089627,0.048648114504702626,0.03097602859292594,0.018997786104202163,-1.3398902955425425e-06,-0.01614552058943978,0.04279659893318569,0.023663640430340464,0.01306827442561276,-0.0032534666672486843,-0.004925422288154078,0.02268173486002109,0.004228150729596302,0.005979369795991593,0.04349898550809345,-0.019604528426198024,0.01668124785274287,-0.004024999239240733,0.04815082599756969,0.02953712873256436,-0.005540344368957454,0.01745510095454305,-0.0037481037105579324,0.028064612321508312,0.018984653852427126,0.010747123627316595,0.0004259190991655265,-0.014446484439849366,-0.04678317712564519,0.0032799483706443286,-0.011604858487134844,-0.009738586885347966,-0.005985035262925236,0.003081768481021956,-0.0015769582834769607,0.8094177258061159,0.2259369699257458,0.25317418239444023,0.30881252266784254,0.3932016348982759,0.09798751378924685,0.12984261253021542,0.10014187471562488,0.035482612778192216,0.04453037434036788,0.019492380436186667,0.006975613885561245,0.011579852722621842,-0.0017437572286433767,0.007044708698206941,0.08436146375917565,-0.055459712915262804,0.011793851992392159,-0.021797777887212627,0.04990393306549393,0.008123796258899724,0.012030137029943409,0.17127490049620467,-0.19167430492579204,-0.07496752035859537,-0.031039430926360707,-0.00435219278433904,0.053085241798987194,0.027179613529503918,-0.004148277101930149,0.1311296784216507,-0.0031050362672297893,0.9555037926264303,0.09155884136110025,-0.04117246782004496,-0.015965767379267706,-0.002172421494801256,0.03464312178045711,-0.0072746120492771195,-0.005551384412033868,0.00555734339568113,-0.0068045974377441395,-0.01415447818959883,0.008569663833892604,0.12325458925643681,0.05602087151549364,0.03250835392463069,-0.008817195877964104,0.013744260311623919,0.0054765155579206935,0.0045010654229199806,-0.0017352970265022655,0.005408933519286581,-0.0039007628992287395,0.03564856089746004,0.00021792342305789657,-0.019374735265617,-0.034514472926474395,-0.003885809654025201,-0.010591731310915217,-0.01399083470127187,0.04824049008040204,0.02867192255253387,-0.007851574094722744,-0.004745569242443636,-0.007371187181142738,0.0053120213382402345,0.002768962937086299,-0.007756675298667726,-0.004984994321752162,0.004369709277159294,0.0032796541780128257,-0.005511348778720427,-0.005294643938695794,0.28021582959901636
cat8,-0.08425584621032765,0.0010355165111932713,0.12285694202860883,0.0034832090189224544,0.014455353440907485,-0.0581472550912747,0.056191801990043276,1.0,-0.0009647175569063428,-0.007118350924019615,-0.01928399085716337,-0.017784506083421987,-0.020611280617881964,0.04682953988376167,0.006738708964490671,0.04791036434085132,0.08112614214792965,0.10676919228291243,0.07786727964086515,0.009643479856261983,0.051588091083186155,0.008194395994884364,-0.0043685231461027,0.07406299097588759,-0.012733711700430634,-0.01526796709527739,-0.02753252356015842,0.10461267769227087,0.07182793223846594,0.03840154673079371,-0.005862515425168084,0.003104588470762678,0.011402966982768397,0.011279957308684732,0.0077381175512845546,-0.001561402183736661,-0.031562261099163096,-0.009378589602195458,-0.00011739975736041186,0.12206545995445336,0.08841363677119891,0.0006211947752112235,0.0477408350685167,-0.024021370066790552,0.08405381597723709,0.010021320201975614,0.012205863272116788,0.0067167045517973764,-0.01867197006116989,-0.05689790616554979,0.014453672926039838,-0.016890024673506733,-0.001182335600339342,0.0015902285335714645,0.011811465094913107,0.005328835728577391,0.01902401261523195,0.018398875394764955,0.020064437660937504,0.03154422293254598,0.06460393047905748,0.015149752895036988,0.011441715619876265,0.020379200280662695,0.4417573493992258,0.8622310124312796,0.24331330637445828,0.11005793982619591,0.16189628424324087,0.044279616126057145,0.02209348893677625,-0.02417600962644342,-0.0825869557012949,0.042870598199221184,0.010242467663886864,0.026336512811733742,0.013895255922753851,0.020564861574427006,0.1448499087822228,-0.20907155723901194,-0.015033525069568753,0.015659509322974618,-0.001203751760315037,0.034304511262749054,0.01955042963880124,-0.03203102749503197,0.1386009848898741,-0.010382191676113487,0.058562752885450035,0.12955583765007347,0.008945788218402948,0.17915888910261887,-0.01498683020946578,0.0020431395183563798,2.9013642646509455e-05,-0.003349360606155337,0.005441155105366203,-0.03363944234542968,-0.030393085587323516,-0.08338998000317384,-0.01291778742135482,0.9007994110158828,0.037663261993725244,-0.012634759469887112,0.019692353394841752,0.00848478419954959,-0.00988605948138008,-0.015228141361999953,-0.012613949152023783,-0.0005835065420184061,0.027473104124715254,-0.007474630585782971,0.009135161946966919,-0.03619972782459802,-0.023216590494744397,-0.009770048115528018,-0.02948213003651459,-0.0002907533847344549,0.019137759917046495,-0.006382639579258219,-0.007643609283312771,-0.02313284476773125,0.0038435656002572312,-0.005075941111845267,-0.02012188482401655,-0.030032285023555906,-0.00315622138288215,-0.003387142967370053,-0.030444738325911977,-0.00147429196067881,0.08523004932228115
cat9,-0.1591946784042763,0.9324202124185813,0.14046809174076566,-0.032739724085788645,-0.07010890833954073,-0.4097535748457181,0.07159961331405872,-0.0009647175569063428,1.0,0.46889011073860565,0.36487305263096903,0.4340902298194117,0.3417425733720179,0.060990095038951454,0.015674960095101904,0.19324283006462206,0.044020158798955204,0.007941667247279691,-0.04358034445502046,0.022591904913198086,-0.021071682411569564,0.008489332952500392,0.22539774701152138,0.0387107536675681,-0.0824771430517438,-0.14944774981008732,-0.22075187345035438,0.055493105130067874,-0.07836513383437513,-0.08192409487162503,-0.05954941134773493,-0.04334621949730352,-0.028534899805716694,-0.03006824375448766,-0.011951928068271382,0.20788599163095303,-0.2351963533498501,-0.09698469744153608,-0.05289607133582525,0.035817304741063274,0.020809077547643797,-0.05462549259593386,-0.0910563086020207,-0.18266283149465537,-0.08219122862122566,-0.02369118535146612,-0.03363446238203751,-0.016482246549951604,-0.1468901312410557,-0.37983647882133986,-0.05319765417058326,-0.1401499553546834,-0.18419396457916465,-0.09965644130372836,-0.014814458620357464,-0.015588213967158133,0.08009982273269035,0.009613430452982127,0.0019599098789516703,0.005110475480201524,0.012053587474431903,-0.0013809847690415846,0.00341783769464227,0.0008461617622100125,-0.007686090966344784,0.005714620931166087,-0.00650791619726035,-0.003831900752080531,-0.017357983455578388,-0.008029748879227354,-0.013855112713819794,0.13747552001662283,-0.13157933711684486,0.005125209389521232,0.022600386844091724,-0.05105093202946888,0.043381418779138196,0.03535910608507635,0.16751259813117175,-0.1937051663611237,0.007450890870629753,-0.0675759384956774,0.004905626518833217,0.05590500979193907,0.04085020239126751,-0.04180637824768217,0.22746085093129392,-0.030101213067396278,0.06677016502472732,0.13526849546602518,-0.04085779369202884,-0.04426654572091073,0.012641131139006527,-0.0189632822404814,0.0001489097556333533,0.018898311908817887,0.007700356279907932,-0.044762313619174925,-0.037326631749462984,0.1054759523310675,0.7520220510426427,-0.0033173851237402294,-0.09685264744662529,-0.04557521737072197,-0.007871689342323261,0.052325008303067945,-0.009662535153136314,-0.026060942779780525,-0.018473212480840776,0.009477012834461574,-0.06196469525451545,-0.007123643377086128,-0.017048632624880433,-0.33957397553339674,-0.02458763208957148,-0.043677288889788494,-0.05659608884470987,-0.02556421065828701,0.0023208985175550475,-0.016392255043078088,-0.0073510411197479815,-0.06170943518815439,-0.043614569628790276,-0.030763185161167335,-0.057627740824421715,-0.06814799285895504,-0.050524742745213486,-0.05070885873867493,-0.049689732271784165,-0.016651101788964614,0.22187012692636346
cat10,-0.14209992628628285,0.4789947634905108,0.21525152528885205,-0.017150615774099886,-0.051304760204977366,-0.22761560661464525,0.09877623688155475,-0.007118350924019615,0.46889011073860565,1.0,0.3778036475211491,0.5684405483149424,0.34689174000140843,0.07256381823184832,0.023210597248509473,0.2709314284691048,0.06361215971963174,0.021402167714469563,-0.024884861424452568,0.02652689468388579,-0.011352948055617948,0.011424206742977767,0.12407736259967587,0.008067859882269829,-0.049219877796850144,-0.09082441002867792,-0.12547569179053655,0.01433018336699205,-0.04729674797839407,-0.049693980418297146,-0.046304090704419154,-0.026051398419486442,-0.014005332110591778,-0.017463748524063297,-0.008330202148321959,0.09881698873448228,-0.13440194407360642,-0.06452132489542832,-0.04295676016573803,-0.0007037820448171425,-0.01121486936353317,-0.030763922449639883,-0.05253173992840181,-0.10977233514559527,-0.04941010847346645,-0.01083300946599249,-0.017036589256749526,-0.010711442229692114,-0.0756452522508878,-0.21137496172685874,-0.027397259227190253,-0.0734003025608792,-0.09312026289127096,-0.04771449512946301,-0.006791095915287283,-0.006312542130127952,0.1147999660516986,0.014789015919321231,0.005316357428578869,0.010864792417019523,0.006570389481793559,0.003166410051721177,0.0008804790877336452,0.005647019403541526,0.009222177406957367,-0.014061963081142582,0.004857969189090617,-0.00010445406550178974,-0.004734664158828542,-0.004629002789951413,0.005301842019976728,0.14335331348305155,-0.11021224469223227,0.0014869940907544675,0.015764987940622685,-0.00783071277611528,0.022070558551078884,0.018983922941179013,0.20310604369062438,-0.23190600093949773,-0.036393906113922146,-0.05082355670478404,0.0014070962251605645,0.007131755016422322,0.03329337456960503,-0.021145329103738012,0.2866658771722169,0.0011357599115980196,0.09404512401667538,0.20931459819446896,0.01157137958751667,-0.03387579688623499,0.018387820292186267,-0.018493405890937082,-0.00033713672999576764,-0.0006582364944873141,-0.0014685916387286184,-0.030446124597837323,-0.013228863636573815,0.12402269303554261,0.7678706537512888,-0.004786066497176057,-0.07521048840083806,-0.017693053234028682,-0.006308159859327854,0.02439354242737348,-0.009495419374760719,-0.015553697420918628,-0.015775763463729983,0.007183462002257414,-0.04568925536457544,-0.006749974601323035,0.007325601842936418,-0.18239774872661646,-0.008943717975687484,-0.019603309165376892,-0.019665118590215136,-0.00918051470806635,-0.008655109302401048,0.003906498922350671,-0.008977004758758447,-0.029572995986058635,-0.02644190942404081,0.0016270137623834874,-0.017891552456561738,-0.03747600207738017,-0.02585652930831421,-0.02548135852003383,-0.023852644593158265,-0.009780302527951985,0.2821621420527692
cat11,-0.10149709516155803,0.39567297384449934,0.11770976589746994,0.19355697648529285,-0.1089721810068247,-0.19276266661277885,0.07669517796127351,-0.01928399085716337,0.36487305263096903,0.3778036475211491,1.0,0.3869728090231318,0.31537159988318164,0.05150905699854825,0.011979173895454302,0.15381000545718893,0.04345107126041596,0.011301884156048603,-0.025604587648141674,0.03040097855010113,-0.009607387702541555,0.014107618312955792,0.36107541741831467,0.0888051465924526,0.0338674537380998,-0.05734953446451054,-0.08885486789718748,0.09831086534682869,-0.032239368681278587,-0.03400073864963667,-0.00835206510531719,-0.01643905317631923,-0.0020078105978774685,-0.011569637201424026,-0.0014165734528800505,-0.00043337447704185853,-0.11477242535777421,-0.07393710549009741,-0.043990086586723806,-0.03027624595738666,-0.035486495675077265,-0.02805938471431953,-0.04498037760140907,-0.09438437751454119,-0.044569356401186484,-0.015426921085340169,-0.016915091813862766,-0.010810305914869077,-0.057632013349847654,-0.18045682549846015,-0.024009539726974272,-0.06160752082719396,-0.0853090029636918,-0.043515676470175575,-0.0052670442287881345,-0.005230170521381156,0.08601598140299725,0.011802147337421616,-0.00046163379887075793,0.008598662702316037,0.014408855805880345,0.0024342205677837943,0.002983123213716924,0.007589061665263106,2.879375341718272e-05,-0.022822737558928406,0.0002903396380834817,-0.001365101210337327,-0.0033310252829444804,-0.0038237814678548985,-0.004514017944434383,0.1268891610218252,-0.0719045196361469,0.001835064733578294,0.02470206469030805,-0.009462306876010974,0.018128174922425255,0.011215873349408358,0.16328187472928743,-0.19901686561585108,-0.0627481750351756,-0.04457354674423222,0.0002909335207502478,0.03317816514741421,0.02371969175138172,-0.040649623897876914,0.18662913682443794,-0.01720991025034907,0.07360262239170777,0.11838531898881456,-0.02433225585583571,-0.053054534870100374,0.008367287053637602,-0.03408058059072525,0.012875655211354892,0.00782152960974495,0.00019536047331570897,-0.04173022643280589,-0.03174656322417922,0.060049171030890754,0.6506833065555894,-0.016668337092619414,-0.10906190420418337,-0.029065978825893776,-0.009384693258703393,0.03194028190858002,-0.030554707360568686,-0.03657425371087658,-0.022211384568831885,0.008754544366065339,0.12524786075137595,-0.006385353650304815,0.0032051524652461313,-0.15596325381286572,-0.03319974395960295,-0.03013175356716909,-0.026020226792311696,-0.032946698731709835,-0.012618525321290932,0.003315425264283327,-0.008862571238161959,-0.045437343353891324,-0.03486018699168568,-0.020586381589328677,-0.03224245680290162,-0.04551353908069813,-0.04005167750154787,-0.040069675422390566,-0.045254138326752624,-0.016576370861693977,0.2253465052972589
cat12,-0.14477669983071625,0.48287484264554337,0.1993107994263233,0.0031972393570025284,-0.020612050973486944,-0.23107442491932906,0.10116364408859621,-0.017784506083421987,0.4340902298194117,0.5684405483149424,0.3869728090231318,1.0,0.37525845283206877,0.11816094780066093,0.010870317563412658,0.25116198476460394,0.06544857380423273,0.0159389128297274,-0.028654202912121236,0.03339594806748783,-0.014726405307060727,0.016176908512477845,0.14949201386319516,0.004320351033190042,-0.032692926446391206,-0.0861198428749314,-0.12521850507375754,0.008429949472623493,-0.048379468918391975,-0.04879728838167527,-0.03657847838841234,-0.02599658313749467,-0.010169372171988263,-0.01608706548438884,-0.0058315842851937175,0.136099875158805,-0.1331686131884554,-0.04310455736546452,-0.028521866343478034,0.0053352023630575006,-0.003138388278511654,-0.031452566232797644,-0.05290485334189657,-0.10491555290121136,-0.05011269916430305,-0.008779020872040053,-0.016805499474211758,-0.012045718166724704,-0.07727850843321223,-0.2158471530027858,-0.028077939447116715,-0.07594512763727423,-0.09647533053627753,-0.05278779927399063,-0.005309760668291223,-0.007886554565367541,0.11495276840023055,0.019079342736864135,0.004685203231186095,0.009304068624938239,0.009293911942065162,0.0040184404034996,0.0029287043396080225,0.006462521012753687,0.006087791754633324,-0.034384326642349035,0.03338045586120788,0.005676553593453779,-0.006042305152916282,-0.004666499853808682,-0.0019065245402746897,0.1505126928959996,-0.10759961096361356,0.001323766644389917,0.029578763145041764,0.01632521647764372,0.02202982457740638,0.019455386080293943,0.1967431171441849,-0.23900525792256433,-0.06162625856096438,-0.06459177384405287,0.006326523338180058,0.047761262137549866,0.030039318635592064,-0.06979472094193938,0.27400474051878576,-0.028147990666938055,0.0958284431472448,0.19360806543742692,-0.033779934306667064,-0.07630158423198635,0.013724393801620096,-0.026690227354784338,0.019154728613302377,0.010882523918545205,0.014836512743137582,-0.07142474797615453,-0.054815357376432505,0.126841127866678,0.7687805672540018,-0.015028348602657723,-0.051365827135156535,-0.06328312449887281,-0.018170696004879208,0.06948708251893414,-0.03747016893658895,-0.05954270855172101,-0.023548903973682346,0.01587375856111655,-0.030478457510564317,-0.00025899342474117095,-0.013386997205385599,-0.1872190304198117,-0.051084000655979206,-0.06340813818658442,-0.058868884562617615,-0.030919793582031382,0.0022004659945462253,-0.010086688594277143,-0.004258006902673784,-0.08507276097576108,-0.06554674535638634,-0.03677874454532998,-0.06604269723241465,-0.08085678403219233,-0.07200836983279311,-0.07247846335147845,-0.07503070493717882,-0.008824211804746497,0.3110795321871313
cat13,-0.09844478285126773,0.3883162303891516,0.12325709856124299,-0.09430789776444155,0.17854234105176964,-0.1884156461353897,0.07672461380705713,-0.020611280617881964,0.3417425733720179,0.34689174000140843,0.31537159988318164,0.37525845283206877,1.0,0.05962581766248059,0.017506749035550974,0.16269878110767144,0.044860374001381924,0.011346328266579931,-0.025023786433846666,0.020632285697568684,-0.011444226482020594,0.01218474782369636,0.004125402106850884,-0.03147304512615187,-0.06850900114006153,-0.07689835060311725,-0.10482994283329444,-0.027945262430266092,-0.03946564529476835,-0.041482221175404545,-0.046643567633796255,-0.023825130853949175,-0.018870319442667795,-0.01391875841479683,-0.008312297825006398,0.35468098516677277,-0.09056946296937059,0.028462570406010034,0.0064360879866416365,0.08559674176854425,0.07796907040269967,-0.019801030478305497,-0.03705397671627807,-0.06522579311659624,-0.03309543234563141,0.004553645281991971,-0.009298307908145606,-0.0008346783481699953,-0.061936632961861124,-0.1767003804468688,-0.024281284152548314,-0.05335076006580777,-0.08312518318881738,-0.042793190080818194,-0.006910181911097214,-0.0066314996217081874,0.0875324039857594,0.014351517681945074,0.0004321441984781361,0.010009866318524317,0.009134429862945955,0.004906831571872412,-0.000993562374627198,0.0034688260197985876,0.0013081478129036788,-0.025076914777217647,-0.0018835563187280882,0.0033811157383993352,-0.0037767502979846094,-0.003752685939103056,-0.008441193434980374,0.10984144125206895,-0.07400551287920469,0.008395804771424903,0.027750666851499562,-0.0031146650654164205,0.017527438950365792,0.014073410824780266,0.1534710287001309,-0.18631678365007237,-0.06105499310978629,-0.03865426128846625,0.008091630098844851,0.040578258994810414,0.020463654577358992,-0.03375490569156773,0.21028860245327338,-0.015743249236064405,0.07341608920930878,0.1236304511694256,-0.02773435670893127,-0.0423244254658008,0.00910657850847456,-0.02769543324672188,0.009590683494387048,0.007307424954101532,0.0015197354070668697,-0.034024662172589634,-0.025319900460852862,0.060165855983332975,0.6285053320951649,-0.018191419745837302,0.10114272819356897,-0.02343245962232851,-0.009679101344303036,0.029987766514818673,-0.024534982439095337,-0.032065692599471514,-0.017399716940152837,0.010798276794652626,-0.09932268841196665,-0.005768528941888334,0.005524242381241633,-0.15285599214069553,-0.025737665825212155,-0.023470602010694508,-0.022416459404501245,-0.029816060238455837,-0.015168988284251712,0.0048589505401485525,-0.002058822920996902,-0.039146912547381424,-0.031326376376087484,-0.016840734123799245,-0.02765672921864689,-0.04011919209111972,-0.03502933959125807,-0.03510964844940832,-0.03763150445232713,-0.011916348857160634,0.22197014571139648
cat14,-0.041662527075075374,0.12652170325478607,0.02884700642592006,0.012877971779548067,0.021508106806266615,-0.045525272916177376,0.08669648305539901,0.04682953988376167,0.060990095038951454,0.07256381823184832,0.05150905699854825,0.11816094780066093,0.05962581766248059,1.0,0.009362130172343271,0.03352005469202591,0.024077573344891436,0.007446132341134281,-0.002422030067984156,0.015557804195599946,6.557704044078802e-06,0.004759480154303702,0.03329540569342808,0.01059341548495385,0.017061716487162037,-0.007274591016952384,-0.020729462414298336,0.017218301579075952,-0.001758561904433495,-0.005360289670403022,0.025311307994037965,0.005687855608273263,0.028991445930859918,0.006937101283241209,0.004950183194593553,0.04463167856194541,-0.01975864590065494,0.025059620913060587,0.04154195410838586,0.026395853149983443,0.013648858814942669,0.005404410239964698,-0.0019328815947948527,-0.005754424571011089,0.002815088748879727,0.03724274748782991,0.0075985689965690694,0.006107381874998751,-0.017392868935367775,-0.046563734397435365,0.005943989024988564,-0.014391426780342149,-0.016652054047192354,-0.00951427636330568,0.0004322485196712533,-0.0018773073653419368,0.0864024384630349,0.03836195062059103,0.012636718814566138,0.005604818011081396,0.019867026081869826,0.01715029565965759,0.004851618190381516,0.019782987679580765,0.012331803144529632,0.011623649115281512,0.12416757591289654,0.027051385781178924,0.008777133704093382,-0.0012227050523223885,0.005954887249843765,0.029826128957028627,-0.031012327154410477,0.007494467372495598,0.014239958932855703,0.485019042209051,0.0037011455433278405,0.022069078825235854,0.06588021279831875,-0.08473732988120211,-0.03400917873591436,-0.016718378614185375,0.003659507957022345,0.014698925973712976,0.017634573047821275,0.0062964370918867614,0.05873638785980411,0.013085375803888587,0.08615445330829645,0.03451150265601281,0.0028776443891745545,0.036959031582844214,-0.000878007285914311,-0.018236008706603878,-0.005177623928441682,-0.009150866637401823,0.005508930762322323,0.0026577920445397005,-0.0016897245459485362,-0.02128526075241648,0.17812276737342383,0.04090081925899715,0.030573653865036077,0.009239678689360596,-0.008660467220468938,0.0036914536720017706,0.0069690189815446914,0.00372003124256186,-0.0005333751595960474,0.009781399266025805,0.01810838471738934,-0.004527752016477077,0.009584280077786934,-0.03706089811594065,0.010867407851340691,0.005181817793726301,0.00556786461395762,-0.010927458102760457,-0.018817353759545883,0.007828079910194779,-0.005258962633325554,0.004170252063637856,-0.0072692356000292726,0.0061845874017182455,0.008495254835888937,0.002304122901131093,-0.0036704873919704765,-0.0024983460427103954,0.009059844973234659,0.0032131299745103417,0.1028043282987285
cat15,-0.00040594248510547967,0.015368114855129913,0.00718068088658507,-0.002391910955182136,0.00028323841315860846,-0.007949708362660493,0.0030145826530997523,0.006738708964490671,0.015674960095101904,0.023210597248509473,0.011979173895454302,0.010870317563412658,0.017506749035550974,0.009362130172343271,1.0,0.008309710067916382,0.0036328534799600744,0.00997202367764753,-0.0013230641519014455,-0.0004425244541625222,-0.0006299971837627916,-0.00020308163448241312,0.0015223532329255833,-0.0003173564928408303,-0.0030824695652809167,-0.0033790124895138776,-0.00336005142979281,-0.0027139137327762785,-0.0019089224037413088,-0.00186479778885115,8.632349611300232e-05,-0.0010810849071635179,-0.0009603932997562213,-0.0007494932177137364,-0.00045219148736567213,0.006547021735090177,-0.0049611458893229175,-0.004500848784532501,-0.0022021377935855907,-0.0028670378741582083,-0.0005985879859470321,-0.0012806634603222396,-0.002031570636291747,-0.004038839560518987,-0.0020607623354677567,-0.0009218081408864615,-0.0008214018294672674,-0.0005082453060117609,-0.003043922615259716,-0.008157181648881946,-0.0010971417539042793,-0.0029775314712485353,-0.004005867019283815,0.000456417817084701,-0.0003730251358234123,-0.00041795785472325734,-0.0017161172562384476,0.0106223409024561,-0.0005367767092182955,-0.000654740416717491,0.011957067232261,-0.00020775189120322097,-0.0002752906698902276,0.024808701203234997,0.005774481694961834,0.0009511133339102311,0.012247905680575183,-0.0003691431436194305,-0.0005430131020100205,-0.00014851737839948506,0.005826083316770562,0.0019322029191361674,-0.003232216077570582,0.006715054829073554,0.010129029080008593,0.002888666475903799,0.0008256346610410185,-0.00033252348814956085,0.0033900637713710014,-0.0027685480737273576,0.0037912498668680648,-0.0026624047902393836,0.004544648555773511,0.0005713861180747648,-0.0006245979764058974,0.01641947422068927,0.003272541820525385,0.03954969368662393,0.0071413836085130605,0.009104157102474844,0.00021347401177958133,0.002187917730374601,-0.0009155167160181981,-0.01639863995091773,-0.010267748701349012,-0.012818974062390494,0.0011418411766232627,0.006800350147336786,0.010067950424335392,0.001365384195138668,0.0315750397057381,0.005140522118657595,-0.0031042573655492224,0.020454785530703644,-0.0011564651661882062,-0.008806496344529366,0.0008273296703566826,0.00548932045630337,0.002209985501279365,0.0026971793978771935,-0.0031991254324954354,-0.000561075649090154,0.010795032891186022,-0.0069998375276405485,0.014230461907028879,0.013468496880777175,0.022052360261386825,-0.00768727208890783,-0.017856814113402755,0.007866302033876359,-0.003671543515010475,0.015220493545469544,-0.0003291440346820074,0.014728401066078088,0.025201231545765795,0.013750254749615868,0.009556218994607743,0.01049438660504402,0.016962734281127573,-0.0035351384836758318,0.0018002387573045119
cat16,-0.07710021530887069,0.19386731783200636,0.7834801970363905,-0.004526944631905811,-0.007398506255361037,-0.10594058267488125,0.07870114138401191,0.04791036434085132,0.19324283006462206,0.2709314284691048,0.15381000545718893,0.25116198476460394,0.16269878110767144,0.03352005469202591,0.008309710067916382,1.0,0.12066218816852868,0.06339221764299917,-0.004233424656226589,0.04605563206381237,0.0011211813203898427,0.018365351078532502,0.05923341179381182,-0.0029120881209471626,-0.022494579017451114,-0.041164659059776794,-0.058652825522075146,-0.0005630454420976193,-0.020108349596156764,-0.020834817727295483,-0.024854571364306542,-0.014087164829416169,-0.007748207734001988,-0.007903932333989845,-0.004615758992520002,0.06242757166456303,-0.06204178487443405,-0.022752003167708795,-0.02142730129116132,0.002440803502387166,-0.006184203903228536,-0.016440626202012747,-0.02221843245619087,-0.048362600689404844,-0.019990628989135412,-0.0073954329979949215,-0.008663078582076341,-0.006365307695397275,-0.037874458754217535,-0.09838363255223227,-0.013969115558998256,-0.036016189354171925,-0.04603255400409544,-0.026108479826332194,-0.0020861667575857896,-0.0021175367556638884,0.08397774729372343,0.013737515782079558,0.005615743125318316,0.019584311932044428,0.008570838546878581,0.008395599251997453,0.006096436659363488,0.00993314391057331,0.020124132639140407,0.04567716135335818,-0.003753561333994008,-0.0009368694104106856,-0.0025685368380308645,-0.0020855284399702006,0.009300697397908439,0.0699723135983633,-0.06500200292686346,0.007333808816211822,0.011253443182675436,-0.004499354636221516,0.008675552237034909,0.009737654232913388,0.22350205818777474,-0.2658702348329531,-0.02909307221076779,-0.031044996136056727,0.00041810656759280236,0.05653350830410575,0.023038836546689655,-0.007066246017072893,0.5075377850701193,-0.01612169300256705,0.07598706210167938,0.7645483326645395,-0.04428652043441605,-0.027614331324534353,0.000982916154307076,-0.0027187805365535243,0.006739753863906307,-0.00014393561735547017,0.026936732896773487,-0.004026181543562723,-0.007145097776805202,0.058942322014010194,0.2875045343151714,0.04390119244982523,-0.026435266963933265,-0.028453862015004588,-0.013921830893224926,0.03581573448314094,0.022473925502780042,0.008166271792754589,-0.0158312866234094,0.0062589456323455086,-0.023320457804759758,0.000440137197831473,-0.005840869681776653,-0.08747166150754468,0.008196614639703899,-0.03142503037204193,-0.039163602227058114,-0.004420204845110252,0.003071459930662084,-0.0067055600930938115,-0.009137871456206313,-0.030364359230468013,-0.03140228799243363,-0.004655925484935045,-0.031118389597305847,-0.03563810635677363,-0.030765777791460523,-0.03121519882952971,-0.008679198829793266,-0.0024025811981205447,0.1910761736874649
cat17,-0.03507236561055531,0.04486229421217217,0.34737215319659165,-0.0013070659845983124,-0.0030837726281407016,-0.03478975449707869,0.05613482052718416,0.08112614214792965,0.044020158798955204,0.06361215971963174,0.04345107126041596,0.06544857380423273,0.044860374001381924,0.024077573344891436,0.0036328534799600744,0.12066218816852868,1.0,0.09395151698586356,0.017980720313864117,0.059419763094244356,0.016572190605662968,0.02834697555517459,0.02130381606199311,0.014854662012275983,-0.0029190957804583325,-0.011849011616898166,-0.020401674701374176,0.019005759176795832,-0.002245698227966061,-0.004568482643260341,-0.008898071917591352,-0.005131580281862248,0.0030093015971899067,-6.826815891840467e-05,-0.0028153228241839514,0.018639282007883194,-0.022232289745899126,-0.003190798377348977,-0.0073024981583207325,0.017229068178126507,0.015848841635488605,-0.007296607866541501,-0.0005404677509083225,-0.018189688007673097,-0.0004594307981010855,-0.00012243414091320915,0.0022327145088983434,-0.0014720044404213251,-0.008865578415862125,-0.03162241704399587,-0.003678548907041873,-0.007038596357947252,-0.009298646847867362,-0.00776581988616915,-1.8194797890398174e-05,0.0035685984215343995,0.04679185419235138,0.016765190566334225,0.011081628800912083,0.031425882117806385,0.02273344038172294,0.01111197397159744,0.00764967073540848,0.01890923745636001,0.026564308967695297,0.07739182036229163,0.006538452680784483,0.00235860597664313,0.0029563168957905954,-0.0009246621771494986,0.00977833818968543,0.019766887106266687,-0.028832356489669177,0.005497815375878112,0.00856975494613403,0.006154030290733197,0.00397669095179883,0.008289312484969242,0.09783043615153632,-0.1144199561673997,-0.01942528860912488,-0.008066252917963377,0.001001264921607221,0.023099637270472147,0.00952726626864778,-0.013969018047767442,0.15235899982373963,-0.00798269180818899,0.06002775629979635,0.44994524424303184,-0.01310814296080668,0.02051003734599572,-0.00642078195241045,-0.003587102659572714,0.003857324846517924,-0.0009931013619925138,0.009445598963466825,-0.011684175910104752,-0.01220139328413578,-0.0016816297563807593,0.07361408964738718,0.0803269884636174,-0.0013920080453983814,-0.013535680938695407,-5.637481790120131e-05,0.013319219979985362,-0.00027466793158803597,-0.00964755788931181,-0.007459624118175809,0.002533972721577286,0.0005826401410101713,-4.732354333817104e-05,0.0023659334380537536,-0.024317801452993712,-0.007600549134897524,-0.012401223431946815,-0.017391422650453764,-0.006172470862265878,0.004923852075513538,-0.002352073818044851,-0.0010786723929860386,-0.015094332121695721,-0.008855169495942344,-0.00633011053703876,-0.01444891602832134,-0.016986205282779256,-0.01160037599975034,-0.01177889432876949,-0.01306900829336914,0.003329193602991283,0.07861716732051138
cat18,-0.029126830865981338,0.006728830848188398,0.3013770530654106,-0.005062700691170134,-0.011228733416493306,-0.025304214959717367,0.030109306177535582,0.10676919228291243,0.007941667247279691,0.021402167714469563,0.011301884156048603,0.0159389128297274,0.011346328266579931,0.007446132341134281,0.00997202367764753,0.06339221764299917,0.09395151698586356,1.0,0.026791705880430536,0.022201759645464687,0.023322968763672586,0.02810749414357685,0.006195783111958265,0.018251108836493064,-0.005745866558901367,-0.010788944859425907,-0.014819829769469226,0.021345252137229216,0.010814817656677406,0.004511429704711215,-0.004421249334089341,0.0015208293758016916,-1.6306142330298368e-05,-0.002725782254715504,0.001933361196624723,0.0010294374941823548,-0.017744034344919033,-0.00917112590031456,-0.007286800835230226,0.018750153533559317,0.016006977928741364,9.054277102746537e-05,-0.003510185772302424,-0.016213502659314684,0.004084548575031832,0.0014835501822363822,0.0016012725376441676,0.0011491268754963446,-0.00688493332556193,-0.02234271990743627,-0.0004857463164452404,-0.007030191725000318,-0.008206765270628004,-0.004728294742971079,0.008590442603540199,0.0024759141741219634,0.01823742929177092,0.005675136229020607,0.006320708687418621,0.0221838353433938,0.030006996803735256,0.00839389245826317,0.012878472513271826,0.017476058572801854,0.0473537356208204,0.10916311761240263,0.0053152260442530744,0.0006852244597856462,0.00253563007089721,-0.0008022288472635586,0.008765107952261614,0.0016955249428414478,-0.024347173315983864,0.004823932623363159,0.013140309068380068,-0.000559960788411502,0.004459733598358615,0.002375884502627341,0.07838070549388333,-0.10272575083559723,-0.004733632269042983,0.0036508676592917574,0.003650586147076008,0.007934372702037678,0.011033959512109014,-0.0015557406611429482,0.150183110591447,0.0051080274382646635,0.03596594410161046,0.37139400787858373,0.006425617350445697,0.04336342503243814,-0.003745050093603221,-0.009389281933790338,-0.0011533548539032444,-0.010745619487736415,0.008418317269330873,-0.0024295105088362402,-0.0043999887557067624,-0.014860173920266083,0.019597980012044165,0.10871975638750897,-0.005747663858860177,0.001702601099674932,-0.005218569712462247,0.004350924606974496,0.002316857220309886,-0.0012710610707504467,-0.004913056414716894,0.006591558912982931,0.0009754724147079797,0.001366361685802465,0.011403072100263164,-0.0182872380458136,0.003549707185179549,-0.0003238311628402086,-0.0028144584322388243,-0.013652471324347293,-0.010617467801229614,0.006904077410064619,-0.0015859532051949767,-0.0024033876580431433,-0.006558129626160391,0.005433872623202849,-2.4888338235083343e-05,-0.006410009851426036,-0.005408157916456096,-0.00475354925878351,-0.00021082166254389803,0.00519762388776484,0.04192896795615238
cat19,-0.0405864170994294,-0.0474083246373619,0.4087940663182051,-0.026458787814327353,-0.016981791006164978,0.10977292784591763,0.01099643935556118,0.07786727964086515,-0.04358034445502046,-0.024884861424452568,-0.025604587648141674,-0.028654202912121236,-0.025023786433846666,-0.002422030067984156,-0.0013230641519014455,-0.004233424656226589,0.017980720313864117,0.026791705880430536,1.0,0.010001299246243833,0.036128289136883686,0.0057204930333474326,-0.03359643405952786,-0.011737201584775543,-0.024637061119942835,-0.015546991156691406,0.004470675198095444,-0.011745812247113584,0.010260923361667462,0.0039359375165712385,-0.011566365830604905,0.00025442565637759433,-0.002441502803550758,-0.0025531762254836195,-0.001692988282994773,-0.03440198059118228,0.01678220787948375,-0.02556298153555875,-0.010333754641344632,-0.010065058246366217,-0.010993559225781458,0.007338192181252934,0.007221361714063183,-0.021097033761482024,0.024154234824432127,0.000424407114897732,-0.0015471402926247946,0.002043709613893466,0.039367098035687643,0.1157903750812827,0.010761670675170946,0.05140922939849134,0.10073781274866841,0.045103454176846046,0.007083237264500906,0.009205534611369429,-0.003039484672875607,0.02096353838648248,0.024741942332177316,0.012007675283569002,0.008871857240198846,0.012570768974734475,0.013939011269873498,0.01912921337362313,0.04063247842678126,0.08259581763563764,-0.002379364034834589,0.001263114208580833,0.0027706177325296046,0.0038396989108817276,0.0017618153305639,0.04428398754466863,-0.023332680884432265,-0.0006650904486206133,0.001338836778281861,-0.0038558991258108464,0.006049274866233799,0.009479566578468754,0.01780123410497977,-0.0490923836233779,0.012241272883501195,-0.008828663282182765,-0.0022999561300018436,0.026235518810760212,0.004949278619136136,0.01651972666441025,0.008653075133502452,-0.0076923239547284986,0.017997308717201132,0.3941242045868061,-0.013522326227782561,-0.018567032178679006,0.0002212656799685718,0.008937539253165512,-0.019751509605918094,0.0022369930614249385,-0.003380509906892139,0.015063328158604467,0.00019570519772437264,0.0382997717251129,-0.04112172417754318,0.07744986907160213,-0.018788690559544775,0.002578764293778287,0.018948766650397214,-0.005452716421556072,0.01650739537039975,0.018609113035696196,0.011182411853236684,-0.005259928940349844,-0.026148882961989934,0.002213795376451844,-0.009981895431886134,0.11840944107359266,0.004609597978538137,0.005699220707924868,-0.012064829592375152,0.0035982162658457204,0.017598814450523897,-0.010907718217568696,-0.007924754086220483,0.007519947467833747,0.016921551775584496,-0.0019774043194138195,-0.009330683220544035,0.004351713465168616,0.01666917176477608,0.016057098205719718,0.007117942346082734,-0.00434604822607304,0.03508138065976276
cat20,-0.013324452455142062,0.023978923987278602,0.1367291002498704,0.010427346667440298,0.0020543695244460273,-0.008216538392085743,0.0315054180471216,0.009643479856261983,0.022591904913198086,0.02652689468388579,0.03040097855010113,0.03339594806748783,0.020632285697568684,0.015557804195599946,-0.0004425244541625222,0.04605563206381237,0.059419763094244356,0.022201759645464687,0.010001299246243833,1.0,0.005357766301324873,0.07429063113031371,0.019427607415295412,0.010856109372250728,0.006599110553629547,-0.0041852057328672365,-0.005095154605055472,0.015810696081433206,-0.003518699249351718,-0.002198551629425983,0.00118423548056223,-0.0026493026775360486,0.0021869317298967624,0.0010665705302203181,0.003694459025907791,0.007878032977474837,-0.003711449223778202,0.0034430288624238054,0.002695557488021566,0.004048799825517921,0.008674933924640534,-0.001429166033638193,0.0004822828718459585,-0.0028702245281362077,-0.002895309057388345,0.004833966299060961,0.0006378398586724086,0.0030286929419708437,-0.0029641581025950667,-0.007252767039285536,-0.0006983002593528963,-0.00041799323712490643,0.0031552400236681843,0.0011184958155138415,-0.0009141340190551142,-0.0010242459739085359,0.011210329043545257,0.012428581677458191,0.014875284967091897,0.05817333809581226,0.021465716840099573,0.020378838238032364,0.015091602940398319,0.03013790099469591,0.015632752362171837,0.0039004447190123526,0.0006679692913430646,0.004976226463485987,0.014674651051689564,-0.0003639561385485705,-0.003274461297360575,0.01776255993025316,-0.008339815321017045,0.00010062100108019011,0.0034221849557544795,0.005603385546023741,0.0020232972485966587,0.0018016021754515496,0.037968861771844345,-0.03992887209770756,-0.015419088255522746,-0.006297042607635316,0.0058697020949968854,0.00939240694120309,0.005246213762614365,-0.0012820697699211677,0.039590233138235134,-0.0016147110010192823,0.04277397765682101,0.19231522228278655,-0.004759150113150574,-0.007240981902744869,0.0006693083353830747,-0.0035637505164187932,-0.0005807795577048697,0.004660390240391464,0.0008008159113799203,-0.0014034457421202053,-0.001610385123359942,0.00974506490617811,0.03739901771012643,0.014449331714546624,0.004301958888071145,-0.0020281626953469398,-0.0025575137476018662,0.0030400750080516632,-0.0009931459664756052,-0.0019416429213311073,-0.001712692075975706,0.0017780131945506347,0.010294392228931186,0.0010173199260116444,2.4552495303999104e-05,-0.00351204401432216,-0.00028605108869847814,-0.0017866571915224538,-0.001008841728509093,-0.0008848991768265895,-0.00156773428277683,0.0019416750070654631,-0.0026269601700390005,-0.0025362634235903065,-0.006073591482155028,0.001916273415689854,-0.002408122372624109,-0.0031887673105767695,-0.0033106394129689726,-0.003384948333980615,-0.001502073194890295,0.0004273465438455507,0.03132522141307695
cat21,-0.01643851535175925,-0.022896529787922754,0.1946535322185828,-0.0013202036265423862,-0.014021162718377552,0.0031725395085901212,0.0036638820583285293,0.051588091083186155,-0.021071682411569564,-0.011352948055617948,-0.009607387702541555,-0.014726405307060727,-0.011444226482020594,6.557704044078802e-06,-0.0006299971837627916,0.0011211813203898427,0.016572190605662968,0.023322968763672586,0.036128289136883686,0.005357766301324873,1.0,0.014317621452859492,-0.01064186268785606,-0.003087642565055781,-0.004302968493771598,0.005970735788098934,0.015079405710052377,0.000476732660331915,0.019427360795268758,0.011836842482097638,0.0029365777970509414,0.009009578779096198,0.0030351549726809765,0.0035099731132874215,0.0017996120123177338,-0.013960158966190425,-0.0015861609036762823,-0.007786754321446677,-0.003414962557846089,-0.002770913546611356,-0.004552998191228372,-0.0008621496147022484,-0.00017553822174836136,-0.005854514771795571,0.01023590085504124,0.00010921057890056214,0.002726398221095588,-0.0017731541116437534,0.010981222920634701,0.002506518247868092,0.003170434732555646,0.0046609852885946814,0.008000073884571994,0.007394106440264683,0.0027910638870158712,0.002195059988527386,-0.002373654651026909,0.0047056602389294,0.01235902329413081,0.014063101943356707,0.00627565667935854,0.013963697070514515,0.015669890123407738,0.02081824666104569,0.0208814234886998,0.05834511944213193,0.0009049683159348509,0.0028475786405935417,0.0009193073413933771,-0.0005181438904494312,0.0009196969097948076,-0.002468337755274574,-0.011701068333243688,0.0041702416819779375,0.0024810401610545784,-0.0010460599055263915,0.0028804545297812004,0.007119548118574076,0.026978899783326467,-0.04442160265671801,-0.0008368509918923536,0.0036896767632497284,-0.0009692975642457618,0.005688069042836568,0.006557686139328888,0.0004147233156078884,0.06355132001817555,-0.000973010937046496,0.01202105150110156,0.207284829193077,-0.00036568176234595505,0.024621044060461863,-0.006221362678289099,-0.001244599162586246,-0.000179697027153295,-0.001678743206865605,-0.0024608375522654265,0.00039253052933307546,0.0026216069660263868,-0.008360026610186637,-0.019144339760652086,0.05171031722047936,-0.008927001189463192,0.0006410915202142612,-0.0002801078590773369,-0.00013409708756532523,-0.0008224201869051312,0.0024924411616614765,-0.004663216204894267,0.00047664232501557434,0.004347074388942086,0.003545724761845352,0.006940565522747443,0.00825050222882558,0.00010378000437382495,0.0015415382145554932,0.001353530513604111,-0.003056518416964509,-0.0027057984770377293,0.0040298166042046476,-0.0033986033324707615,0.0005350969519012227,0.0013662165786055072,0.003435988807036556,0.00015801980516903073,-0.0008795726280323065,-0.00027349854558597646,-0.0002131621689809935,-0.0002814245218401632,0.0016595405754761283,0.006431867644983902
cat22,-0.0029925866450376914,0.00806301557604275,0.06274719712970846,0.007785001027884867,-0.0035140592366367175,-0.003011780660005358,0.022728639059089627,0.008194395994884364,0.008489332952500392,0.011424206742977767,0.014107618312955792,0.016176908512477845,0.01218474782369636,0.004759480154303702,-0.00020308163448241312,0.018365351078532502,0.02834697555517459,0.02810749414357685,0.0057204930333474326,0.07429063113031371,0.014317621452859492,1.0,0.01324337395889676,0.012766022151338666,0.006885958134663628,0.005116316835898315,0.0016148236337261807,0.004192712858366676,0.007949218211353425,0.008228391034299998,0.005889689953551661,-0.0012158078789359487,0.003862640717275471,0.005478071224289656,-0.0005085428253451926,0.000647595827875261,-0.004497678832339594,0.003107503730981968,-0.000274313648851989,0.0019424847393454897,0.004359901936575048,-0.0014402575736724,0.0024709614009637984,-0.0007171998555611461,2.8113134193568624e-05,0.004110866587591355,0.004847437124071451,0.00873413035734531,0.0014702605053493272,-0.0020428337754754087,0.003099494760689153,-0.001684556537226189,0.0006299166423389129,0.0021952054612738433,-0.00041951089703508976,-0.000470043055331303,0.014851581007963056,0.02907639084905501,0.02583394099829395,0.04264611634222905,0.016123357612030684,0.04524327327857848,0.03401638138445112,0.04426026027004138,0.011238519809116885,0.003582445551662735,0.004890677233701209,0.012388540091697023,0.016812619168014405,-0.000167025362781888,-0.0035164091003504878,0.002194380886357431,0.0029378344052992554,0.0055320680958915215,0.0011271496215767836,0.0003667679554261913,0.0009285238554025935,0.005322602316845897,0.003351656460081282,-0.008183708457679014,-0.005669585050880246,-0.004843800573023781,0.002295300012439332,-0.000588440245467163,0.006674790941085127,-0.003679499650915321,0.007287555213255441,-0.0016569373570253715,0.048670475255179736,0.099561482678934,0.004899854548244736,0.001188653419396827,-0.001729076022383235,0.0026980901815756336,0.0021874269969096834,0.0004097095633926643,0.00023766788379305713,-0.004272849345113633,-0.0016589394134518814,0.0027865536911994247,0.016888308558996815,0.011924173345719614,0.0016201714767370057,-0.0026542612619182998,0.0007799459781147368,0.002997248926415377,-0.0034098017300213408,-0.003968043940995201,0.0036873198023362813,-0.0009705479165865164,0.013048072916571925,-0.0003445628590037442,-0.0017498285581154644,-0.0012393817223901981,-0.00394803101106173,-0.0021200069699287036,-0.0034598812609350996,-0.0003471958279023229,0.002331539144223773,-0.007366986019576892,0.0003543306029320296,-0.004943081106494315,-0.002257591849473612,-0.004478559289812063,-0.003467989195704238,-0.004110299536876492,-0.0023127546916390474,-0.0022205204864529948,-0.004692244677939879,0.002337482293598458,0.006293957602303073
cat23,-0.07875111875610322,0.23827435259656565,0.03612285711621414,0.6481899031055084,-0.14973376474258365,-0.2370053906621743,0.048648114504702626,-0.0043685231461027,0.22539774701152138,0.12407736259967587,0.36107541741831467,0.14949201386319516,0.004125402106850884,0.03329540569342808,0.0015223532329255833,0.05923341179381182,0.02130381606199311,0.006195783111958265,-0.03359643405952786,0.019427607415295412,-0.01064186268785606,0.01324337395889676,1.0,0.28470077481353484,0.34383201138100217,0.08909341728455379,0.00014114591402790056,0.284145974601028,0.00013603023960475234,0.0032340820372193956,0.17197870245237482,0.01085036736164134,0.061343876784652515,0.01709236818607386,0.025637895221355983,-0.012675674607416424,-0.14348552753286367,-0.1067841124249289,-0.056388920046867776,-0.04717345310144317,-0.051417146154557766,-0.035063571613130604,-0.05656239217369594,-0.117897313568151,-0.053452704979838915,-0.023023480191056628,-0.021414808064224418,-0.01295035273438373,-0.07367790407669353,-0.22434082381952375,-0.029256791328424632,-0.0860298841962338,-0.11340572456444765,-0.056562604292049894,-0.006087008817896209,-0.007310470712112261,0.04914761675396447,0.009595706655263785,-0.0018637801558149829,0.0061619784387954785,0.019642933272995433,0.000577819314551211,3.409612535820889e-05,0.0020837183468074647,0.007790076212259216,-0.010084258488005662,-0.00034301498754643974,0.004556680211336953,0.009837599785303467,-0.0035961222637454853,-0.0047198753364834055,0.10295513563587,-0.02294214046564017,0.007129253797000677,0.008465040861156093,-0.0038687900412628325,0.023420401475963797,0.02251985925957568,0.12428020159031031,-0.16031202868050526,-0.13586800065916194,-0.04539643620417033,-0.0014594695393636385,0.06374463410984814,0.02307312988789851,-0.024792589177585676,0.09017544532428033,-0.01703340182311707,0.04627169441227316,0.03883127219486205,-0.06309570599791953,-0.044366144364530104,0.0013174062336129334,-0.016533065343851717,0.002913413163321161,0.010313591220513169,0.004047500291405866,-0.02693983307873683,-0.020402741689462444,-0.011488670584044508,0.23985267526550158,-0.0037913104953687187,-0.14713246434598906,-0.02868325543763563,-0.010095876870138396,0.033294844833166214,-0.0043292860477252264,-0.013955174582407987,-0.017187235942312803,0.007762775704715758,0.6022959022932658,-0.015789231592718878,-0.0013021780304753087,-0.19929987792152973,-0.014821953159141091,-0.02839384662323959,-0.032607075406646036,-0.01419425701079371,-0.0010210047142713186,0.0008695647487089045,-0.0026162800032042185,-0.036505746587542354,-0.031199762504388495,-0.01715814945519351,-0.03421951865280116,-0.03761729404461953,-0.03254813999393428,-0.032666605608631986,-0.028248323357498897,-0.027418879922922475,0.1602643732784706
cat24,-0.054696780935273324,0.042980557843960064,0.0004317914907248004,0.2732422846329433,-0.07842251250543238,-0.0990996201651222,0.03097602859292594,0.07406299097588759,0.0387107536675681,0.008067859882269829,0.0888051465924526,0.004320351033190042,-0.03147304512615187,0.01059341548495385,-0.0003173564928408303,-0.0029120881209471626,0.014854662012275983,0.018251108836493064,-0.011737201584775543,0.010856109372250728,-0.003087642565055781,0.012766022151338666,0.28470077481353484,1.0,0.1696662790182045,0.048160647494122744,0.008421949927073846,0.5219555158870729,0.10202266663817662,0.14534282055815265,0.09512377929179289,0.004870052855395255,0.05207236777178268,0.024532534987072325,0.022620596678513676,-0.049509097455208005,-0.059764764285317906,-0.04521975785635158,-0.024687374664799554,0.0216281345178623,0.051716696712668236,-0.014672871529810847,0.003049163127591571,-0.04926924561772626,-0.005441984526459427,-0.007630980676351735,-0.007542981140505563,-0.005501189297141317,-0.030533462470464748,-0.0933364506021085,-0.01378867756651662,-0.036761722034484,-0.048549188625562456,-0.023069724596794648,-0.0030591252389623137,-0.004858511604666783,0.01622206294711578,0.005748748606760775,0.0014013545043308978,0.00422873472807092,0.042723165380431055,0.0028278980003401447,0.009114248014148722,0.010096180880675017,0.03616633656346271,0.07318084542866281,-0.000146377577584652,0.010958981584671106,0.007050913820310748,-0.002063075635142014,0.008045614069810131,0.04094268324371202,-0.028663558621689567,0.03479934419291456,-0.002467361942199507,0.006826925961662761,0.008253157923882206,0.010888298580650392,0.13139067218723116,-0.15753129178189634,-0.06996205699695196,-0.017510753558856666,-0.0046115831557474165,0.02205902451416452,0.014186884549456711,-0.021840552668126297,0.043991781898189315,-0.012727468416388993,0.03177488402150436,0.0048412264092109955,-0.00736489528528882,0.03788703877863259,-0.011256765172228353,0.008793836086484921,0.00561715317391554,-8.682856188101371e-05,0.004586314420900469,-0.021999142243990296,-0.018454270192482494,-0.041330429347470984,0.030002249164917484,0.06887469531980245,-0.05076180296785964,-0.017764111757295656,0.009816733954296839,0.015375702823887272,-0.001862138632474989,-0.009364536277315913,-0.01383662816677709,0.0020991339727525335,0.45496434448439604,-0.007608793932732284,0.0007533545795591562,-0.08380623333929145,-0.0135757328704042,-0.015703363204406854,-0.025467806883000994,0.014113494782045379,0.020147534195756125,-0.0028946608767808726,0.0029773956597004504,-0.019578412408418715,-0.006693757269938449,-0.006889334905137822,-0.021736582008311786,-0.021943164774421323,-0.007390482625919087,-0.008185755646724363,-0.02030772202553604,-0.005358794439405133,0.09207160466370491
cat25,-0.025898880655425737,-0.07922814487735795,-0.03146632903429759,0.48094855315197144,-0.17682461080175205,-0.15507830634285258,0.018997786104202163,-0.012733711700430634,-0.0824771430517438,-0.049219877796850144,0.0338674537380998,-0.032692926446391206,-0.06850900114006153,0.017061716487162037,-0.0030824695652809167,-0.022494579017451114,-0.0029190957804583325,-0.005745866558901367,-0.024637061119942835,0.006599110553629547,-0.004302968493771598,0.006885958134663628,0.34383201138100217,0.1696662790182045,1.0,0.42171501715012183,0.14906511012767454,0.15031681979130412,0.049001790008147666,0.05830595719398732,0.3329580006627813,0.05712574382775858,0.167907662372879,0.06927199554942501,0.06192829347510889,-0.10462114039299764,-0.10565067909447186,-0.06622637484862538,-0.0395936345865242,-0.0443025356352599,-0.04554286272680625,-0.023539412298195853,-0.03901179491435332,-0.07945879293547468,-0.03795759052208563,-0.014933035132952629,-0.013320816112838784,-0.007685666843368232,-0.04425764639071029,-0.14959273314512384,-0.02042302911015349,-0.06500238565903321,-0.08074381077496483,-0.04019748542901336,-0.00524729542104145,-0.003304008826127856,0.015183237619557716,0.008908761175230283,0.007080240587761331,0.003515660190174739,0.008591324437067867,0.008822495158059806,0.002887885713773238,-0.0006569259702484895,0.0030572213189916883,-0.028487781340666443,0.008752113853072048,0.00532574370369167,0.04841871240005916,-0.0036313312308070235,-0.0038455254804530695,0.052425486355891,0.039894937158913554,0.001550236278320145,0.006516286931134912,0.04042819794977995,0.018394125515134755,0.023070076359787264,0.0362902372281551,-0.06975067625850687,-0.2673166659712152,-0.015833730605794797,0.004453559503538202,0.02391646425750365,0.016300944979775984,-0.01725723604182122,-0.005260609132698205,-0.00527034177476076,0.019515536210259442,-0.02720876700866919,-0.02623549449394378,-0.020226987622437697,0.004692539704167649,-0.011004522793518004,0.008034207151385756,0.0017207457427189969,0.005787369110517819,-0.016212226399187298,-0.014044659625132027,-0.017304924347870298,-0.05588923602960102,-0.011586120403020357,-0.13641414156740983,-0.015258292226145729,-0.007994688792982641,0.01894834295103593,-0.007669114455911778,-0.013997414440985848,-0.00872897296993304,0.007494106137522074,0.6664293175198878,-0.008390232560934503,0.004185850391382665,-0.1355244313611126,-0.012767023368907853,-0.016442303196696123,-0.012044420476331395,-0.009091694300949716,-0.0016400292286651995,0.007822550729593102,0.0036896526274681615,-0.020808390385927737,-0.023607582111489955,-0.01172425655667189,-0.013364862575832982,-0.01370172988881994,-0.02035286471407026,-0.020062641722627353,-0.01602742271087627,-0.017247312853867994,0.08968380144072756
cat26,0.004665445077851425,-0.15530286957294523,-0.043597145481571786,0.368073311456802,-0.1484550540804118,-0.05838600289607233,-1.3398902955425425e-06,-0.01526796709527739,-0.14944774981008732,-0.09082441002867792,-0.05734953446451054,-0.0861198428749314,-0.07689835060311725,-0.007274591016952384,-0.0033790124895138776,-0.041164659059776794,-0.011849011616898166,-0.010788944859425907,-0.015546991156691406,-0.0041852057328672365,0.005970735788098934,0.005116316835898315,0.08909341728455379,0.048160647494122744,0.42171501715012183,1.0,0.36555590585644676,0.03148765197713654,0.1414933147309898,0.16943644944123065,0.17230459908127504,0.08482734393640476,0.09160194911543504,0.10873773905366432,0.05032294653653016,-0.09883540089957872,-0.07645548270434249,-0.06520848317496408,-0.03389070955984584,-0.042205441990136205,-0.040634410561336966,-0.01802050099232683,-0.028140804802405335,-0.05056905326654504,-0.026422906600586025,-0.01330273638302373,-0.006521387266172863,-0.007132342149324371,0.008485212306206651,-0.05919690515351902,-0.00613408605478218,-0.04210855873191751,-0.043383113059124664,-0.014604404295205856,-0.0013137408577669303,0.0022954997346391263,-0.00012757857202657638,0.0004963445698324298,0.004030768808439288,0.002529972110934669,-0.0014301360542920756,0.007733933954261011,0.0025240826040765206,0.004555688387239213,0.0015421485251679312,-0.029117088969344916,0.004767573632307541,0.001272340947235323,0.04994708409247198,-0.0027790833392886266,-0.00042518752075700056,0.028083587963586,0.06619721395135007,0.0024601509305268235,-0.0022554619717841335,0.02366254000162209,0.014427425036638158,0.015249805256251109,-0.017946995168865255,0.009154961286547499,-0.11279074607736249,0.004446259786231502,0.0008542759829260325,0.01911762102424764,0.007321686120117222,-0.0025448391831721477,-0.04177759717244332,-0.014698320474703274,0.002322972954752999,-0.040817949977192035,-0.017122528240090862,-0.02322982590491234,0.01077693667867159,0.010071835302627011,0.03761184280436733,0.0035730343418961413,0.0011783398458454887,0.003784081622128366,0.038713293164907826,-0.015530518470671774,-0.1298025593811349,-0.013259737659080437,-0.113046636814553,-0.008028757611566047,-0.007693831844523806,-0.002623627730047288,0.0012728599954153392,-0.004488662050417618,0.003154439118170276,0.002748358289110281,0.5539818327516682,-0.008237239516202302,-0.006764882711871001,-0.0543177377499467,0.0023089998718499433,-0.006050963453825335,0.006349581534918864,0.010447484019023989,0.01293376782091925,-0.0038626750873295597,0.009750398721550632,0.0036550787331768126,8.822892718688492e-05,-0.0019415851239118367,0.0023644960795847422,0.007110561009946323,-0.0009301989648934373,-0.001263643112017676,0.004227146762847464,-0.016291661110416817,0.0492144297478092
cat27,0.0398000014908607,-0.23311703271459427,-0.04991630193086647,0.5055356552129113,-0.17982291051607494,0.16617425447103878,-0.01614552058943978,-0.02753252356015842,-0.22075187345035438,-0.12547569179053655,-0.08885486789718748,-0.12521850507375754,-0.10482994283329444,-0.020729462414298336,-0.00336005142979281,-0.058652825522075146,-0.020401674701374176,-0.014819829769469226,0.004470675198095444,-0.005095154605055472,0.015079405710052377,0.0016148236337261807,0.00014114591402790056,0.008421949927073846,0.14906511012767454,0.36555590585644676,1.0,-0.005892975334799929,0.22432593893077094,0.25682991753606504,0.09002652089931705,0.10268770529458038,0.043327437229580795,0.09340179110095843,0.03292268543536369,-0.1361586809056728,-0.053295659876709776,-0.10133050796127825,-0.048076944512659515,-0.06094992379191863,-0.0583835518902121,-0.02434938959394155,-0.03428132487906144,-0.08644420148407667,-0.028727090243105262,-0.021422413251926117,-0.015175915248974504,-0.008049792260842072,0.2441373169806534,0.15043418133642397,0.010845935083509173,-0.014516219921597505,0.057279539194376644,0.03880934677274688,0.006544496163614997,0.00808910204430327,-0.01739861300196235,-0.0016768133412527577,0.006917570981591229,-0.0005408935723228193,-0.006109545887762368,0.002454663239944389,0.0021694563565355677,-0.0021882630392130262,0.0009401632575337862,-0.035670209664994845,-0.001064472119124415,-0.0025906689234179527,0.022730245448570042,0.005526970658217283,0.005481727622355366,0.012852847677382626,0.08961833349274544,-0.002991227780315471,-0.0010498806645804419,0.001664857097753697,0.019182588275435588,0.013769339922067822,-0.03993057188554394,0.04224556873203777,0.002502817720464657,0.007012724148229697,8.544814853774096e-05,0.02654712201755001,0.0026115014446720874,0.010601961052147087,-0.0677921122201537,0.02947849871712623,-0.013645471692151795,-0.048096248748441796,-0.028072245952566438,-0.040998848281168974,0.010819645293106315,-0.0004325629147249479,-0.013212865302137217,-0.018068882509166447,-0.00227273996140101,0.0017243372237047572,-0.0021909025693186033,-0.01771929383963892,-0.18804547306516287,-0.023709853897807595,-0.14791916274667155,0.027614543591840145,0.01135143781412119,-0.02028979812186294,-0.008308012238503078,0.0021648032132043572,0.013390920346319165,0.003849774472312553,0.497665305932333,-0.002905974472055388,0.0037604919008311526,0.15861099903693637,0.00680013129747253,0.02011827755875688,0.030709725518964996,0.00878014892190668,-0.007087305970546322,0.009773622492250824,-0.004905543681491466,0.022038147689500114,0.008955389322989938,0.014890419500031197,0.03326342968532677,0.025208465007899347,0.023327862734741328,0.023902535427949394,0.0161662915316871,-0.007732851170381843,0.00925792788846662
cat28,-0.06946946301825901,0.05816821787606676,0.005214038691869839,0.29562459971101307,-0.0691142390101726,-0.1080813291604834,0.04279659893318569,0.10461267769227087,0.055493105130067874,0.01433018336699205,0.09831086534682869,0.008429949472623493,-0.027945262430266092,0.017218301579075952,-0.0027139137327762785,-0.0005630454420976193,0.019005759176795832,0.021345252137229216,-0.011745812247113584,0.015810696081433206,0.000476732660331915,0.004192712858366676,0.284145974601028,0.5219555158870729,0.15031681979130412,0.03148765197713654,-0.005892975334799929,1.0,0.16626815494024275,0.0887537828898085,0.06955421515066183,0.005663329988256799,0.043680149866833856,0.020727326848280162,0.01925706864115983,-0.049052980133444925,-0.06352741077613894,-0.0470158082284428,-0.023664763450767064,0.08243166793627625,0.0176443678217855,-0.014611027109712712,-0.008129434925344235,-0.05236063622502246,0.013776716644800362,-0.00864334602909976,-0.007401795742898688,-0.005464682856635332,-0.03368124033722833,-0.10149529144992438,-0.01378965359664738,-0.039048364098327945,-0.052607441306644805,-0.02556629541421369,-0.0036330233665881934,-0.005400796946447751,0.025822367913380093,0.006636402554792252,0.002225483002963567,0.003671644183733494,0.053449728418128874,0.0004187143608095772,0.0065537031070637495,0.01066856353608935,0.05309357091115463,0.10208972192250114,0.0022076231737009934,0.010403308602267413,0.006762201647714939,-0.0022320700093388392,0.0066903000963625505,0.04909199777655193,-0.04560656204736299,0.038303739770336354,0.0013588442611301972,0.005369657188081071,0.008920798036391665,0.01629328676188637,0.1917830025171383,-0.22698384357252546,-0.07337336828457802,-0.02593807642807766,-0.01072817332704849,0.036766060601050504,0.019525445409611444,-0.017531795541816286,0.07260649854606342,-0.007044722049683896,0.04238915349191307,0.00946232470035129,-0.019090580673709764,0.054175860059269526,-0.017680691667765737,-0.0006350094189350148,0.0010131534943500912,-0.0014600094445775833,0.004198725953702428,-0.018276617070125102,-0.019011866588492753,-0.054154688194460794,0.042267970573416344,0.09819609105625038,-0.0465521389289555,-0.012170264799262198,0.007291495349414119,0.013437783041554663,-0.0011324741138687472,-0.007438751423333913,-0.014588960305103333,-0.0006908211727504254,0.45217367476415327,-0.010119604769652605,0.0067049921184752755,-0.0913773859111771,-0.009696619456927947,-0.01121943203203289,-0.01980128168409509,0.009945460973050048,0.010203687533801737,0.002936699626890269,0.00021561342775004526,-0.01651537446052992,-0.008755018531696256,0.0005938954171306258,-0.01505996202875779,-0.019759488370411114,-0.00699592969541802,-0.007331061880640846,-0.016004086599545168,0.00022586746107042523,0.12300409296035902
cat29,-0.04890697640956774,-0.08234751921942142,-0.006572320806554181,0.20793749435362185,-0.04968368387848658,0.02394596229517913,0.023663640430340464,0.07182793223846594,-0.07836513383437513,-0.04729674797839407,-0.032239368681278587,-0.048379468918391975,-0.03946564529476835,-0.001758561904433495,-0.0019089224037413088,-0.020108349596156764,-0.002245698227966061,0.010814817656677406,0.010260923361667462,-0.003518699249351718,0.019427360795268758,0.007949218211353425,0.00013603023960475234,0.10202266663817662,0.049001790008147666,0.1414933147309898,0.22432593893077094,0.16626815494024275,1.0,0.4853084081637539,0.03617169507517651,0.054410652632261344,0.024708447888154156,0.06135007554752034,0.026987756364707547,-0.050368413410653304,-0.029909200856785823,-0.03719538293050528,-0.018260981913570912,0.017720019155958694,-0.0010485385217851777,-0.007077490793668849,0.023934530584700527,-0.03384112751468207,0.08358842759053137,-0.0047176547262372925,8.388798293428386e-05,-0.003353264656265733,0.0451686872107034,0.023470262548376333,0.0029782025255129965,-0.006017047529195671,0.004735439615241982,0.013621358914329277,0.005680709297048001,0.0054000699380955365,0.017973658755968305,0.0002918800935081259,0.0077128157342332615,0.00641604353066417,0.017104545710880353,0.015074874882090151,0.00640142363773724,0.0025840154627505174,0.04909947693014454,0.0652840465116464,0.0014571563233430837,0.00026561568181453807,0.016001149608498383,-0.0015700014322810399,0.01031159877922219,0.04154429748290167,-0.007808885587219339,0.024709852652177133,0.00022105673862671108,0.010723336075440595,0.006644953797770331,0.014410320495016195,0.09883032807783208,-0.12608023974725788,-0.033850888602292864,-0.014413582308906499,-0.006742060527056554,0.02696364690166103,0.013676209891708162,-0.00853643773407185,0.01166496243142761,0.0017104799480589263,0.024801239679385405,-0.004600542793984665,-0.016571820663560582,0.018790475596118135,-0.009723615133248776,0.004259441751603156,-0.008022474621432043,-0.004186423643152493,-0.006271455409350602,-0.01262836003868989,-0.01659107928190202,-0.020829299407922035,-0.06892502639963262,0.06877671674345953,-0.029609107251708833,0.0031333438498804614,0.014758534158531568,-0.004685644172871494,-0.006870176361597776,-0.004370653686043456,0.002064009372927914,0.0019608532133718777,0.3437324133947491,-0.0009692213283737197,0.007266551745680832,0.02363931719146034,-0.00940931611900978,0.0028849955269957994,-0.0036231128224161737,0.007202318749358617,0.009156035306129209,0.0016605871909657903,-0.0007853111625767092,-0.0015022077716634688,0.0076407930805587705,0.0021057880074878965,0.0008335802657176976,-0.002796856286675054,0.0073859876333896585,0.0076777076266677366,-0.008017334735935465,-2.835553439620066e-06,0.08201074139644159
cat30,-0.025331790746613576,-0.08678887199425026,-0.013376939729677356,0.2031310329481869,-0.0652520160610552,0.027230450543680746,0.01306827442561276,0.03840154673079371,-0.08192409487162503,-0.049693980418297146,-0.03400073864963667,-0.04879728838167527,-0.041482221175404545,-0.005360289670403022,-0.00186479778885115,-0.020834817727295483,-0.004568482643260341,0.004511429704711215,0.0039359375165712385,-0.002198551629425983,0.011836842482097638,0.008228391034299998,0.0032340820372193956,0.14534282055815265,0.05830595719398732,0.16943644944123065,0.25682991753606504,0.0887537828898085,0.4853084081637539,1.0,0.04398195991671089,0.058123539179863196,0.025187224956907242,0.06871998378257996,0.02433944832291064,-0.05355082171520823,-0.03550717444679324,-0.0392267903958846,-0.018830758973936938,-0.0053340830844191564,0.004713117654041136,-0.008682511016044784,0.05000437635230945,-0.03406782655830289,0.024013075400643052,-0.005520608363374673,-0.002077894632421468,-0.004215855660329769,0.04749005373971538,0.02470440225534467,0.00021145521333781317,-0.011912570064248158,0.0029382584404991268,0.01470280890750799,0.005990676235768057,0.008235836938897852,0.008350555371975507,0.0005307036825978221,0.010104292507558314,0.0020649278768343866,0.011586432390375968,0.015518324701607404,0.010489716754089596,0.002745679394531822,0.028378262782233987,0.03138324243738838,0.0005966652509587504,0.0018714640194318212,0.021462022329045993,-0.001533710953191561,0.006053891557251267,0.02804801292535234,0.012482601133086989,0.02024858412596037,-0.00492801006053737,0.008093751648033953,0.005330686745818633,0.009209572144941539,0.04840854249274321,-0.06473645365993098,-0.022895126981177762,-0.0066869404087764395,-0.0064909854786930204,0.013876353803170868,0.00801332346993515,-0.010444525477652452,-0.006922019890295738,-0.003980949588769344,0.01571751349199377,-0.011180133198539704,-0.006053678896950769,0.008936666757296024,-0.005128162412505947,0.009650483134001728,-0.0038587635394774084,-0.0016664783504798156,-0.003035811598445403,-0.012269434684175951,-0.016120371454945586,-0.012270970588518008,-0.07202199650575447,0.03591843380524405,-0.0408747101825781,0.0017032550479400116,0.018292629366149907,-0.005839810579081907,-0.0067750619689529315,-0.006005282508734867,-0.0009447888726856974,0.0049455381116092255,0.35194964215141983,-0.0026915891701638677,0.0034635047040699227,0.025029437934578996,-0.010232628376153451,0.0026453421310664027,-0.004867447344346338,0.012469449586395022,0.015300778716936123,-0.00035707974555466255,-0.004053143151789833,-0.0008439670948954021,0.011251733978861395,0.0007389771261095766,-0.0004103747733479033,-0.0019859634987028515,0.01110966616730549,0.010989507328610013,-0.008656598730128839,-0.003137776875041437,0.04864701262675674
cat31,-0.030635556023191665,-0.05229759593694752,-0.027643323951190388,0.25001424552423923,-0.0944082892792938,-0.07445770718865163,-0.0032534666672486843,-0.005862515425168084,-0.05954941134773493,-0.046304090704419154,-0.00835206510531719,-0.03657847838841234,-0.046643567633796255,0.025311307994037965,8.632349611300232e-05,-0.024854571364306542,-0.008898071917591352,-0.004421249334089341,-0.011566365830604905,0.00118423548056223,0.0029365777970509414,0.005889689953551661,0.17197870245237482,0.09512377929179289,0.3329580006627813,0.17230459908127504,0.09002652089931705,0.06955421515066183,0.03617169507517651,0.04398195991671089,1.0,0.03389460755651368,0.170940046415916,0.06068110559221196,0.0380418847241257,-0.06041780612302427,-0.053800270698263535,-0.041907201541148964,-0.001724754467957089,-0.02170180860359278,-0.021847513124844443,-0.013567239379666527,-0.01932731237420944,-0.041468232243740064,-0.018504875641523824,-0.00843594448556545,-0.007813143585471841,-0.0047655220349328824,-0.014037371159720455,-0.0743214177313456,-0.006843683840324416,-0.03163389669293781,-0.04121508087036538,-0.019605073879164398,-0.0012805863981663467,-0.0032528693819870065,-0.0070433998207245965,0.0055949708519131254,0.0036074104653341875,0.0074764886211071925,0.0007944494094160708,0.005639991833066573,0.0011886151146598104,0.00540388114477628,-0.0017969478089649503,-0.017468134810816282,0.017125463888998597,0.018621428684681644,0.03909922552182001,-0.0018876957461850285,0.009544214934716912,0.015951363439348814,0.04777420237380349,0.006388076193478097,0.008226307029408072,0.05733547815127573,0.010494038168104756,0.019889545123903635,-0.0090898556132402,-0.015443501027620545,-0.04908899558276583,0.0002865638560658804,0.006831131081263349,0.009446043982185083,0.006165500569596971,-0.02448074297141759,-0.020552953216798397,-0.0022845410009151375,4.074355595599879e-05,-0.024997763655996912,-0.00558474477440174,0.003914822852659102,-0.0009550821326367437,-0.015711659871919508,0.012086312026722754,-0.010562401134830082,0.002437912060696945,-0.025761327354270034,-0.014017471783776499,0.0012401598224950755,-0.05344936332314336,-0.003161574194192537,-0.07135186841658743,-0.003758894949169587,-0.006258354503889896,0.0058310752874445055,-0.02188857860105967,-0.028045403071894865,-0.0037784232302223416,0.0036820674805035903,0.4037158330937736,-0.007598198539472307,0.012900250089654626,-0.06520825866941109,-0.017978768487046014,-0.009419899216535188,0.002027215866011443,-0.012523999249847702,-0.004902545763286064,0.011179550978696296,0.0037394898562676977,-0.012358489312987476,-0.011720927186011018,-0.0032882880407264555,-0.003362736139052392,-0.0078497182992366,-0.013292169889015973,-0.01155887052070081,-0.018085603847657863,-0.017204515670575436,0.01255296275456298
cat32,-0.000729881286423157,-0.04406939125631629,-0.010037766039385531,0.11776177299744078,-0.03236976036981636,0.02040785221607009,-0.004925422288154078,0.003104588470762678,-0.04334621949730352,-0.026051398419486442,-0.01643905317631923,-0.02599658313749467,-0.023825130853949175,0.005687855608273263,-0.0010810849071635179,-0.014087164829416169,-0.005131580281862248,0.0015208293758016916,0.00025442565637759433,-0.0026493026775360486,0.009009578779096198,-0.0012158078789359487,0.01085036736164134,0.004870052855395255,0.05712574382775858,0.08482734393640476,0.10268770529458038,0.005663329988256799,0.054410652632261344,0.058123539179863196,0.03389460755651368,1.0,0.019476006737335204,0.011045397256096537,0.1139030882290317,-0.029151198846247433,-0.019068981581477695,-0.019886590172208122,-0.010269820524135042,-0.01455998365822577,-0.014580597987233629,0.0886998292091884,-0.005870051099193826,-0.018877684202040983,-0.003913005276890312,-0.002599667860347217,-0.0027357900438733465,0.0022342067197020326,0.04128394884217145,0.007327011768564573,0.0024417666615333404,-0.0033570703468354416,0.022122539214696455,0.0037625360823248986,0.08638311610426408,0.0680510245255832,-0.007630630421604413,-0.0010018719378753565,0.0034494987727373572,-0.003919795895536277,0.002533798156797843,-0.0012437677431171171,-0.001648108487520985,0.0029345461064051283,0.012473373049865842,-0.0021334990086041257,0.00499560572382643,0.00021020048998266326,-0.0016042096156134288,0.005122475845065331,0.027930745659694188,-0.004415114694979672,0.012054603810244499,0.0003683660193044572,0.020943444076523383,0.004889853540272671,0.004942904505250993,0.01685287836538688,-0.003872211670391788,0.007736721592314859,0.0008029896735440155,-0.0021224697393212736,0.002874999431962931,0.028005140367763092,0.0064867112806447575,0.0983000071689341,-0.01189253304463123,0.2367758626537322,-0.005194394131505763,-0.009805291443932957,-0.026084117902559763,0.00443847232529374,-0.0033920065387576777,-0.07158482137468213,-0.06147089470621732,-0.06633648489945725,-0.02336679642228107,0.0409376214346871,0.060274743611560114,-0.009714745936186178,-0.03745095358194106,0.004014439879550738,-0.025529474857163954,0.11950331413016774,-0.011202593270587702,-0.0619289264966723,-0.0008218602975142862,0.033228564974678645,0.0201029669882367,0.014480331040417307,0.16179380905622598,0.008229367231271167,0.060142305177053046,0.025853904891232234,0.08685106066333169,0.09287875112425106,0.1458138568115908,-0.022597427730256137,-0.09321300282936945,0.04999770441405807,-0.02120000538678833,0.10332925605935363,0.008032742088240199,0.09209544008934234,0.1650416301213386,0.10005434329983014,0.06426824532617467,0.06959093152109926,0.11021174187761577,0.01876384721298498,0.023173399552742856
cat33,-0.01584455318346234,-0.02511718485162158,-0.007699470404584245,0.10461492617716074,-0.038416812736272864,-0.03057811175514862,0.02268173486002109,0.011402966982768397,-0.028534899805716694,-0.014005332110591778,-0.0020078105978774685,-0.010169372171988263,-0.018870319442667795,0.028991445930859918,-0.0009603932997562213,-0.007748207734001988,0.0030093015971899067,-1.6306142330298368e-05,-0.002441502803550758,0.0021869317298967624,0.0030351549726809765,0.003862640717275471,0.061343876784652515,0.05207236777178268,0.167907662372879,0.09160194911543504,0.043327437229580795,0.043680149866833856,0.024708447888154156,0.025187224956907242,0.170940046415916,0.019476006737335204,1.0,0.14644454428810857,0.022034925253784875,-0.024186907648126386,-0.021788475297896848,-0.01649802474381349,-0.007032395374669896,-0.00792890518270817,-0.007541933763060661,-0.0044389283174291454,-0.005246849171486942,-0.017416505486667264,-0.006972581337874691,0.016973302619028685,0.0054419303236013525,-0.0027030681599031813,-0.007523780107650517,-0.031429944534081954,0.0033728093431467055,-0.013360691055454255,-0.015030964250044805,-0.0049347262893515015,0.0007084541196898318,0.00018051156599242942,0.015834137935335467,0.014233291715283727,0.013998236595618552,0.014954331992386306,0.0016083016161707318,0.02305336466395735,0.002182819372441539,0.0035985551253334466,0.012000180877855418,-0.003762287700900287,0.02157853487647142,0.022522435172439348,0.03228337261522468,-0.0007898795955326332,0.005023718864278027,0.026161580782869523,-0.0008010346590240768,0.004669181236390417,0.008571777224351986,0.3128423424187212,0.004391081899970843,0.024861466287113977,0.027392502266667097,-0.041427512238853596,-0.07207259326618667,-0.009514747101228991,-0.0021548914829975945,7.332776247336056e-05,0.013921431356039902,-0.0062458160217210325,0.005452653917360852,0.004475172679769574,0.024735011509550688,-0.004639550529877096,0.001170747788393241,0.0031032829727046076,0.003077583798831492,-0.01297380110187111,-0.0029816287256611315,-0.007846508639451598,0.0004050417691851406,-0.00856554326745339,-0.009544993102455938,-0.001237491876763393,-0.01867453933537584,0.014261061202964345,-0.02719509645779991,0.0017633758910851974,-0.007006538710801149,0.0002337653268645936,-0.006015295702775838,-0.0063721266312705615,-0.0047793931528667686,0.004571940139876249,0.2018206589030758,-0.0029489486564694724,0.006609183292905754,-0.025815102394446444,-0.004401581074220669,-0.0014390565313314263,0.0005637555731132232,-0.00991281377936154,-0.008970630030934396,0.006549010755544044,-0.0025881322229478446,-0.0023426527372514615,-0.0035944522343959633,0.0005595698567631053,0.0014106728524649035,-0.003052320016952818,-0.006124334984385061,-0.00519855827828978,-0.004402453670216319,-0.004629748585408458,0.042644578934467124
cat34,-0.007744159320299986,-0.030267175953472072,-0.008818293385389576,0.08164173746454412,-0.02882576506590376,-0.0028328808198286775,0.004228150729596302,0.011279957308684732,-0.03006824375448766,-0.017463748524063297,-0.011569637201424026,-0.01608706548438884,-0.01391875841479683,0.006937101283241209,-0.0007494932177137364,-0.007903932333989845,-6.826815891840467e-05,-0.002725782254715504,-0.0025531762254836195,0.0010665705302203181,0.0035099731132874215,0.005478071224289656,0.01709236818607386,0.024532534987072325,0.06927199554942501,0.10873773905366432,0.09340179110095843,0.020727326848280162,0.06135007554752034,0.06871998378257996,0.06068110559221196,0.011045397256096537,0.14644454428810857,1.0,0.00948855154883032,-0.020151954829128425,-0.015594254549843384,-0.014875298651023777,-0.00734469536468129,-0.007219604741570285,-0.007572835979446922,-0.002281749585059491,-0.0013243525305988869,-0.01121985620534694,-0.0021790803750252456,0.00456677168696247,0.018546436833186023,-0.002109480827677235,0.012188335166369774,-0.006728135964818678,0.02488491732964041,-0.003766827118213099,-0.0023237874513808102,0.005514136010915086,0.001894865887788163,0.0013388230292437331,0.003517718413957156,0.006059377788717343,0.009745667659822953,0.0031768498222006923,0.0011759966859904096,0.017674528841032378,0.008185123268103538,0.017256979471141624,0.007877254221628587,-0.0022524706474087493,0.01713186796818328,0.01238492975344684,0.056928691301959815,-0.0006164239169644914,0.004329232519696842,0.01579681454215378,0.005291304460018523,0.0040056689751449435,-0.002848899398984185,0.2444092746485124,0.003426810769390764,0.010229714284276319,0.008954779515032135,-0.013752994631464,-0.04386322796416253,-0.0012039035192558413,-0.006442616245366117,-0.004326365687076708,0.008767465829236494,-0.0004131031524361946,-0.0015729230663647112,-0.004154402260791292,0.010420604966044023,-0.006575408483958298,0.005865952445280511,0.004852379220941262,0.0036129930268663296,-0.0011254040059856425,0.0059029972098806885,-0.0023368219281274015,-0.0010365685647975107,-0.0002161725729109976,0.006031481779512047,-0.002069994067932051,-0.02467834095459741,0.01594763253523096,-0.02079355657636942,0.0020562991594493727,-0.004232161174545492,-0.0029070528617860256,0.0024441653154507587,-0.0005229092606053838,-0.0032163517646726283,0.0023045359263945573,0.15120130846857494,-0.00477828525274954,0.0034164853405298868,-0.00013918553969618263,0.0034724188408975574,-0.00022712266610961005,0.0027625205128923736,0.0002035687189501725,-0.0032175376243117966,0.0004948503492580253,0.0006090479813561123,0.003998284648737545,0.0007930774628364711,0.0011824836948170615,0.0010070582296894458,0.0033154255155416062,-0.001008462183636978,-0.0005809409907249441,0.0033634090556062717,-0.004349917351448,0.03156908473129891
cat35,-0.00215651866404699,-0.012526768060228776,-0.003940669459609206,0.049256881613718384,-0.014991655398605532,-0.007251002732452719,0.005979369795991593,0.0077381175512845546,-0.011951928068271382,-0.008330202148321959,-0.0014165734528800505,-0.0058315842851937175,-0.008312297825006398,0.004950183194593553,-0.00045219148736567213,-0.004615758992520002,-0.0028153228241839514,0.001933361196624723,-0.001692988282994773,0.003694459025907791,0.0017996120123177338,-0.0005085428253451926,0.025637895221355983,0.022620596678513676,0.06192829347510889,0.05032294653653016,0.03292268543536369,0.01925706864115983,0.026987756364707547,0.02433944832291064,0.0380418847241257,0.1139030882290317,0.022034925253784875,0.00948855154883032,1.0,-0.009758402996435515,-0.008047160074324064,-0.004975569450040337,-0.004524502876205672,-0.005631076764983769,-0.003372135578166853,0.010175156546057839,-0.002949575034102304,-0.006101940702184602,-0.0030515939564254133,-0.0023083274742561307,-0.0020568970117146256,0.06565564871183306,-0.0002900827339991442,-0.01116656510633489,-0.0007994912810723586,-0.0029681249876169556,-0.005991800783640952,-0.001185665408667507,0.004761492934839754,0.0091219568426208,0.0019888686901415485,-0.0011995502038171983,0.0026171758405133887,0.004860744812439297,0.005581474567050171,-0.000520237755583174,-0.000689363641443758,-0.0005316757424216532,0.0020905344657111617,0.005047413270208042,0.0005673712460489691,0.004831018361951369,0.014304165456778928,-0.00037190683153909146,0.01650489116313613,0.002232796648014691,0.0010110017948725218,0.004474311446021836,0.007198891550542917,0.006660206316714102,0.0020674965724932744,0.017092006958214067,0.002518988552524452,-0.003625475387552254,-0.01400411601894018,0.0025179047477894376,-0.00041949977926469833,-0.006310032964234644,0.0028574532904934746,0.04111649894956291,-0.001997256346362969,0.09903757678626647,0.005003917742232075,-0.0034797925688339853,0.014280102128959072,0.021061754260995273,0.0034508190942027337,-0.031213548159698276,-0.025711778161656245,-0.03634830632767352,-0.007740338274933516,0.01735046914274324,0.025211457290443415,-0.009634874878788975,-0.009863108692195796,0.005846503561461236,-0.008528440382992561,0.05642854494330865,-0.00656120850346018,-0.03162808990402156,0.0018511951785971452,0.014266965383936495,0.009876266893810456,0.009306364691047732,0.09631890480029212,0.0018088450464399603,0.029823147287001348,-0.007989782005559222,0.039762366924386464,0.042495868403906886,0.06425493060358249,-0.007214844532560121,-0.04027492520619322,0.02375948734953623,-0.007008410614579151,0.04961594895554,0.008847725368443946,0.03618662886631597,0.07245159302994128,0.04643384520166082,0.030123227615157858,0.03332942006274417,0.050108725933206394,0.004121812890564439,0.021083443222222636
cat36,-0.06126801162844188,0.23237228315773467,0.033615081434432696,-0.14193567183523703,0.6263380199712838,-0.24204641715732145,0.04349898550809345,-0.001561402183736661,0.20788599163095303,0.09881698873448228,-0.00043337447704185853,0.136099875158805,0.35468098516677277,0.04463167856194541,0.006547021735090177,0.06242757166456303,0.018639282007883194,0.0010294374941823548,-0.03440198059118228,0.007878032977474837,-0.013960158966190425,0.000647595827875261,-0.012675674607416424,-0.049509097455208005,-0.10462114039299764,-0.09883540089957872,-0.1361586809056728,-0.049052980133444925,-0.050368413410653304,-0.05355082171520823,-0.06041780612302427,-0.029151198846247433,-0.024186907648126386,-0.020151954829128425,-0.009758402996435515,1.0,0.014401537711721727,0.32472123537326597,0.15990606561604928,0.2646299560097441,0.2693156592274871,0.005828000644030789,-0.0007803127428347947,0.08418722281778493,-0.00456536915096843,0.060072532799554275,0.015058861973623754,0.021069319155499252,-0.09173588872681612,-0.22931928090758694,-0.03171416220676602,-0.07375347032767114,-0.1153678703850813,-0.05891823218531848,-0.007463688195348665,-0.007248754800278434,0.04538860252807751,0.010476488042108208,-0.0024764335947295153,0.0038398015416651783,0.017225411060675037,-0.0005925834630565712,-0.002365536433148278,1.097429990438769e-05,0.005394919609178836,-0.0050672361412876675,-0.0017773892332765358,0.010232639901736973,-6.14092080901911e-05,-0.005000988901143446,-0.00786392537186865,0.05526610883896554,-0.03713725244267979,0.02977061371452635,0.0059754829100434614,-0.0009470775800520734,0.023425425846866813,0.018135382954183602,0.1119016032014505,-0.1253051534983003,-0.11944786572730368,-0.03528356829695036,0.003634205954539709,0.058134505188328606,0.01586622728567463,-0.010914278551414195,0.11032465300535153,-0.012859843463301627,0.041557889357577545,0.03568300032058654,-0.055497568597499845,-0.007134515684942762,0.0047796873608689245,-0.007919503995566133,-0.0037937374530490112,0.0068273481081376885,0.0014303445351557052,-0.012499747713608223,-0.013910634148105918,-0.023666787702743892,0.219096518683803,-0.001398905279696436,0.5601368669628599,-0.016140990533502438,-0.006312921852790661,0.021155745425449488,0.0010206159584667245,-0.0028469275280498785,-0.012161190618844037,0.004815409291510511,-0.14359259113807044,-0.014285849111815503,0.0018742240093780353,-0.20453714999665967,-0.007813945036446324,-0.017273009346367264,-0.020700523396447835,-0.0032669571562181313,-0.002433156847192297,0.003442686698439448,0.00047710730153285467,-0.021346928751814685,-0.022545459233346218,-0.00931326119662158,-0.022495921759639527,-0.018161442072363844,-0.019675510216510716,-0.020026985367537404,-0.014150921799558758,-0.02455239613473233,0.15652937504918885
cat37,0.06438780201033004,-0.24626860711496737,-0.052446496804011346,-0.18494964998411184,0.5110303060143763,0.11828610303821009,-0.019604528426198024,-0.031562261099163096,-0.2351963533498501,-0.13440194407360642,-0.11477242535777421,-0.1331686131884554,-0.09056946296937059,-0.01975864590065494,-0.0049611458893229175,-0.06204178487443405,-0.022232289745899126,-0.017744034344919033,0.01678220787948375,-0.003711449223778202,-0.0015861609036762823,-0.004497678832339594,-0.14348552753286367,-0.059764764285317906,-0.10565067909447186,-0.07645548270434249,-0.053295659876709776,-0.06352741077613894,-0.029909200856785823,-0.03550717444679324,-0.053800270698263535,-0.019068981581477695,-0.021788475297896848,-0.015594254549843384,-0.008047160074324064,0.014401537711721727,1.0,0.18666581280238118,0.08912271359021959,-0.012452648473544882,0.00576964503080868,0.10498761514696507,0.23024981107114914,0.40658810245176275,0.1931806654196327,0.040263985614369356,0.0920310363355773,0.027147451309235904,-0.029467475964161688,0.10348502822201613,0.0025029497506369527,0.20799455278235685,0.04050338623966014,0.02324229465692534,0.008017620488816523,0.007452588008832016,-0.01710277092355967,-0.004438420527107287,0.002055035680233165,-0.007564764931711558,-0.008093835741648785,-0.00042064985922300664,-0.0003800372962591724,-0.001694499551466448,0.0011507282753723052,-0.03884933845713901,-0.0002718250021231524,-0.001805940792879584,0.013034696004202711,0.00035660854036151135,0.013241304405835009,-0.040588003716411816,0.052911092289785966,0.01095449358201017,-0.004409183528141144,0.0006944955708523235,0.018963626557256783,0.006891324139579061,-0.0450423735100342,0.06719334676536973,-0.007018442017786826,0.022263912888153266,0.005240061018021595,0.015642106687422126,-0.0018364416820616034,0.03964780411368909,-0.07341515818486259,0.05529031525851155,-0.018222790291067006,-0.05043221660284408,-0.010456202638430568,0.005723452199030701,0.010423873425391866,-0.00542839296233473,-0.022710852779860756,-0.028087238820558594,-0.0043742993422367545,0.028131693158425373,0.012504136656421595,-0.04296884520711097,-0.20044976085399868,-0.02814328681766731,0.5213717993693019,0.05784347921992469,0.014382107881891067,-0.04571755014990619,0.0009899872876220463,0.021204552484980523,0.015888064530048165,-0.0012832302234583835,-0.15979029784627574,-0.007759925381246855,0.013757839178616334,0.1125623620438427,0.028612355184609257,0.048568435780117006,0.06643623145508776,0.017135866977585085,-0.01670699815368993,0.022740652339933564,-0.0025518881117571795,0.05914158881886514,0.02208154564800017,0.03460690707454834,0.0704964273998531,0.06566614232610647,0.0511700815790821,0.052655656895546674,0.05108210082125211,-0.004993747604284164,0.011004020437930868
cat38,0.0011700699754142569,-0.0893656045310994,-0.03481344619104627,-0.17494478505654115,0.46361670932398746,-0.1591784339080609,0.01668124785274287,-0.009378589602195458,-0.09698469744153608,-0.06452132489542832,-0.07393710549009741,-0.04310455736546452,0.028462570406010034,0.025059620913060587,-0.004500848784532501,-0.022752003167708795,-0.003190798377348977,-0.00917112590031456,-0.02556298153555875,0.0034430288624238054,-0.007786754321446677,0.003107503730981968,-0.1067841124249289,-0.04521975785635158,-0.06622637484862538,-0.06520848317496408,-0.10133050796127825,-0.0470158082284428,-0.03719538293050528,-0.0392267903958846,-0.041907201541148964,-0.019886590172208122,-0.01649802474381349,-0.014875298651023777,-0.004975569450040337,0.32472123537326597,0.18666581280238118,1.0,0.2967995337411022,0.13056203460434046,0.15368169107699814,0.05862993406729755,0.057568234665486266,0.4665311132481861,0.03866554394374215,0.15263955175100274,0.07305054232159655,0.06343313176189175,-0.06948535590427275,-0.1535856847246282,-0.02038877329033945,-0.045494694601784694,-0.08400070295104077,-0.04160642380062914,-0.006754721662168671,-0.00531022379160915,0.018828912066151213,0.0073760480119651394,0.0034221230733934255,-0.0036226767523132204,0.0034735843815015565,0.0005259165830296834,0.0008882407675074749,0.0036382601986540758,0.0038587530494745377,-0.021674014134536953,0.010840793854813884,0.014567075487204378,0.026676254504085617,-0.0037017424198840876,-0.006277434178099997,-0.0022717112094559366,0.021306340543325683,0.023424846322807526,-0.0007643086570455532,0.03984144526681659,0.01768932342297915,0.014861969043642849,0.01378577118718494,-0.007312738351666928,-0.23092846718606674,0.0016533288634332686,0.006111484796304128,0.015281834619130243,0.006269371336242786,0.008927495392688261,-0.001561008820174399,0.00472545477374204,0.01668216863551028,-0.03002727881956041,-0.013252670313049754,0.01879840255714096,0.004958417619717155,-0.005395363037789474,-0.0031207447907635622,-0.0017564298032295316,-0.0014651891542786738,0.0098352425465291,0.0004772268627663575,-0.04309567423896913,-0.07060984180680352,-0.007132600867680372,0.661165568303919,0.006485196570370189,-0.011616517925482876,-0.004691698679265646,0.0012692048565479182,0.00355575889266609,-0.009297730022516191,0.006113795355746614,-0.14099806604057344,-0.014868984233228234,0.00910247435482543,-0.14021148830802327,0.003997486479752938,0.0045559062925064646,0.0140744664374062,0.0013264382020645028,-0.01074369002173993,0.016722968868877783,0.003433555922596615,0.010266658357337763,-0.0076135515313469305,0.007216297546601249,0.010779568841425339,0.019121707624888042,0.0007461236850799586,0.0006460564894611893,0.011389386909612675,-0.01725501908544646,0.0956741974299483
cat39,-0.016103832712133143,-0.038944118035060954,-0.02660618516259108,-0.08680665551766314,0.22683452082387373,-0.07320747584057372,-0.004024999239240733,-0.00011739975736041186,-0.05289607133582525,-0.04295676016573803,-0.043990086586723806,-0.028521866343478034,0.0064360879866416365,0.04154195410838586,-0.0022021377935855907,-0.02142730129116132,-0.0073024981583207325,-0.007286800835230226,-0.010333754641344632,0.002695557488021566,-0.003414962557846089,-0.000274313648851989,-0.056388920046867776,-0.024687374664799554,-0.0395936345865242,-0.03389070955984584,-0.048076944512659515,-0.023664763450767064,-0.018260981913570912,-0.018830758973936938,-0.001724754467957089,-0.010269820524135042,-0.007032395374669896,-0.00734469536468129,-0.004524502876205672,0.15990606561604928,0.08912271359021959,0.2967995337411022,1.0,0.05814175021328595,0.08644939998018715,0.02560314858132305,0.0312809019379301,0.15486618378257633,0.021727631038806417,0.185158669913511,0.06647758038383801,0.029042781913185805,-0.03295074959714759,-0.0735216712631319,-0.008866679274964444,-0.013467127596628123,-0.040586582557771374,-0.019956217504522204,-0.000950226746886242,0.00025725063432826894,-0.006363944282234254,0.0044389408673738825,0.0001286771968575814,0.00022997330332290533,0.003293937056385764,-0.0003807507293055813,0.003142487219145715,0.003730210601098079,0.0008683366894826959,-0.013751906741663092,0.01699379117356571,0.042773776952667805,0.023069968731819393,-0.0018111576894029185,0.005736193053958783,-0.024000744990981315,0.019863016826579264,0.020109588917937862,0.005751586033702147,0.06890296644537314,0.00855402264052031,0.014281889615275923,-0.01084226678882464,0.005804583699549925,-0.048775034472747766,0.00610789839717817,0.008851291903013455,0.008957183606817729,0.0023940504323395834,-0.019598933138505924,-0.02016015083986851,-0.004056047819595774,-0.0019377284673576642,-0.023730712880340638,0.0018562334359883402,0.03244582297888521,-0.004648374062366462,-0.007508938105281853,0.008854880188225698,-0.005557177043845161,-0.0010476943988219642,-0.020584474019791337,-0.013555923525661087,-0.01717409210603961,-0.04348444239865468,0.0014816596396875351,0.38386916907298185,-0.0011178189104681488,-0.0028067338302170757,0.001501472760980529,-0.02185294710743795,-0.023604127745071472,-0.007091973293830791,0.003440045214161857,-0.07053606662439935,-0.007119874900682211,0.008213223422190469,-0.06514046167390103,-0.01925407220646476,-0.003107605347192733,0.0043521757983672835,-0.01149918602492274,-0.006080731078193128,0.009842133785801522,0.005186639084483194,-0.00892666804834863,-0.00573535431141269,-0.010311479242105244,-0.0028328122874673027,-0.0030930666141794475,-0.008202656234132966,-0.0070123761939810784,-0.016943561608434382,-0.017351543379402614,0.01618058314609419
cat40,-0.08396989269166974,0.04266314936016022,0.00439746364646516,-0.06748433004281364,0.295323555257486,-0.11317380686723741,0.04815082599756969,0.12206545995445336,0.035817304741063274,-0.0007037820448171425,-0.03027624595738666,0.0053352023630575006,0.08559674176854425,0.026395853149983443,-0.0028670378741582083,0.002440803502387166,0.017229068178126507,0.018750153533559317,-0.010065058246366217,0.004048799825517921,-0.002770913546611356,0.0019424847393454897,-0.04717345310144317,0.0216281345178623,-0.0443025356352599,-0.042205441990136205,-0.06094992379191863,0.08243166793627625,0.017720019155958694,-0.0053340830844191564,-0.02170180860359278,-0.01455998365822577,-0.00792890518270817,-0.007219604741570285,-0.005631076764983769,0.2646299560097441,-0.012452648473544882,0.13056203460434046,0.05814175021328595,1.0,0.5331150453664218,0.0036377809446403258,0.1151051024355269,0.021496853200807572,0.19983352247172095,0.035292234552586565,0.02071560086278037,0.02086864885372855,-0.042410426853706995,-0.10669115372526984,-0.014210849757801227,-0.035939269266377666,-0.05504662100457046,-0.025295568921506355,-0.004046227359009469,-0.0032861005548843014,0.03446495686681949,0.009936254330513712,0.0032223566584770823,0.007806404306075513,0.04529229531839435,0.001752239113671871,0.0007122521949343739,0.006513222792964059,0.05649703910627347,0.12373903682425122,-0.001345381579659015,0.01309899032050782,0.0016988548497051785,-0.0023580076172872865,0.008829946892477394,0.020812445098313447,-0.06316646060689941,0.057945312622480837,-0.0016786023012071113,0.005850004686597563,0.010029054849139045,0.019605400262741525,0.19989515236418187,-0.2313859003030205,-0.06960886416487438,-0.01891133344050627,-0.0074564522070425165,0.0373569704886679,0.020853365170059503,-0.025358492345564053,0.08296861242838699,-0.010413705811336875,0.047053583468285656,0.008709580870561773,-0.01596691989874007,0.08933231341706688,-0.028083687602256192,0.004947212874410996,0.00031886825885155346,-0.0017572008657370092,0.001811457602798729,-0.027106024941811458,-0.027301115716943037,-0.06706437180001171,0.027414644081674155,0.11568999338552664,0.4456968228517843,-0.014812933964103062,0.015328505174636119,0.0141908931893566,-0.009376724817255627,-0.014100354046601943,-0.011053071297083786,-0.0013208558775314563,-0.04400997198442957,-0.010307954659407504,0.01052224508959671,-0.09587229984620539,-0.018566412047332156,-0.014469085864292726,-0.021405245136277274,0.01347582148736131,0.01629340786117128,0.008125388866231924,0.0010666902575952716,-0.02194707001162563,-0.006894707563979924,0.005411868416768192,-0.016452076581202433,-0.02405015199594948,-0.006098735313499983,-0.006389133803564918,-0.024212092721605825,-0.004868938769919053,0.12518099623227466
cat41,-0.06546955388153601,0.027595053887847304,-0.003361319425517333,-0.07999882899997084,0.2748054825063561,-0.10684004985274274,0.02953712873256436,0.08841363677119891,0.020809077547643797,-0.01121486936353317,-0.035486495675077265,-0.003138388278511654,0.07796907040269967,0.013648858814942669,-0.0005985879859470321,-0.006184203903228536,0.015848841635488605,0.016006977928741364,-0.010993559225781458,0.008674933924640534,-0.004552998191228372,0.004359901936575048,-0.051417146154557766,0.051716696712668236,-0.04554286272680625,-0.040634410561336966,-0.0583835518902121,0.0176443678217855,-0.0010485385217851777,0.004713117654041136,-0.021847513124844443,-0.014580597987233629,-0.007541933763060661,-0.007572835979446922,-0.003372135578166853,0.2693156592274871,0.00576964503080868,0.15368169107699814,0.08644939998018715,0.5331150453664218,1.0,0.003157342609316928,0.18253653864699798,0.0408846165096296,0.12931602319245872,0.048681780003397845,0.024843309396123826,0.023408309826474794,-0.039809319306176705,-0.10145994865919652,-0.015523491533122631,-0.03240616701308434,-0.05156605662582242,-0.02329873803825922,-0.004508736135252029,-0.005280144567630142,0.018010976375261455,0.008540741807375985,0.0011321249839293978,0.009201464005805992,0.03222002100731812,0.0041255231262375385,0.002721204512878686,0.0056633632036580195,0.04369787149696814,0.08487067797496581,-0.0010294851649022062,0.021892595368763274,0.0064492676410999065,-0.0021941812953501995,0.004312443588040775,0.013908276497463234,-0.04379029452326784,0.05090223239988618,-0.004172073635094007,0.004927497391871681,0.010679322168020776,0.012661593277126147,0.13206488993035512,-0.1563134216610538,-0.06432409812958195,-0.009250284579729746,-0.0029584637177305956,0.015184877521509129,0.016643829442471888,-0.028658004869757468,0.05275693956989873,-0.016813543570165977,0.03036305399691139,0.001490122751121716,0.002594342915711219,0.07699536518110912,-0.017775171367103333,0.009890335452937046,0.007080394678055752,0.0030744382798692876,-0.0009024906897137059,-0.02749375418710367,-0.02417786762327601,-0.0568294709091683,0.012988711732154318,0.08192508522120241,0.46240121526854683,-0.017847740989934618,0.016901002757382277,0.014026971416782455,-0.010186146917584247,-0.015077227426374191,-0.0097184237914318,-0.0019089859805124945,-0.053123306991617505,-0.011601203545824603,0.0028715833983066065,-0.09041045148939106,-0.022113411184205883,-0.01644016516970637,-0.02423813255631263,0.017322104958054002,0.02107013198384928,0.0035341094639254086,0.0012062946951553416,-0.023739105221440265,-0.006138256711327531,-0.0034832298933985414,-0.02141264196038213,-0.022568042230038814,-0.0070702281323931585,-0.007300607293940753,-0.026798532450197053,-0.006782471268386204,0.08661754272478867
cat42,0.011719167465493929,-0.05621433928002568,-0.011591835470595033,-0.042050437678262303,0.1319166689773027,0.0105856692093986,-0.005540344368957454,0.0006211947752112235,-0.05462549259593386,-0.030763922449639883,-0.02805938471431953,-0.031452566232797644,-0.019801030478305497,0.005404410239964698,-0.0012806634603222396,-0.016440626202012747,-0.007296607866541501,9.054277102746537e-05,0.007338192181252934,-0.001429166033638193,-0.0008621496147022484,-0.0014402575736724,-0.035063571613130604,-0.014672871529810847,-0.023539412298195853,-0.01802050099232683,-0.02434938959394155,-0.014611027109712712,-0.007077490793668849,-0.008682511016044784,-0.013567239379666527,0.0886998292091884,-0.0044389283174291454,-0.002281749585059491,0.010175156546057839,0.005828000644030789,0.10498761514696507,0.05862993406729755,0.02560314858132305,0.0036377809446403258,0.003157342609316928,1.0,0.04341385149604736,0.09333102960076434,0.04092357638878195,0.023932024678456412,0.0071004046400419685,0.11102688425061141,-0.011410366908499493,-0.006641963172750219,0.001231266253638406,0.04277368969755917,0.014718591781107022,-0.00036862109442974334,0.08046303075496189,0.062176962152583636,-0.008143679130429283,-0.00023874576353415474,0.003242278973152385,-0.0023299997657655024,0.001366032201637301,-0.0014733790946326025,0.0007933537652192071,-0.0015057729194014329,0.009104650285413848,-0.0024684480092952883,0.0035045974123365724,-0.0005696465037048844,-0.0038510559301265443,0.014210501396046286,0.039977611961370396,-0.02082788498606426,0.010850101500244574,0.0022299560805677855,0.02658002640964546,0.0033826201406601045,0.004831732166597031,0.008122045222553779,-0.010885420953964005,0.019902687171517636,0.003571139353751385,0.0004355079917854595,0.008736808030877254,0.031564028371963496,-0.00010225137501987894,0.11644712315979779,-0.01565808422737117,0.28048693823920257,-0.005564537164881998,-0.011526246282085354,-0.029515389811346805,0.018792073310810967,-0.0020765200251500527,-0.08414208684614473,-0.07281900635364306,-0.08493224701793906,-0.025107465650854588,0.0483425942770803,0.07140203439352814,-0.0193086763340061,-0.04585101021973897,0.0011494191459084605,0.1741229451679481,0.1440063341293571,-0.011939398145799912,-0.07664724331745826,-0.0019183011636656653,0.039347524500722604,0.023878395282150813,0.015337780538500009,-0.03397064237942085,0.009456514908456703,0.07589199354087486,0.01391937306698588,0.10007861900759807,0.10914235806628066,0.17377474804131413,-0.026121573022306038,-0.10899914475400366,0.06524831322018235,-0.021465236046999445,0.12396296702353013,0.01153958482843207,0.10781786688754087,0.19613049072174596,0.12121266004556408,0.07876807361616267,0.08605280332280393,0.13117446020234877,0.017082035745237815,0.01937878096559027
cat43,-0.019627753004460232,-0.09507257180955535,-0.016684043502620267,-0.06702848456467941,0.20926499383707986,0.004991107998335031,0.01745510095454305,0.0477408350685167,-0.0910563086020207,-0.05253173992840181,-0.04498037760140907,-0.05290485334189657,-0.03705397671627807,-0.0019328815947948527,-0.002031570636291747,-0.02221843245619087,-0.0005404677509083225,-0.003510185772302424,0.007221361714063183,0.0004822828718459585,-0.00017553822174836136,0.0024709614009637984,-0.05656239217369594,0.003049163127591571,-0.03901179491435332,-0.028140804802405335,-0.03428132487906144,-0.008129434925344235,0.023934530584700527,0.05000437635230945,-0.01932731237420944,-0.005870051099193826,-0.005246849171486942,-0.0013243525305988869,-0.002949575034102304,-0.0007803127428347947,0.23024981107114914,0.057568234665486266,0.0312809019379301,0.1151051024355269,0.18253653864699798,0.04341385149604736,1.0,0.1559281551386615,0.49547246277133505,0.023306408553436252,0.055064219545714284,0.021868876057954397,-0.01790419507613686,0.004207077729947429,-0.0030407734292276353,0.02790932629040781,-0.005698418026271866,0.008463467911459304,0.0035748153716745916,0.003391422379991956,0.016146366534083474,-0.0003436065240811409,0.004771329776259909,0.0015034126003870387,0.008061400024712534,0.009284827014762354,0.0039207766960624,0.0067090918536492124,0.032140464360555704,0.04327145285125246,-0.0032436670516688003,0.0023912433114667343,0.01704500193625501,-0.0016708739980770535,0.012350169580840863,0.0019274896983102418,-0.013266547672365665,0.0299697525527468,-0.009526005428661704,0.007819919648319894,0.008634571125878333,0.007323206025573476,0.05573657113832575,-0.06363082655735879,-0.018143695184515186,0.0023297112042436254,-0.0020660831883343787,0.0072879794821725675,0.00855843086159178,-0.005023526078496922,-0.0061432925379091285,0.0033995260990968834,0.017832463376445992,-0.014010944376300877,0.003676378516845596,0.04221342599777334,-0.006481647450416484,0.01172637577897044,-0.006534699507660913,-0.008183891164967132,-0.004698862966092059,-0.007892424604768895,-0.010920564812376314,-0.035894860163026815,-0.07825787837759032,0.04506483902792048,0.3776774214885218,0.00952855181583467,0.025742440738872267,-0.011359704020654645,-0.0035810604578986657,0.0009271861767911534,0.003125687441850064,-0.0027370543510541936,-0.045776654484703506,-0.0026766383562682704,0.006094513278408856,0.002868083878175473,-0.0070125545992315375,0.009127321367312955,0.0020008353604370316,0.02114911593305768,0.015624018184695424,0.006410399785784042,0.0008063037371628055,0.007046862509716191,0.01588458372998993,0.006516797006717717,0.00730627955313293,0.006660227112115065,0.01980506302662336,0.020217337859924234,-0.0021013990987782984,0.0023117770344744447,0.047773790299650565
cat44,0.05168978582242153,-0.18762167626775222,-0.057325228956262075,-0.17480468082570144,0.41602675321379956,-0.09243558849670595,-0.0037481037105579324,-0.024021370066790552,-0.18266283149465537,-0.10977233514559527,-0.09438437751454119,-0.10491555290121136,-0.06522579311659624,-0.005754424571011089,-0.004038839560518987,-0.048362600689404844,-0.018189688007673097,-0.016213502659314684,-0.021097033761482024,-0.0028702245281362077,-0.005854514771795571,-0.0007171998555611461,-0.117897313568151,-0.04926924561772626,-0.07945879293547468,-0.05056905326654504,-0.08644420148407667,-0.05236063622502246,-0.03384112751468207,-0.03406782655830289,-0.041468232243740064,-0.018877684202040983,-0.017416505486667264,-0.01121985620534694,-0.006101940702184602,0.08418722281778493,0.40658810245176275,0.4665311132481861,0.15486618378257633,0.021496853200807572,0.0408846165096296,0.09333102960076434,0.1559281551386615,1.0,0.12002267571169006,0.09195914692095879,0.09297655028490248,0.048309874869906594,-0.0577095497599327,-0.09337282939127771,-0.012187824656601096,-0.010593884290958614,-0.05652448242694717,-0.024506198635478087,-0.004176128748153899,-0.0019085836079140793,0.0013229646077304105,-0.002056648628431445,0.0015192452996652432,-0.00711409459268742,-0.006177261443141364,0.002831407331704477,0.00419088872783537,0.003787985561052483,-0.002370457823199131,-0.03415039702669928,0.009127216738109288,0.002270588783431758,0.02844250498357214,-0.0033217609486588485,-0.0005513643196695376,-0.034645186615038535,0.04721725869700025,0.018634553849200403,-0.008355738038307577,0.01771203345556476,0.014783580169965092,0.007237964764941809,-0.035863962016696165,0.054477384925695746,-0.11682547854145936,0.01877872378942626,0.0050946838727103086,0.005509075932239314,0.0003175056820310196,0.024247964850124436,-0.05578026879636821,0.003681843596511677,-0.002304426472731552,-0.05380118846586972,-0.0004957834736023709,0.0286584515166021,0.00559661355179971,0.014086732789178753,0.03511087237721402,-0.003879305504263517,0.0004390173940042174,0.03306260360547461,0.05356873996855127,-0.04441823861885742,-0.157002436110935,-0.02010358987256939,0.5975415317936944,0.020125805023528984,-0.010311921558784236,-0.02923863728797034,0.010129719022646774,0.011426154574744616,0.00531368369342824,-0.0003120084654558353,-0.14147147919023811,-0.010026528566210407,0.000657738007597505,-0.08651297927275566,0.02215768622693081,0.019962313232445336,0.042742645203718094,0.022864349706060966,0.002784859285022099,0.006815668644942813,0.014886519023798556,0.041148508722973216,0.01601816249528066,0.015665051438357395,0.04096300797656564,0.05171731537303855,0.024551641786044787,0.02452451396527453,0.038391655241884405,-0.01249983328921593,0.04797484875476603
cat45,-0.04705159246615115,-0.08510098132869337,-0.00408500113984804,-0.052795728822911885,0.21227192878634477,0.0050177343221294015,0.028064612321508312,0.08405381597723709,-0.08219122862122566,-0.04941010847346645,-0.044569356401186484,-0.05011269916430305,-0.03309543234563141,0.002815088748879727,-0.0020607623354677567,-0.019990628989135412,-0.0004594307981010855,0.004084548575031832,0.024154234824432127,-0.002895309057388345,0.01023590085504124,2.8113134193568624e-05,-0.053452704979838915,-0.005441984526459427,-0.03795759052208563,-0.026422906600586025,-0.028727090243105262,0.013776716644800362,0.08358842759053137,0.024013075400643052,-0.018504875641523824,-0.003913005276890312,-0.006972581337874691,-0.0021790803750252456,-0.0030515939564254133,-0.00456536915096843,0.1931806654196327,0.03866554394374215,0.021727631038806417,0.19983352247172095,0.12931602319245872,0.04092357638878195,0.49547246277133505,0.12002267571169006,1.0,0.023739984581893227,0.05464349629944783,0.020475122729909905,-0.012202234607992309,0.004146788942957279,0.002336790706993475,0.033645002865222214,0.0020538104727388868,0.006762239756915902,0.007242557101846883,0.006636128706996224,0.024414806549313973,0.004488080727545005,0.015202337519152993,0.0027358329957645586,0.011705074891992184,0.00680104241054919,0.003781336868074949,0.0020643506805667587,0.05011012423243434,0.08037553398678857,0.0012299552277458235,0.0022430392004696544,0.009616034712450653,0.0015122487839852672,0.006063750313516323,0.018238898755012032,-0.03171614996856024,0.031030632257010533,-0.005665391144429039,0.011131444637535941,0.008776889354244746,0.01544929315496795,0.10898146189928502,-0.12666441475521859,-0.02961801448939967,-0.009348066233172995,-0.004986223303980484,0.024986682546505462,0.012462224535658149,-0.006721406508002181,0.012906794980519543,0.0016928831321631726,0.02825845601745677,-0.002624145963596802,-0.011737658777233125,0.04775762803860688,-0.018672324774800714,0.005386686702686581,-0.012104574590062757,-0.005040267668070367,-0.006668881124980129,-0.010892498018034928,-0.017918055051895303,-0.0415423444121262,-0.07247345938757255,0.07863756012029624,0.3577268521462981,0.00859190036172468,0.024621457238741033,-0.008413076741032616,-0.005731550460686247,-0.0004987394647425651,-0.00034393664750080306,-0.0029185387826915544,-0.034559653199855,-0.004787494864807781,0.006627612345292423,0.008438055613037725,-0.009436182861785748,0.008356659925703497,-0.0011147115805154814,0.016837739676165572,0.01110442508986527,0.007112423688012644,-0.00035148244362771683,0.0030532808320088943,0.012199891665489494,0.00655790988631477,0.003912965413433753,0.001965960909024208,0.01625503150953615,0.016926795777735964,-0.005844096982667716,-0.0015419483525743684,0.07544775484793216
cat46,-0.013148276265069913,-0.01744765981329472,-0.0066136504423787,-0.03567549476964255,0.09495223620365051,-0.03276939467510513,0.018984653852427126,0.010021320201975614,-0.02369118535146612,-0.01083300946599249,-0.015426921085340169,-0.008779020872040053,0.004553645281991971,0.03724274748782991,-0.0009218081408864615,-0.0073954329979949215,-0.00012243414091320915,0.0014835501822363822,0.000424407114897732,0.004833966299060961,0.00010921057890056214,0.004110866587591355,-0.023023480191056628,-0.007630980676351735,-0.014933035132952629,-0.01330273638302373,-0.021422413251926117,-0.00864334602909976,-0.0047176547262372925,-0.005520608363374673,-0.00843594448556545,-0.002599667860347217,0.016973302619028685,0.00456677168696247,-0.0023083274742561307,0.060072532799554275,0.040263985614369356,0.15263955175100274,0.185158669913511,0.035292234552586565,0.048681780003397845,0.023932024678456412,0.023306408553436252,0.09195914692095879,0.023739984581893227,1.0,0.15927989508449714,0.0324136123356205,-0.01373364226064101,-0.03287363870734909,-0.001764853849486486,-0.006730055055416122,-0.015619521041088338,-0.005233133309842938,-0.0019042025196572652,-0.002133573112486763,0.018473139224309137,0.010661973308310927,0.010911019727438808,0.003057895160411154,0.0032953180969377428,0.009003248356589806,0.002392775716355914,0.018610906444488706,0.003859406712651037,-0.0030409786498011193,0.017685504436601548,0.03494954768446611,0.03771261873122741,-0.0007581450658463578,0.004827406607383558,0.010327308982929165,-0.009601042171271905,0.012426806625043507,0.0051961725422676715,0.3006010644984965,-3.3408357807869016e-05,0.018472402207139818,0.015927065927459804,-0.023750599052540747,-0.0699613927332941,-0.004721513671642816,0.006602887819192508,0.0008843504346828119,0.009871868486552023,-0.00021561755624494643,0.005608966365999021,0.004083346047358285,0.022580558057195842,-0.004089165287062839,0.00437208412605142,0.016320624309984866,0.0006821876771654591,-0.00880407338690287,-0.0009539495676039075,-0.0020867544643146593,0.0036494237589854207,-0.0005291273070891135,-0.0041068596597139476,-0.010837287554930304,-0.013082752921951582,0.01348670977707685,0.21194361009007573,0.0043817123737196866,-0.004214655747366705,-0.0008691564217778451,-0.0014121222365747787,-0.0005977480601980042,-0.004607590332073323,0.002921446459502805,-0.0274676962296353,0.0008503674869219612,0.008970216399290219,-0.027586054388798652,0.001529023974863971,0.0033376271403091845,0.003865464305159596,-0.007816722536741351,-0.008466153170253928,0.011052669690982004,-0.000932224605865529,0.0024401134698822744,-0.0001073560140135887,0.005270847709767169,0.006111003208586367,0.0006508147943334904,-0.0011807078504398156,-0.000947682805938405,0.0014046405579490292,-0.0023277732264709596,0.046328570482017946
cat47,-0.0024401153841078576,-0.033036109508950945,-0.00821021721968911,-0.029402800883904453,0.08460973283950844,-0.0071845756827195115,0.010747123627316595,0.012205863272116788,-0.03363446238203751,-0.017036589256749526,-0.016915091813862766,-0.016805499474211758,-0.009298307908145606,0.0075985689965690694,-0.0008214018294672674,-0.008663078582076341,0.0022327145088983434,0.0016012725376441676,-0.0015471402926247946,0.0006378398586724086,0.002726398221095588,0.004847437124071451,-0.021414808064224418,-0.007542981140505563,-0.013320816112838784,-0.006521387266172863,-0.015175915248974504,-0.007401795742898688,8.388798293428386e-05,-0.002077894632421468,-0.007813143585471841,-0.0027357900438733465,0.0054419303236013525,0.018546436833186023,-0.0020568970117146256,0.015058861973623754,0.0920310363355773,0.07305054232159655,0.06647758038383801,0.02071560086278037,0.024843309396123826,0.0071004046400419685,0.055064219545714284,0.09297655028490248,0.05464349629944783,0.15927989508449714,1.0,0.011540889830106385,-0.006966056688289527,-0.010566708888647787,0.013286578421588896,0.012878673577474577,-0.003251919497251992,0.0028606268843976994,-0.0016967906486686241,-0.0019011774578314325,0.008848197105545009,0.007617903836471445,0.017236254400985907,0.0006095629312738337,0.0032627271614578124,0.010338041043852692,0.00726422266220665,0.015594864311248718,0.010869866488320225,-0.0025564160608017514,0.020786688701835837,0.017380814650666095,0.03211244097398419,-0.0006755654636429538,0.0031590173150305816,0.008019555628920825,-0.001090664884078309,0.006658071993855813,0.00031569439212156817,0.26785862845757497,0.003755589201728726,0.01544759102718308,0.011972826185293219,-0.014202356847900475,-0.042389701277763404,-0.0018377547118740296,-0.005946730092185363,-0.0013028093965389927,0.006310503441207911,0.007585002660067284,-0.00019077381213160086,-0.002668940658558871,0.016066258860969417,-0.004988131198583744,0.003129198614471675,0.010350517492279578,0.0005443283193220653,-0.005407952647254201,0.005819648703793733,-0.004435950402456325,0.0009590113929844471,0.011412982948542977,0.0097751325852864,-0.011561204835026354,-0.026103324406598783,0.013267158253466424,0.16845242891885254,0.00823009089040689,-0.003408756059266018,-0.008074679917028203,0.006769068143039887,0.0071407866146481576,0.0027009850952352675,0.0004959287493448007,-0.02198008245599394,-0.004833996946128864,0.006587500871483947,-0.003905081612511579,0.007802673738938681,0.008225722775783885,0.008686293312715202,-0.0010977154852647739,-0.006982881975540901,0.008582231292334349,0.0026526111612136948,0.011732681830130823,0.004055947938902332,0.006813296259900355,0.009186098019319971,0.012604151350302137,0.0059634389358574616,0.006145493654876775,0.011956193074967656,-0.0014965917355199447,0.035575661225856904
cat48,0.006246518021340351,-0.01661458698517542,-0.006021095278402714,-0.018593561672926157,0.05235257338844575,-0.012229415065543201,0.0004259190991655265,0.0067167045517973764,-0.016482246549951604,-0.010711442229692114,-0.010810305914869077,-0.012045718166724704,-0.0008346783481699953,0.006107381874998751,-0.0005082453060117609,-0.006365307695397275,-0.0014720044404213251,0.0011491268754963446,0.002043709613893466,0.0030286929419708437,-0.0017731541116437534,0.00873413035734531,-0.01295035273438373,-0.005501189297141317,-0.007685666843368232,-0.007132342149324371,-0.008049792260842072,-0.005464682856635332,-0.003353264656265733,-0.004215855660329769,-0.0047655220349328824,0.0022342067197020326,-0.0027030681599031813,-0.002109480827677235,0.06565564871183306,0.021069319155499252,0.027147451309235904,0.06343313176189175,0.029042781913185805,0.02086864885372855,0.023408309826474794,0.11102688425061141,0.021868876057954397,0.048309874869906594,0.020475122729909905,0.0324136123356205,0.011540889830106385,1.0,-0.007262137388237749,-0.014083547484012608,-0.0013543732299140542,-0.0010576654636948518,-0.007679705413429147,0.0022804331053134534,0.004019049098221016,0.007873430223622248,-0.0003543964948841811,-0.0013482468764886891,0.005540204600277724,0.0010497606286819358,-7.127873305850203e-05,0.008511890196787483,-0.0007748174052105327,-0.0005975824577776741,0.006155005712148535,0.004164732297809257,0.0023504791908886603,0.00920536847550986,-0.0015283336804058712,-0.000418008535509186,0.01986367885527163,-0.008142015152876476,-0.008270798415895902,0.005941374100829317,0.004172283730965922,0.009585585966009325,0.002323784187726985,0.012737707387176285,0.0012446708267677099,0.00437780999076377,-0.014508845465999686,0.004969084422674938,0.0011982584151717952,-0.006254879416569429,0.002177096067477716,0.0462133148779366,-0.00430026579277402,0.11154501778468925,0.0016357859835529898,-0.003282179691201261,0.014514402185663461,0.02740630224124959,-0.0008978073707385275,-0.031785974321122436,-0.028899019386691857,-0.03767578665727458,-0.009536269331038166,0.019712146050804284,0.028336678561181713,-0.014212663287716028,-0.014028024869356566,0.007626925159973079,0.10513546032133024,0.06129647178685704,-0.0010837947180391565,-0.03466851827884396,0.00055448035794851,0.016145434981577767,0.007667865325680931,0.0076672257331890994,-0.013224964352492182,0.0023075904728206325,0.03462073648854939,-0.011332721511228024,0.04297947698789985,0.046405619309307256,0.07166549032893221,-0.004775865424842472,-0.03888870528754463,0.02883762076627451,-0.004441135651211363,0.05391479113328643,0.010188813097727342,0.045347187644429125,0.08175820078646556,0.05008796309035056,0.03795308166111013,0.04089181264824638,0.054727529468098765,0.0020820878229264876,0.016150691582548175
cat49,0.013716103962703657,-0.15648839238407564,-0.014931673360147427,0.08298883110088155,-0.11307599415579814,0.3454443508038543,-0.014446484439849366,-0.01867197006116989,-0.1468901312410557,-0.0756452522508878,-0.057632013349847654,-0.07727850843321223,-0.061936632961861124,-0.017392868935367775,-0.003043922615259716,-0.037874458754217535,-0.008865578415862125,-0.00688493332556193,0.039367098035687643,-0.0029641581025950667,0.010981222920634701,0.0014702605053493272,-0.07367790407669353,-0.030533462470464748,-0.04425764639071029,0.008485212306206651,0.2441373169806534,-0.03368124033722833,0.0451686872107034,0.04749005373971538,-0.014037371159720455,0.04128394884217145,-0.007523780107650517,0.012188335166369774,-0.0002900827339991442,-0.09173588872681612,-0.029467475964161688,-0.06948535590427275,-0.03295074959714759,-0.042410426853706995,-0.039809319306176705,-0.011410366908499493,-0.01790419507613686,-0.0577095497599327,-0.012202234607992309,-0.01373364226064101,-0.006966056688289527,-0.007262137388237749,1.0,0.2939287511603871,0.06294421726490754,0.21469309560645916,0.25106243605539114,0.14077551718169592,0.0141480544856667,0.016749343574646563,-0.020101812565163336,0.003693431316905946,0.010108975384537576,0.00670931080014457,-0.00727311944368897,-0.0019074566049422433,0.007394984314759099,-0.0020187377511491664,0.006923141315646861,-0.02502418522560387,0.0017214863607309264,-0.002631072704406814,-0.0018225323329238011,0.006417370291785055,-0.004360002382738736,0.01692107755777486,0.02246648882298879,-0.013079933689688678,0.0019871716484017787,3.562093537077847e-05,0.011898120535601941,0.00657857313940103,-0.025728199306119665,0.009128634018393445,0.02968518912526014,0.00020352574465712036,-0.0050791749949676,0.0044840791309356445,0.002059637419452593,0.013467477259083382,-0.0367107255711647,0.003939215502409554,-0.011854796555250879,-0.014967513591083323,0.001693429778786709,-0.02401744669269624,0.0013883781198680456,-0.002637233588351372,-0.0021381561335016125,0.0012085900836319283,0.0008471407757152495,0.012112166146049114,0.016143053313902256,0.013603186096865512,-0.11918366097458963,-0.016377546521704825,-0.09622861933744672,0.0019137833039471208,-0.005656254797982502,0.0017943071100409386,0.014302530706721453,0.010381607205842896,0.008942992370561842,-0.001660050487318422,0.03795000220849194,0.0002967549800711335,-0.0027082589244810666,0.5311312969724865,0.016853720548088286,0.001123608414957724,0.00020188827401839798,-0.002693120314694717,-0.007443757814354446,-0.002084218254357494,0.0016109989458865958,0.004902142392933537,0.0013159695432335891,0.005348442079653987,0.001197304905671439,-0.0023208249509706737,-0.00044741818087120223,-0.0006538832757574611,0.012672822262581472,0.0016415334854239989,0.02578346845920286
cat50,0.07085230347439846,-0.40808527123408217,-0.04097306430699689,-0.12886854620494057,-0.1639807179483577,0.9257306033210934,-0.04678317712564519,-0.05689790616554979,-0.37983647882133986,-0.21137496172685874,-0.18045682549846015,-0.2158471530027858,-0.1767003804468688,-0.046563734397435365,-0.008157181648881946,-0.09838363255223227,-0.03162241704399587,-0.02234271990743627,0.1157903750812827,-0.007252767039285536,0.002506518247868092,-0.0020428337754754087,-0.22434082381952375,-0.0933364506021085,-0.14959273314512384,-0.05919690515351902,0.15043418133642397,-0.10149529144992438,0.023470262548376333,0.02470440225534467,-0.0743214177313456,0.007327011768564573,-0.031429944534081954,-0.006728135964818678,-0.01116656510633489,-0.22931928090758694,0.10348502822201613,-0.1535856847246282,-0.0735216712631319,-0.10669115372526984,-0.10145994865919652,-0.006641963172750219,0.004207077729947429,-0.09337282939127771,0.004146788942957279,-0.03287363870734909,-0.010566708888647787,-0.014083547484012608,0.2939287511603871,1.0,0.04815241455426587,0.28169978643933397,0.3627897356031659,0.19768469346829962,0.019834421838125837,0.020416815455671866,-0.054275791030964624,-0.0007914545222281698,0.014174510743323982,0.0009626839362091764,-0.020418456867596007,-0.0024140291750026866,0.005102584873578229,-0.001254523540882815,-0.005942047940540272,-0.05631470049379668,-0.017080169476954885,-0.012313948052953305,-0.013846785936064684,0.006290668283598783,-0.010483992298215708,-0.00013146689378829132,0.04882566733049151,-0.030308992034343507,-0.01898682599826987,-0.0501290319549208,0.03315484133252732,0.006808151126315395,-0.11705901455134984,0.15790510490792628,0.1287833173258875,0.005377601509607171,-0.007085285964120363,0.014124362891407203,0.00018029131197576614,0.033501306998577875,-0.12868656703129036,-0.002819703265996797,-0.043198679225770746,-0.04256520325559457,-0.013595662245656535,-0.10934320371317258,0.00954416927026831,0.03869200968125879,-0.008684336685201063,0.006934472362177274,-0.0002947446633795375,0.038568701156081214,0.027400768493432714,0.04320885293997142,-0.32874139194076996,-0.05207190397400549,-0.15825850956628867,0.013319289561824222,0.018036281346082254,-0.02040073586411063,0.03016875636199522,0.030281815320838647,0.02509584673837298,-0.013079976447940447,-0.1357647436271012,0.019014782550343785,-0.020882092962892642,0.7938557577129794,0.029303105708464616,0.01722789084413055,0.008723448071098514,0.04262357030134733,0.025717891103799358,-0.018005885451490466,0.01090200267649163,0.030796075750580104,0.03563874419363,0.014136932641631102,0.011849703570363045,0.024994940730169814,0.03473801983252134,0.03356253622127945,0.03357327458229548,0.02174233211793618,-0.11030016238477171
cat51,-0.011469622974255928,-0.05487484116758584,-0.007871933777291276,-0.02119711163540237,-0.027260282246765265,0.12451085944736907,0.0032799483706443286,0.014453672926039838,-0.05319765417058326,-0.027397259227190253,-0.024009539726974272,-0.028077939447116715,-0.024281284152548314,0.005943989024988564,-0.0010971417539042793,-0.013969115558998256,-0.003678548907041873,-0.0004857463164452404,0.010761670675170946,-0.0006983002593528963,0.003170434732555646,0.003099494760689153,-0.029256791328424632,-0.01378867756651662,-0.02042302911015349,-0.00613408605478218,0.010845935083509173,-0.01378965359664738,0.0029782025255129965,0.00021145521333781317,-0.006843683840324416,0.0024417666615333404,0.0033728093431467055,0.02488491732964041,-0.0007994912810723586,-0.03171416220676602,0.0025029497506369527,-0.02038877329033945,-0.008866679274964444,-0.014210849757801227,-0.015523491533122631,0.001231266253638406,-0.0030407734292276353,-0.012187824656601096,0.002336790706993475,-0.001764853849486486,0.013286578421588896,-0.0013543732299140542,0.06294421726490754,0.04815241455426587,1.0,0.0674680967964652,0.1820494511959528,0.079613188040182,0.026058870164373443,0.020638632205668955,-0.004695142203307693,0.0007675975099368768,0.021364268727562905,0.012185587651303917,-0.0029462125079233108,0.007209742436289694,0.00791939322961007,0.00285491384569376,0.006023121326908258,-0.009612947827425578,0.08052527771878595,0.004912862821460521,0.0015695396330690434,0.010947206464389804,0.0026559846382449574,-0.0065706696354357235,-0.01709412231760788,-0.007545433072947685,0.006089388220067699,0.35687952866361455,0.005016319146014946,0.011244983903320861,0.0007693786670395818,-0.024570425008805765,-0.005945590045597927,-0.00799591514004912,0.00013912856095932253,0.0023403821902078007,0.0044510282301627666,0.043964834256663844,-0.011220575489359846,-0.003794773634039106,0.005535268428976449,-0.006670184870377014,0.006325846399243292,0.034340701820649064,0.002768446740531052,-0.0070555010965733895,-0.008475388907260009,-0.010821921134826157,0.024740628863578435,0.05401949753606567,0.029073547516128114,-0.010054324797836078,-0.043436670807212564,0.012290079323807573,-0.023909041825628363,0.015139377800857706,-0.0184972347977358,-0.0050839760374510315,0.04949863967682565,0.044633161453142035,0.004367148589421707,0.0023122733806343154,-0.01886727792198201,-0.0037464859898499706,0.004294805296198785,0.20289630581865645,0.04805669012276012,0.009243563270079226,0.0005432530801727063,-0.0018682246312999352,-0.016017009810119418,0.002289984254165591,-0.0032807403762308298,0.02763608115257475,0.008256397590613843,0.013857392828778755,0.007565014018801296,0.016130570348997966,0.006251465761629685,0.006496872016251024,0.04481794115073971,-0.0014664126473161849,0.034456836790921694
cat52,0.008340509254300969,-0.1486923872101565,-0.009740623704361365,-0.09701591810095664,0.06338361193580029,0.3379098472895172,-0.011604858487134844,-0.016890024673506733,-0.1401499553546834,-0.0734003025608792,-0.06160752082719396,-0.07594512763727423,-0.05335076006580777,-0.014391426780342149,-0.0029775314712485353,-0.036016189354171925,-0.007038596357947252,-0.007030191725000318,0.05140922939849134,-0.00041799323712490643,0.0046609852885946814,-0.001684556537226189,-0.0860298841962338,-0.036761722034484,-0.06500238565903321,-0.04210855873191751,-0.014516219921597505,-0.039048364098327945,-0.006017047529195671,-0.011912570064248158,-0.03163389669293781,-0.0033570703468354416,-0.013360691055454255,-0.003766827118213099,-0.0029681249876169556,-0.07375347032767114,0.20799455278235685,-0.045494694601784694,-0.013467127596628123,-0.035939269266377666,-0.03240616701308434,0.04277368969755917,0.02790932629040781,-0.010593884290958614,0.033645002865222214,-0.006730055055416122,0.012878673577474577,-0.0010576654636948518,0.21469309560645916,0.28169978643933397,0.0674680967964652,1.0,0.2573918536429831,0.1483804837615216,0.01469687533628036,0.010100145197587635,-0.01589165095204324,0.0026942329507856815,0.008800974143771394,0.004204069625115098,-0.0043890754786672335,-0.0017989538526697278,0.005283070923596856,0.0028657416443215677,0.006264148605496045,-0.021038278026659443,-0.0005753135630061954,-0.0024230066668598574,-0.0033448276850491236,-0.00017374231913284635,-0.001097470676246753,0.012033258126933523,0.009828440898529486,-0.009840467450476278,0.004985776668509939,0.004353964188610043,0.012927151878748114,0.006334993480694419,-0.019514523052602154,0.004880199372350333,0.026729910074401047,0.006337150387225732,-0.0016121441636792833,-0.0015508973949878426,0.003070604835929068,0.021240708373376598,-0.03300723306232893,0.018746551985839688,-0.008765618669887024,-0.009589786195043226,0.010452319449726313,-0.013084860064715449,0.007567992362244624,-0.00022856586843308778,-0.009488299340721214,-0.004315437348707794,-0.0030209577679525296,0.014539456577184954,0.021368494119782762,0.015193121927306444,-0.11475549672403516,-0.015493708195397526,0.018488855730189276,0.015056095682610598,0.0007692679479888014,-0.010356671438655922,0.012152068008432947,0.014094695698896783,0.013895276267707209,-0.007561023174707248,-0.08643200421715001,-0.0007820570227498012,0.000574052127623185,0.5243049908280175,0.022082316366718542,0.012693395643797505,0.01465211432679393,0.0016921789820377694,-0.00901319048237974,0.0019030513861239419,0.0031738791152667524,0.018663554333727912,0.009498960598783546,0.01276755923723677,0.01602258938138126,0.01044551883861711,0.012935353464331232,0.012942015263586943,0.02184657885607376,0.00022254819190815875,0.031904281275208245
cat53,-0.02216951878295473,-0.1974067312923214,0.004205411526788548,-0.07247638332728028,-0.08525958281136617,0.45461212612495505,-0.009738586885347966,-0.001182335600339342,-0.18419396457916465,-0.09312026289127096,-0.0853090029636918,-0.09647533053627753,-0.08312518318881738,-0.016652054047192354,-0.004005867019283815,-0.04603255400409544,-0.009298646847867362,-0.008206765270628004,0.10073781274866841,0.0031552400236681843,0.008000073884571994,0.0006299166423389129,-0.11340572456444765,-0.048549188625562456,-0.08074381077496483,-0.043383113059124664,0.057279539194376644,-0.052607441306644805,0.004735439615241982,0.0029382584404991268,-0.04121508087036538,0.022122539214696455,-0.015030964250044805,-0.0023237874513808102,-0.005991800783640952,-0.1153678703850813,0.04050338623966014,-0.08400070295104077,-0.040586582557771374,-0.05504662100457046,-0.05156605662582242,0.014718591781107022,-0.005698418026271866,-0.05652448242694717,0.0020538104727388868,-0.015619521041088338,-0.003251919497251992,-0.007679705413429147,0.25106243605539114,0.3627897356031659,0.1820494511959528,0.2573918536429831,1.0,0.1898842417615476,0.03927560666653927,0.035047900216570345,-0.022325033292881217,0.011165633580021693,0.024568699585050743,0.009816699797721333,-0.008764045324246626,0.004175637931912796,0.015678674015747372,0.001429588951111654,0.02375075242505537,-0.018324324229213464,0.022286839735287875,0.003823573756688486,-0.0038726452524681914,0.01776776124585128,0.006647516506453294,0.04136035640330034,0.00501198682723197,-0.01991340834993869,0.003287980077256208,0.03561674011304991,0.016726367079802983,0.006456386093132584,-0.03544777455825543,0.02451009690545589,0.019887531808978665,0.003711136056512596,-0.00637307205451557,0.018963146480854697,0.0036511393779880288,0.055016331629083925,-0.04928588273119516,0.04123337983918436,-0.006362752328098892,0.002089574704015565,0.0005655062458803752,-0.036297440785933464,0.003675713007770999,-0.008740156497070007,-0.008504259962562821,-0.023961020385547985,0.02112374653388964,0.05663391714979662,0.04089916860226645,0.06391722437704862,-0.15291675053946258,0.0005347138144323946,-0.08721692641416919,0.03139266135336447,-0.014103484147847819,-0.014495326092712655,0.03695945645899897,0.03897036599496028,0.012729455730292456,-0.0028731398301269713,-0.0795519822699802,0.007370145114431416,0.006016565086628279,0.6554783064728585,0.056135888280589755,0.0204875820463175,0.03435379547733224,0.009938915607610175,-0.01970091199526835,0.005233884001782035,0.0002828504980995098,0.042573316453426435,0.008585769258925652,0.03150162285195592,0.045102541928445886,0.03642658919913314,0.01979507221576219,0.020664786724491225,0.059326851028148254,0.005538714624411334,0.04880663773115642
cat54,0.010921705450316723,-0.10678485800958294,-0.0037641907433869485,-0.033740342842110665,-0.04560712694218112,0.2401271361280296,-0.005985035262925236,0.0015902285335714645,-0.09965644130372836,-0.04771449512946301,-0.043515676470175575,-0.05278779927399063,-0.042793190080818194,-0.00951427636330568,0.000456417817084701,-0.026108479826332194,-0.00776581988616915,-0.004728294742971079,0.045103454176846046,0.0011184958155138415,0.007394106440264683,0.0021952054612738433,-0.056562604292049894,-0.023069724596794648,-0.04019748542901336,-0.014604404295205856,0.03880934677274688,-0.02556629541421369,0.013621358914329277,0.01470280890750799,-0.019605073879164398,0.0037625360823248986,-0.0049347262893515015,0.005514136010915086,-0.001185665408667507,-0.05891823218531848,0.02324229465692534,-0.04160642380062914,-0.019956217504522204,-0.025295568921506355,-0.02329873803825922,-0.00036862109442974334,0.008463467911459304,-0.024506198635478087,0.006762239756915902,-0.005233133309842938,0.0028606268843976994,0.0022804331053134534,0.14077551718169592,0.19768469346829962,0.079613188040182,0.1483804837615216,0.1898842417615476,1.0,0.052943983386409516,0.045153647032311305,-0.011857308013055665,0.004094431024811527,0.00930892460880443,0.0044152577342265065,-0.0008206348224395356,-0.0001983117691317143,0.013651640280373922,0.004075927629830197,0.016584384955715556,-0.006330218931509777,0.012713518016603214,-0.0005482230090609512,0.0047739505005148656,0.004514639926949303,0.0036018312956020426,0.00883782084820557,0.006885538639011786,-0.0006027070785581044,-0.007533300178543709,0.014577047041547041,0.009674291509859236,0.00590675465704458,-0.01682297538135583,0.01668000484326129,0.009938925325012232,0.01774000350765857,-0.003232687514640094,-0.06544772948076112,0.0059811422457847615,0.022072280723172327,-0.022751178116177308,0.011106805021920475,-0.0028957291070087726,-0.0037141148783670854,0.09405443746152355,0.041840379921278856,0.011879115472114045,0.011290757393256195,-0.008862486647345671,-0.010693007887433159,0.004321479663939357,0.019945875507204988,0.016510181320064304,0.018250957447122056,-0.0812260584384433,0.005912963100414475,-0.03910565217239945,0.016939457352037973,0.005156595681180205,-0.014856000523781892,0.012596388335154324,0.016565855281555998,0.011336293944955445,-0.0019864765810269185,-0.03210976382843274,-0.0014579170168001572,-0.000541420780395182,0.3793867838959708,0.017600539976740867,0.013899968454962245,0.014354998613282573,0.015188349762328456,0.0005379057274969891,-0.0004769235519672182,0.0041510920124559585,0.02170870889955321,0.016900080558640666,0.012906685770032096,0.01698866887123595,0.01933859263592127,0.018466265954373486,0.01854445328127317,0.022132164130156555,0.008285455088568995,0.008565451275174843
cat55,-0.008423361800084864,-0.01615957448827272,0.004246933686505775,0.004052958006566931,0.006160106565613449,0.042333344885986786,0.003081768481021956,0.011811465094913107,-0.014814458620357464,-0.006791095915287283,-0.0052670442287881345,-0.005309760668291223,-0.006910181911097214,0.0004322485196712533,-0.0003730251358234123,-0.0020861667575857896,-1.8194797890398174e-05,0.008590442603540199,0.007083237264500906,-0.0009141340190551142,0.0027910638870158712,-0.00041951089703508976,-0.006087008817896209,-0.0030591252389623137,-0.00524729542104145,-0.0013137408577669303,0.006544496163614997,-0.0036330233665881934,0.005680709297048001,0.005990676235768057,-0.0012805863981663467,0.08638311610426408,0.0007084541196898318,0.001894865887788163,0.004761492934839754,-0.007463688195348665,0.008017620488816523,-0.006754721662168671,-0.000950226746886242,-0.004046227359009469,-0.004508736135252029,0.08046303075496189,0.0035748153716745916,-0.004176128748153899,0.007242557101846883,-0.0019042025196572652,-0.0016967906486686241,0.004019049098221016,0.0141480544856667,0.019834421838125837,0.026058870164373443,0.01469687533628036,0.03927560666653927,0.052943983386409516,1.0,0.38112417416433564,-0.0020215043736239,0.009764954373591143,0.008491776781559006,-0.0013525139298899863,0.004473419576467145,-0.0004291583651152275,-0.0005686749378661521,0.011681013034668548,0.018027570851207455,0.003333497647304079,0.0014781274158468412,-0.0007625483796643166,-0.0011217159744977543,0.01701711175412189,0.018692968665250623,-0.00035459937318223727,-0.007071436253544751,0.004458511367012772,0.005877819191270764,0.007897270905440576,0.0017055345165001457,0.0024160915588380657,-0.00023165302460722152,-0.0010561531572906926,0.0024208848634884868,-0.0019219548096150326,-0.0030097857850033918,0.0066578154407027235,-0.0012902479243691385,0.03391812547068303,-8.454202595136217e-05,0.08201293903477817,0.004695947509122625,0.003949446103162319,-0.004407256908401614,0.007319630264719789,0.0011822752005451144,-0.02404637970800861,-0.02121034961734562,-0.03435058330425183,0.00028130693151874825,0.014177522925392249,0.02079762123533419,0.00010994398205207764,-0.010865634639306263,0.010890220734650164,0.00343346293826362,0.04376143348075061,-0.0037151310993768965,-0.024129727799183202,-0.0017909806878750425,0.011865540592277958,0.006329891018042446,0.0035340999788637095,0.004404956825902747,0.0016420133615664971,0.023766459310044372,0.0746976865715768,0.030352615150053042,0.03120861862050387,0.05023880199124613,-0.004526393777961662,-0.03154355052579283,0.0188698978001703,-0.00593383559072256,0.0372405862954513,0.004752688132845999,0.03090533781618263,0.05775357338161888,0.03290623932777708,0.02521621408596845,0.026553468138494345,0.037820876735253854,0.008459441552356917,0.014556652440933017
cat56,-0.0036385566593208104,-0.016850264623357064,0.0037696281360190234,0.0026003749721113132,0.0027309383490599077,0.047432605239186396,-0.0015769582834769607,0.005328835728577391,-0.015588213967158133,-0.006312542130127952,-0.005230170521381156,-0.007886554565367541,-0.0066314996217081874,-0.0018773073653419368,-0.00041795785472325734,-0.0021175367556638884,0.0035685984215343995,0.0024759141741219634,0.009205534611369429,-0.0010242459739085359,0.002195059988527386,-0.000470043055331303,-0.007310470712112261,-0.004858511604666783,-0.003304008826127856,0.0022954997346391263,0.00808910204430327,-0.005400796946447751,0.0054000699380955365,0.008235836938897852,-0.0032528693819870065,0.0680510245255832,0.00018051156599242942,0.0013388230292437331,0.0091219568426208,-0.007248754800278434,0.007452588008832016,-0.00531022379160915,0.00025725063432826894,-0.0032861005548843014,-0.005280144567630142,0.062176962152583636,0.003391422379991956,-0.0019085836079140793,0.006636128706996224,-0.002133573112486763,-0.0019011774578314325,0.007873430223622248,0.016749343574646563,0.020416815455671866,0.020638632205668955,0.010100145197587635,0.035047900216570345,0.045153647032311305,0.38112417416433564,1.0,-0.003972043067729918,-0.0011087369926865167,0.0030426912356820903,-0.0015154309088911463,0.003601016466035927,-0.0004808526085625761,-0.0006371746411692879,-0.0004914246705649175,0.01225799101226705,-4.680243774571606e-05,-0.0018888883070926604,-0.0008544010960110363,-0.0012568322005298254,0.015120784063279836,0.018312274902280015,-0.004472609681375984,-0.00440249847338857,0.0018652919636504128,0.005832191048523712,0.004296848249787585,0.0019109745677032192,-0.0007696429898138704,-0.002380552500643352,0.0014811892273241724,0.0035460468323136214,0.0001829012611288117,-0.00027732960150462555,0.007765732362696939,0.0009457819815277063,0.03800373110693333,-0.000790740763210319,0.09210066344826667,-0.0017160724775856845,0.004047810932960062,-0.006389262265038859,0.007333193439534842,0.0005112216535537603,-0.028013721011212567,-0.023765240925191413,-0.03406106382887213,-0.0024568970522233927,0.015739765778050967,0.023302797372297828,2.494137472913635e-06,-0.011685720712889638,0.005162723193885296,0.002933029381824887,0.04844803003305662,-0.003864855613439783,-0.025343297740467213,-0.0012369899869414504,0.012705319048419187,0.005962241709508615,0.006647710911832887,0.003995585518395477,0.00022371856585463165,0.025233456566407943,0.07807288904469135,0.034330090439046564,0.035157144422539116,0.05802662555690209,-0.009903030562345446,-0.036658661471637204,0.018738361582479882,-0.007194999325284109,0.041141784643345135,0.004900260887974073,0.03385118373146851,0.06565691448274333,0.038901197228084355,0.02595498265011262,0.027605821631399588,0.04317296507281481,0.010527511456060143,0.012402589216835732
cat57,-0.061082325516575435,0.07705827263370957,0.07542652037566906,0.026528485862814553,0.02756622796259167,-0.05673890966123872,0.8094177258061159,0.01902401261523195,0.08009982273269035,0.1147999660516986,0.08601598140299725,0.11495276840023055,0.0875324039857594,0.0864024384630349,-0.0017161172562384476,0.08397774729372343,0.04679185419235138,0.01823742929177092,-0.003039484672875607,0.011210329043545257,-0.002373654651026909,0.014851581007963056,0.04914761675396447,0.01622206294711578,0.015183237619557716,-0.00012757857202657638,-0.01739861300196235,0.025822367913380093,0.017973658755968305,0.008350555371975507,-0.0070433998207245965,-0.007630630421604413,0.015834137935335467,0.003517718413957156,0.0019888686901415485,0.04538860252807751,-0.01710277092355967,0.018828912066151213,-0.006363944282234254,0.03446495686681949,0.018010976375261455,-0.008143679130429283,0.016146366534083474,0.0013229646077304105,0.024414806549313973,0.018473139224309137,0.008848197105545009,-0.0003543964948841811,-0.020101812565163336,-0.054275791030964624,-0.004695142203307693,-0.01589165095204324,-0.022325033292881217,-0.011857308013055665,-0.0020215043736239,-0.003972043067729918,1.0,0.05360946906078939,0.07225122204507395,0.0033409614172580206,0.02695130851644193,0.008961961680744607,0.015956945389328268,0.051488039878764505,0.015400838575343733,0.012579950803035466,0.012498268023029896,0.005728984364862542,0.0032194371371711975,-0.0014114280103664772,0.003980312155319735,0.08794940497043184,-0.0509687921312195,0.007040435521508931,-0.03337171685675735,0.04451691026411545,0.007461681545744575,0.013621324997858241,0.18812920746178755,-0.18576049736270053,-0.07600244921729758,-0.03167978337089538,-0.007100440293813119,0.04308701511332378,0.02865873361504464,-0.007651318285254205,0.13831289288565446,-0.006143587924171121,0.7734648161051769,0.0795014437252009,-0.037787906288822545,-0.02643175308551178,-0.0013554503110967122,0.04698132615612379,-0.005837154145589946,-0.0007825084871279217,0.004727822195828148,-0.010136363144868385,-0.018515529849341832,0.011835936524216625,0.13879709887439937,0.019672061778734793,0.029902579923227812,-0.01736579657578485,0.016289111891165307,0.008733187038643933,0.001545580036853758,-0.0061783536083284355,0.006216195126535402,-0.004573895514371418,0.026340693948464076,-0.002779698249632582,-0.02634511701143139,-0.0458817667106782,-0.008857219937368009,-0.018431888511899305,-0.016851256108422787,0.06593014704264628,0.0410429118464536,-0.007694577643235746,2.2405928540059068e-05,-0.01266142299129185,0.0010646058250688916,0.002136078851960826,-0.01223190387348651,-0.006865607269134318,0.0024513767546997163,0.00100969063803215,-0.010212354465396594,-0.008761128774435958,0.3167356666807567
cat58,-0.015657245702146487,0.013678102821463605,0.01958811847390718,0.006068194877251247,0.00503940803016994,-0.0006064497569350639,0.2259369699257458,0.018398875394764955,0.009613430452982127,0.014789015919321231,0.011802147337421616,0.019079342736864135,0.014351517681945074,0.03836195062059103,0.0106223409024561,0.013737515782079558,0.016765190566334225,0.005675136229020607,0.02096353838648248,0.012428581677458191,0.0047056602389294,0.02907639084905501,0.009595706655263785,0.005748748606760775,0.008908761175230283,0.0004963445698324298,-0.0016768133412527577,0.006636402554792252,0.0002918800935081259,0.0005307036825978221,0.0055949708519131254,-0.0010018719378753565,0.014233291715283727,0.006059377788717343,-0.0011995502038171983,0.010476488042108208,-0.004438420527107287,0.0073760480119651394,0.0044389408673738825,0.009936254330513712,0.008540741807375985,-0.00023874576353415474,-0.0003436065240811409,-0.002056648628431445,0.004488080727545005,0.010661973308310927,0.007617903836471445,-0.0013482468764886891,0.003693431316905946,-0.0007914545222281698,0.0007675975099368768,0.0026942329507856815,0.011165633580021693,0.004094431024811527,0.009764954373591143,-0.0011087369926865167,0.05360946906078939,1.0,0.10329384460493427,0.05963287603559254,0.05571184529942746,0.07664802217713367,0.09395833118895605,0.08441830931748837,0.01113022400834514,0.014808000502343552,0.015090360749841861,0.009888175762105237,0.005953735070224369,-0.0003939792245257971,-0.0008615616346513314,0.022273368992428193,-0.0117052435108608,0.0026063781367066962,0.0014865924903209175,0.023281604078108382,0.002190200951595325,0.0027442154646405616,0.02039040406315417,-0.029681931245150422,-0.0163428360028414,-0.008107229456522416,0.0012017465575291303,0.012944699934016405,0.005648284836922602,0.0008801302480829373,0.020608357981331992,0.0016352555554371266,0.3284691392776347,0.027467932495529368,-0.0069518110869912705,-0.005274628425380821,-0.0013402030369649976,-0.0003437887789009502,-0.0021134836675693503,-0.005664677785567466,0.00046306792145883524,-7.14618018935835e-05,-0.0011026490314034643,0.005333331790580866,0.02200526499590135,0.021759561531744097,0.00900670220514328,0.003228132926059536,-0.001876770894471875,-0.00023021554511623763,0.0025270465861712233,0.0015271572658337202,-0.00021316154731881043,-0.002812922294937948,0.008447282163062574,0.007084007569977509,-0.0030353149597527346,0.0049637716023885154,0.002269165588940622,0.003068344321480285,-0.0007029716765513767,0.00029092359895607555,-0.0025301795309780367,-0.002399117898872641,-0.0033362198265021637,0.0016331803640840792,0.004759814075897915,0.002269497880403585,0.0007612080667656746,-0.0009331040599185954,0.0010159726503676028,0.0014849908455518675,0.0016001097770797432,0.0012276642665084506,0.03716394668281381
cat59,-0.01895413009846957,0.0013467016643802245,0.015530244181471422,0.005871565995247388,0.00227742666745244,0.013006529523811374,0.25317418239444023,0.020064437660937504,0.0019599098789516703,0.005316357428578869,-0.00046163379887075793,0.004685203231186095,0.0004321441984781361,0.012636718814566138,-0.0005367767092182955,0.005615743125318316,0.011081628800912083,0.006320708687418621,0.024741942332177316,0.014875284967091897,0.01235902329413081,0.02583394099829395,-0.0018637801558149829,0.0014013545043308978,0.007080240587761331,0.004030768808439288,0.006917570981591229,0.002225483002963567,0.0077128157342332615,0.010104292507558314,0.0036074104653341875,0.0034494987727373572,0.013998236595618552,0.009745667659822953,0.0026171758405133887,-0.0024764335947295153,0.002055035680233165,0.0034221230733934255,0.0001286771968575814,0.0032223566584770823,0.0011321249839293978,0.003242278973152385,0.004771329776259909,0.0015192452996652432,0.015202337519152993,0.010911019727438808,0.017236254400985907,0.005540204600277724,0.010108975384537576,0.014174510743323982,0.021364268727562905,0.008800974143771394,0.024568699585050743,0.00930892460880443,0.008491776781559006,0.0030426912356820903,0.07225122204507395,0.10329384460493427,1.0,0.02544634181709261,0.01691261200221932,0.1889019450796529,0.04469738201032328,0.06680316808488529,0.013929503535676926,0.00952918565080067,0.02838187959901701,0.008604123675037028,0.0082871635158866,-0.00044147431065618195,-0.00265898768767041,0.01749391762135979,-0.013917366042857345,0.002162607939373053,-0.006639277678050961,0.022296921586512957,-0.002394195024441527,0.0044069543846770465,0.015230523335424772,-0.030743645218286368,-0.013585582929393266,-0.0036324872288192797,0.00024166944088206877,0.014421720088916021,0.004664743648406686,-0.0016684004079023146,0.008391211776681283,-0.0030381762342583567,0.3437316846707254,0.023164837851047115,-0.007543897048837322,-0.00675272248930508,0.001359520491617836,0.009116213614267668,-0.008092723786041181,0.0005293378960750657,-0.0013589058508380982,-0.0029987681883221055,-0.007646789526420185,0.010686924094154705,0.004846570097503172,0.021570449089762102,0.00647706808579248,-0.003090224359470498,0.003411427810572456,0.0008748897382440004,-0.0002323874120302114,0.00043652778825553705,0.0017395376779714472,-0.0022668093976745984,0.008418114364817356,0.0028469237548138845,-0.005593201028290658,0.022028100375995494,-0.0025812034516881446,-0.0020877698796324526,-0.007388080060269831,0.007045861067309224,0.005408981102664601,-0.004787565781615859,-0.0008375324796790764,-0.003712542522167966,0.0040387055219472156,-0.001047708834479651,-0.006326934333414535,-0.0060937599836108575,-0.00018309688272355636,-0.00022135656118525194,-0.0041457721993241785,-0.001290278767875252,0.042594971764517445
cat60,-0.01409952349284237,0.006338471551680696,0.03001601267928211,0.005882878110333042,-0.0039007278470636368,0.004262777191059845,0.30881252266784254,0.03154422293254598,0.005110475480201524,0.010864792417019523,0.008598662702316037,0.009304068624938239,0.010009866318524317,0.005604818011081396,-0.000654740416717491,0.019584311932044428,0.031425882117806385,0.0221838353433938,0.012007675283569002,0.05817333809581226,0.014063101943356707,0.04264611634222905,0.0061619784387954785,0.00422873472807092,0.003515660190174739,0.002529972110934669,-0.0005408935723228193,0.003671644183733494,0.00641604353066417,0.0020649278768343866,0.0074764886211071925,-0.003919795895536277,0.014954331992386306,0.0031768498222006923,0.004860744812439297,0.0038398015416651783,-0.007564764931711558,-0.0036226767523132204,0.00022997330332290533,0.007806404306075513,0.009201464005805992,-0.0023299997657655024,0.0015034126003870387,-0.00711409459268742,0.0027358329957645586,0.003057895160411154,0.0006095629312738337,0.0010497606286819358,0.00670931080014457,0.0009626839362091764,0.012185587651303917,0.004204069625115098,0.009816699797721333,0.0044152577342265065,-0.0013525139298899863,-0.0015154309088911463,0.0033409614172580206,0.05963287603559254,0.02544634181709261,1.0,0.03056395511518207,0.03458645322741483,0.04168092792070227,0.026894028594585204,0.017692671887764102,0.02616211907383349,0.009679406855803777,0.010601121895147274,0.0169864411330033,-0.0005384940686976448,0.004995501109422227,0.012710472581355449,-0.008133549621622316,0.001141000036429763,0.0041028377556667165,0.008799616432821119,0.002993584809221086,0.004106438288064799,0.007455723993701902,-0.022147645724311684,-0.009096696812257239,-0.0024011160712725838,0.0014168856445926589,0.01348242822474781,0.0038502972457034657,0.0005159866110512829,0.015180035239539688,-0.0014400528204490553,0.3226924240249971,0.04609895146738759,-0.007646648934762202,0.0011545883089260625,-0.00013064369962128278,0.0024956303314257206,0.00119450627680928,-0.0033965955964128775,-0.0024558776636042895,0.001609277639822097,0.0012856780599522707,0.0033044574081321195,0.01221454149588778,0.0364210267057435,1.5553870691600357e-05,0.0074316727073668876,0.0021033119988577184,-0.007931772798712319,0.002527544612336977,0.0024302623447931076,0.0022557903724637874,-0.002561390067125459,0.007303882293144267,0.002826555270458113,0.003980473386324562,0.0068407565099192725,0.00153870643661681,0.0075360543926819455,0.00287272463313798,-0.002742479039946147,-0.000622269334352472,-0.00044994064632083736,-0.005821850127388613,0.007829917513115322,0.011637525697838508,0.0012885550238864827,0.004638963923865233,0.005531266222373623,0.00699670025946734,0.006792112649540606,0.0034326466667047805,0.003376913670689312,0.014961885935364164
cat61,-0.023528155523416503,0.013726693847856181,0.02280376761405627,0.0186798477655209,0.01437246856906183,-0.02250389612896439,0.3932016348982759,0.06460393047905748,0.012053587474431903,0.006570389481793559,0.014408855805880345,0.009293911942065162,0.009134429862945955,0.019867026081869826,0.011957067232261,0.008570838546878581,0.02273344038172294,0.030006996803735256,0.008871857240198846,0.021465716840099573,0.00627565667935854,0.016123357612030684,0.019642933272995433,0.042723165380431055,0.008591324437067867,-0.0014301360542920756,-0.006109545887762368,0.053449728418128874,0.017104545710880353,0.011586432390375968,0.0007944494094160708,0.002533798156797843,0.0016083016161707318,0.0011759966859904096,0.005581474567050171,0.017225411060675037,-0.008093835741648785,0.0034735843815015565,0.003293937056385764,0.04529229531839435,0.03222002100731812,0.001366032201637301,0.008061400024712534,-0.006177261443141364,0.011705074891992184,0.0032953180969377428,0.0032627271614578124,-7.127873305850203e-05,-0.00727311944368897,-0.020418456867596007,-0.0029462125079233108,-0.0043890754786672335,-0.008764045324246626,-0.0008206348224395356,0.004473419576467145,0.003601016466035927,0.02695130851644193,0.05571184529942746,0.01691261200221932,0.03056395511518207,1.0,0.01571844523584417,0.03229767666622367,0.037097338076990505,0.04206254664652729,0.060173045320969176,0.0004926434525977891,0.010816983513109737,0.012402120571855916,-0.0006856481931682552,0.007753631750596044,0.004914420578754122,-0.019093432820195575,0.015637879470855858,0.008844712996776173,0.0071679726749980235,0.0038116408979251824,0.00055394258905787,0.0349762052978713,-0.06956514343373194,-0.01660411902766912,-0.00524126032620375,0.00021442215112108594,0.02242731920730519,0.007336939259684589,0.005951318385522742,0.03119550182993225,0.007474394522471262,0.40867595398154954,0.02914212112985682,-0.01360366076144895,0.020510558751784053,-0.005606064012289682,-0.008719446292266512,-0.0024756537050967774,-0.010436066208700589,0.0037875483230083423,0.0037077726650253887,0.005779377485986048,-0.01571648245751854,0.016038286185075728,0.06590033709059659,0.01985038255566585,0.00930120405552947,0.0014012665594714956,-0.0006060740981960291,0.00605703801246519,0.007065258464689473,-0.0011672578034003563,0.0034286407170629357,0.02754592325003631,-0.002988594983108752,0.005896937563845465,-0.01690846085911084,0.007691603701677098,0.006401451735078606,0.0010405868572060685,-0.007532385403717342,-0.010032108128123206,-3.310601182061176e-05,-0.007159406659575016,0.004056446410984007,3.301699858242306e-05,0.003384705526858787,0.004876414704811802,0.002230853295806494,0.003362124110618019,0.0034817318667410544,0.0065209064215458025,0.0011177820249918462,0.030317657904185325
cat62,-0.006500997226364972,-0.0010387328922389397,0.009859207671156238,0.003452666709144777,-0.0003127436851817716,-0.001896238278670175,0.09798751378924685,0.015149752895036988,-0.0013809847690415846,0.003166410051721177,0.0024342205677837943,0.0040184404034996,0.004906831571872412,0.01715029565965759,-0.00020775189120322097,0.008395599251997453,0.01111197397159744,0.00839389245826317,0.012570768974734475,0.020378838238032364,0.013963697070514515,0.04524327327857848,0.000577819314551211,0.0028278980003401447,0.008822495158059806,0.007733933954261011,0.002454663239944389,0.0004187143608095772,0.015074874882090151,0.015518324701607404,0.005639991833066573,-0.0012437677431171171,0.02305336466395735,0.017674528841032378,-0.000520237755583174,-0.0005925834630565712,-0.00042064985922300664,0.0005259165830296834,-0.0003807507293055813,0.001752239113671871,0.0041255231262375385,-0.0014733790946326025,0.009284827014762354,0.002831407331704477,0.00680104241054919,0.009003248356589806,0.010338041043852692,0.008511890196787483,-0.0019074566049422433,-0.0024140291750026866,0.007209742436289694,-0.0017989538526697278,0.004175637931912796,-0.0001983117691317143,-0.0004291583651152275,-0.0004808526085625761,0.008961961680744607,0.07664802217713367,0.1889019450796529,0.03458645322741483,0.01571844523584417,1.0,0.06679265872972286,0.08675405767143927,0.010910232419600256,0.01170564556678786,0.016094968240887315,0.024607291186890725,0.01640708092778471,-0.0001708664354867897,-0.0035972757591002063,0.005882122285580504,-0.006367340717404325,0.00033974538683479523,0.0016722770122161385,0.017501343944800747,0.0009498770653423253,0.005186002880564467,0.01371598645292243,-0.013858333945685064,-0.007181510414974564,-0.0019383529783926102,0.0036516206671001867,0.0047542379273060355,0.004089053204126423,0.0011464021753718112,0.009538571610996709,-0.0018523625724887504,0.18094795457243346,0.0216225088798305,-0.003490254169875612,0.00286014816220004,0.0032771470603781025,0.0008419264936174722,-0.0020904940848264016,-0.0009118701781623071,-0.001482407343969703,-0.0003332826509942459,0.0026493315447881256,-0.002631948502078775,0.004933122873310024,0.022537998926449285,0.004815154721097548,-0.001426346532063998,-0.0017545559199195256,0.0011109344131188426,0.0027872597762130906,0.00017839343949122707,0.0016228323838275618,-0.004135990650230615,0.010444329662061215,0.0031145649416820576,-0.0026050211153204926,0.0007278125507089409,0.0024771314997445466,-0.0005839157242697312,-0.0017403898366471094,0.0013244007649048516,0.0003647702407257355,-0.0019620272790787036,0.00155340597781586,-0.00011892770705839643,0.00029534613087504945,0.0010300373335710667,-0.0019446701744722924,-0.001885231339782745,-0.0006930214007705909,-0.0010997370121609434,0.0011849879664359419,0.00033212660950791064,0.01462716581581804
cat63,-0.008174284032698284,0.002496097351147188,0.012153059719902277,0.0010367121681219762,-0.002781660696881377,0.004662963326794256,0.12984261253021542,0.011441715619876265,0.00341783769464227,0.0008804790877336452,0.002983123213716924,0.0029287043396080225,-0.000993562374627198,0.004851618190381516,-0.0002752906698902276,0.006096436659363488,0.00764967073540848,0.012878472513271826,0.013939011269873498,0.015091602940398319,0.015669890123407738,0.03401638138445112,3.409612535820889e-05,0.009114248014148722,0.002887885713773238,0.0025240826040765206,0.0021694563565355677,0.0065537031070637495,0.00640142363773724,0.010489716754089596,0.0011886151146598104,-0.001648108487520985,0.002182819372441539,0.008185123268103538,-0.000689363641443758,-0.002365536433148278,-0.0003800372962591724,0.0008882407675074749,0.003142487219145715,0.0007122521949343739,0.002721204512878686,0.0007933537652192071,0.0039207766960624,0.00419088872783537,0.003781336868074949,0.002392775716355914,0.00726422266220665,-0.0007748174052105327,0.007394984314759099,0.005102584873578229,0.00791939322961007,0.005283070923596856,0.015678674015747372,0.013651640280373922,-0.0005686749378661521,-0.0006371746411692879,0.015956945389328268,0.09395833118895605,0.04469738201032328,0.04168092792070227,0.03229767666622367,0.06679265872972286,1.0,0.0653426630624655,0.009643319842094829,0.006937952188794135,0.011613035322721418,0.01833138584323236,0.01845559308709766,-0.0002264139941855074,-0.00241710081995563,0.00892719293263917,-0.0042346817941936584,0.000908934884639631,0.00655988407163859,0.0032534284102286194,0.0012586758759084904,0.003696222744918506,0.0003147041299967163,-0.004586033523548184,-0.004035741217380546,-0.002113831856835263,0.005002248117381208,0.007780311569197155,0.008119823578556428,0.0006559796917196441,0.003877564256179935,-0.0001284573574027374,0.18938289612078923,0.02029330009356984,-0.005154027798533951,-0.0045477009455741945,-0.0010516363886328417,-0.0012706174789517645,-0.000976260244035825,0.0014375117263947836,0.003276403299123437,0.0017474792471669812,-0.0014326424855816658,0.005762272555405275,0.0029877443484350504,0.018599405900574652,0.002964250961351042,-0.00010548845998758553,0.0008041790026591852,0.00125891836775965,0.0009897523601175094,-0.0012522449656998326,-0.00045565324214898975,-0.003939422429819678,0.005652582656764976,0.003003544025351604,-0.001930723220044087,0.012731752253729783,0.0006691697656354889,0.0010472607015466278,-0.0011349533677001964,-0.005621417135559093,0.0004966044829958124,-0.0024247746930937163,0.0033152110251649515,-0.00017847607411958116,-0.0002483481708970679,-0.0012431136569831373,-0.0009370462423622376,-0.0008050360935894578,0.0005627438502757891,0.0009409961932533975,0.00014613350713112928,-0.0010243106724952317,0.006277117170147195
cat64,-0.006747672072571618,0.0017877311725390508,0.01096201830538653,0.0014756299325826316,-8.355677922962478e-05,-0.0022963356391785556,0.10014187471562488,0.020379200280662695,0.0008461617622100125,0.005647019403541526,0.007589061665263106,0.006462521012753687,0.0034688260197985876,0.019782987679580765,0.024808701203234997,0.00993314391057331,0.01890923745636001,0.017476058572801854,0.01912921337362313,0.03013790099469591,0.02081824666104569,0.04426026027004138,0.0020837183468074647,0.010096180880675017,-0.0006569259702484895,0.004555688387239213,-0.0021882630392130262,0.01066856353608935,0.0025840154627505174,0.002745679394531822,0.00540388114477628,0.0029345461064051283,0.0035985551253334466,0.017256979471141624,-0.0005316757424216532,1.097429990438769e-05,-0.001694499551466448,0.0036382601986540758,0.003730210601098079,0.006513222792964059,0.0056633632036580195,-0.0015057729194014329,0.0067090918536492124,0.003787985561052483,0.0020643506805667587,0.018610906444488706,0.015594864311248718,-0.0005975824577776741,-0.0020187377511491664,-0.001254523540882815,0.00285491384569376,0.0028657416443215677,0.001429588951111654,0.004075927629830197,0.011681013034668548,-0.0004914246705649175,0.051488039878764505,0.08441830931748837,0.06680316808488529,0.026894028594585204,0.037097338076990505,0.08675405767143927,0.0653426630624655,1.0,0.019859225255638397,0.01130924761367588,0.04904323752571474,0.03630656298054927,0.016027115922488993,-0.00017462311792527236,0.003938572788079175,0.004542882934600209,-0.004801148184354283,0.005104780538261938,-0.0021746554776512924,0.01699841063283358,0.0009707611347030441,0.005057852701910746,0.00683130160235583,-0.01124020030185468,-0.006725291190964533,-0.0020020202867222343,0.001612223605983871,0.0017699352495828588,0.003969877032996972,-0.00014021501177010438,0.005250652783663855,0.00016625829731399904,0.19060098440347767,0.03267427206684105,0.0012892234873695815,0.007027789166074045,0.001242930584223879,0.003879844034744874,-0.0007472120680878652,-0.0062741541781441605,-0.0019939764353024904,-0.000670007957997175,-0.0010760133279012893,-0.00034541862736077174,0.0078001968071914,0.034243846323759916,0.0069877704744652665,0.00032906721332064343,-0.0004367002614581546,-0.0029886474576947724,0.001044953719156747,0.0022968984453700476,0.0005567034173543061,-0.0016711735240104919,0.005566559489829048,-0.001022202634460592,-0.000407923437755496,0.0009756667220134643,-0.0017577261474921132,-0.0007875520792236368,-0.0033263327051825725,0.0024604674370745237,0.001769543936973394,-0.002319698969702447,-0.0017833237891313168,0.0002299173188561556,0.0018596596425142717,0.0008658216634425447,-0.0031106947987986793,-0.0009257982538253827,0.002675738404751216,0.002628762211646877,-0.000939975408159279,-0.0036573015698856256,0.021570266549964173
cat65,-0.03821944831904194,-0.007093474913253433,0.04881737690100696,0.017710375789587986,0.019744831737537046,-0.007138839314687442,0.035482612778192216,0.4417573493992258,-0.007686090966344784,0.009222177406957367,2.879375341718272e-05,0.006087791754633324,0.0013081478129036788,0.012331803144529632,0.005774481694961834,0.020124132639140407,0.026564308967695297,0.0473537356208204,0.04063247842678126,0.015632752362171837,0.0208814234886998,0.011238519809116885,0.007790076212259216,0.03616633656346271,0.0030572213189916883,0.0015421485251679312,0.0009401632575337862,0.05309357091115463,0.04909947693014454,0.028378262782233987,-0.0017969478089649503,0.012473373049865842,0.012000180877855418,0.007877254221628587,0.0020905344657111617,0.005394919609178836,0.0011507282753723052,0.0038587530494745377,0.0008683366894826959,0.05649703910627347,0.04369787149696814,0.009104650285413848,0.032140464360555704,-0.002370457823199131,0.05011012423243434,0.003859406712651037,0.010869866488320225,0.006155005712148535,0.006923141315646861,-0.005942047940540272,0.006023121326908258,0.006264148605496045,0.02375075242505537,0.016584384955715556,0.018027570851207455,0.01225799101226705,0.015400838575343733,0.01113022400834514,0.013929503535676926,0.017692671887764102,0.04206254664652729,0.010910232419600256,0.009643319842094829,0.019859225255638397,1.0,0.14951029225521556,0.023111281286984635,0.0076259712295911625,0.00521057798954955,0.0031924118367368656,0.006586160569253164,0.015456664631576977,-0.029252285314789257,0.016086884688187853,0.0037329845841582335,0.010649604712197723,0.006774537119193206,0.005172441513974937,0.06740071275683122,-0.10174399263418203,-0.035484913048186295,0.004700403984358498,-0.0022180693799857152,0.006890700259789729,0.01465665440910008,-0.006106839600387981,0.04813408317278049,0.008016782171537808,0.04019101495299866,0.05735772983363058,0.010376746528178181,0.03890255026404896,0.0007599535292167474,-0.012412377611360888,0.00022502339806878882,-0.0046153054962997046,0.00450043713546355,-0.00973985244988415,-0.0049077739369818175,-0.013833005510735697,0.0032238410626227298,0.5343336695366316,0.03267209831177969,0.00015225179271240353,0.0010660687384930507,0.005694619290221814,-0.0016679344088396744,-0.005032707662149492,-0.009593751073315565,0.0013031109563557963,0.030128604724039443,-0.004189453321732503,0.0068497899151830615,0.010587218908907977,-0.0002866478517772497,-0.0013706349258481721,-0.004719709030462426,-0.006806120525724927,-0.0065557393290227774,0.0021130535524019316,-0.004375384853166734,-0.005923479429940353,-0.00664711025443561,0.0037254582849218184,-0.0008904683050173277,-0.009621283825421465,-0.004027991939736189,-0.003616348225391051,-0.004629347019790142,0.0030899577364049084,0.06308969562651955
cat66,-0.07691639920220952,0.0022436197433686766,0.12406596986354312,-0.006735840907994222,0.007792941742296722,-0.06381879800777633,0.04453037434036788,0.8622310124312796,0.005714620931166087,-0.014061963081142582,-0.022822737558928406,-0.034384326642349035,-0.025076914777217647,0.011623649115281512,0.0009511133339102311,0.04567716135335818,0.07739182036229163,0.10916311761240263,0.08259581763563764,0.0039004447190123526,0.05834511944213193,0.003582445551662735,-0.010084258488005662,0.07318084542866281,-0.028487781340666443,-0.029117088969344916,-0.035670209664994845,0.10208972192250114,0.0652840465116464,0.03138324243738838,-0.017468134810816282,-0.0021334990086041257,-0.003762287700900287,-0.0022524706474087493,0.005047413270208042,-0.0050672361412876675,-0.03884933845713901,-0.021674014134536953,-0.013751906741663092,0.12373903682425122,0.08487067797496581,-0.0024684480092952883,0.04327145285125246,-0.03415039702669928,0.08037553398678857,-0.0030409786498011193,-0.0025564160608017514,0.004164732297809257,-0.02502418522560387,-0.05631470049379668,-0.009612947827425578,-0.021038278026659443,-0.018324324229213464,-0.006330218931509777,0.003333497647304079,-4.680243774571606e-05,0.012579950803035466,0.014808000502343552,0.00952918565080067,0.02616211907383349,0.060173045320969176,0.01170564556678786,0.006937952188794135,0.01130924761367588,0.14951029225521556,1.0,0.0027171788706773395,0.0006718120806405509,-0.0010171962344173097,-4.230363412084248e-05,0.02056930375794463,-0.037044191310686564,-0.07940577634618876,0.044106239365325456,0.010297082688229315,-0.009611414070467793,0.011577527578929653,0.011831290355550313,0.13592496574207907,-0.1958167164463045,0.010576457038243675,0.014183975097447508,-0.0004985371850025511,0.04288786797450908,0.013841164147637792,-0.03865116075195412,0.1351876945077381,-0.020849024001857897,0.045850462299819754,0.12943031107049702,-0.005939999342286958,0.17588408987513138,-0.019762614294262997,0.008033845257384391,0.0028671798780849026,0.001886146344837141,0.0037735220778987422,-0.03709928743822254,-0.0357801607582537,-0.08528668343615484,-0.02199823389894165,0.7941542836690023,0.02353931394483942,-0.01936302707397912,0.022981337757687306,0.010607845829974934,-0.014082343881195383,-0.01947624257641994,-0.01212496977801848,-0.001804584914495355,0.01103624573921079,-0.007435977309783922,0.0056937687163592975,-0.047147321832774126,-0.031915291221758964,-0.01366425122730876,-0.03482231493883532,0.0015522542768266698,0.02655293779701516,-0.009962401870653686,-0.006542233485208581,-0.028727593331633768,0.005326868313398745,-0.011519622526864788,-0.02753035672191407,-0.033312449829555085,-0.005376817235396007,-0.0060486449147669165,-0.03834388686064743,-0.0017733719028275804,0.057707718327652674
cat67,-0.020079972922206774,0.010477654160472966,-0.001904699437582831,-0.0011672809825487773,-0.0019064153519345135,0.004578638875629702,0.019492380436186667,0.24331330637445828,-0.00650791619726035,0.004857969189090617,0.0002903396380834817,0.03338045586120788,-0.0018835563187280882,0.12416757591289654,0.012247905680575183,-0.003753561333994008,0.006538452680784483,0.0053152260442530744,-0.002379364034834589,0.0006679692913430646,0.0009049683159348509,0.004890677233701209,-0.00034301498754643974,-0.000146377577584652,0.008752113853072048,0.004767573632307541,-0.001064472119124415,0.0022076231737009934,0.0014571563233430837,0.0005966652509587504,0.017125463888998597,0.00499560572382643,0.02157853487647142,0.01713186796818328,0.0005673712460489691,-0.0017773892332765358,-0.0002718250021231524,0.010840793854813884,0.01699379117356571,-0.001345381579659015,-0.0010294851649022062,0.0035045974123365724,-0.0032436670516688003,0.009127216738109288,0.0012299552277458235,0.017685504436601548,0.020786688701835837,0.0023504791908886603,0.0017214863607309264,-0.017080169476954885,0.08052527771878595,-0.0005753135630061954,0.022286839735287875,0.012713518016603214,0.0014781274158468412,-0.0018888883070926604,0.012498268023029896,0.015090360749841861,0.02838187959901701,0.009679406855803777,0.0004926434525977891,0.016094968240887315,0.011613035322721418,0.04904323752571474,0.023111281286984635,0.0027171788706773395,1.0,0.09424687838383317,0.008422754124538304,0.007270418836217381,0.007339118655874195,-0.010571068752464087,-0.020542868789040363,0.0023648955851888706,-0.0034176716142770617,0.0964606491855199,0.0037313131923403823,0.035481513188712545,0.014100231566367503,-0.020873809237686506,-0.01192134215805674,0.0018599250274835932,-0.0011914056449193993,-0.003738362146769793,0.012528453892113607,0.008753897702680249,0.009315945223399345,0.010973615194396507,0.028502468857755422,0.00023973521541949218,0.020189670277844584,0.057710808342621135,-1.548556696281784e-05,-0.001445851251156128,-0.008440536247756886,-0.00937455145827707,0.000863248618646727,0.0039429677094207265,0.0029448514361431655,-0.02507438944947214,0.01779294407617021,0.2396685640709122,0.008663537602980628,0.013525925818479726,0.0018302214379227848,-0.010231369645813507,0.008729105678047732,0.008793691176084842,0.004260978394479258,0.002317587230884111,0.006519251832894115,-0.0015100366009607026,0.004780018335913907,0.006376156167125479,0.010536634303720257,0.010207673452016676,0.004422954006435849,0.007505198809409696,-0.0032259667214419277,0.004589953762794637,-0.0025982935208887065,0.011315664986771144,0.007222196556470693,0.009540180023212705,0.009216571750623714,0.005674623102825485,0.011855853537064262,0.012102378760703964,0.010605305609476567,-0.0029750538850435073,0.040450406876886905
cat68,-0.009521468883458927,-0.0005964066498953418,-0.0023671315314487806,-0.002153310375900853,0.005828994922492479,-0.007466163754551737,0.006975613885561245,0.11005793982619591,-0.003831900752080531,-0.00010445406550178974,-0.001365101210337327,0.005676553593453779,0.0033811157383993352,0.027051385781178924,-0.0003691431436194305,-0.0009368694104106856,0.00235860597664313,0.0006852244597856462,0.001263114208580833,0.004976226463485987,0.0028475786405935417,0.012388540091697023,0.004556680211336953,0.010958981584671106,0.00532574370369167,0.001272340947235323,-0.0025906689234179527,0.010403308602267413,0.00026561568181453807,0.0018714640194318212,0.018621428684681644,0.00021020048998266326,0.022522435172439348,0.01238492975344684,0.004831018361951369,0.010232639901736973,-0.001805940792879584,0.014567075487204378,0.042773776952667805,0.01309899032050782,0.021892595368763274,-0.0005696465037048844,0.0023912433114667343,0.002270588783431758,0.0022430392004696544,0.03494954768446611,0.017380814650666095,0.00920536847550986,-0.002631072704406814,-0.012313948052953305,0.004912862821460521,-0.0024230066668598574,0.003823573756688486,-0.0005482230090609512,-0.0007625483796643166,-0.0008544010960110363,0.005728984364862542,0.009888175762105237,0.008604123675037028,0.010601121895147274,0.010816983513109737,0.024607291186890725,0.01833138584323236,0.03630656298054927,0.0076259712295911625,0.0006718120806405509,0.09424687838383317,1.0,0.04684173683656674,-0.00030360336442349084,0.0032487805929926035,-0.0031144268795377113,-0.004864883329941212,-0.002414109004716943,-0.0008279673044711865,0.030193390844298933,0.0016877853863185243,0.013430336303375047,0.005715480126662072,-0.00340096175156608,-0.01042680337003773,0.012049289632520005,-0.0027210458578696747,-0.017058637249226155,0.006844512210564504,0.0013930951751269063,0.005664333809696099,0.002760957040541898,0.020537318819547234,0.001885689427985569,0.019027010176255486,0.024143162050487322,0.004853329399228378,1.4089626264690058e-05,-0.00013432823108631322,-0.0041268044356349886,0.0010797616824179735,0.00012228407588390093,0.0023459576388704206,-0.008175200157319047,0.0031391405646148496,0.13320254879917123,0.023167550890112874,0.002193902395068218,0.00044285713883614094,-0.00027690750790800245,0.0018055071681842459,0.002715246564801502,-5.0090160439727174e-05,-0.0008938800542778668,0.008123618684931234,-0.004794715343485983,0.0005003957302328291,-0.0055096810250797965,0.0034267279227201235,0.0008472069124753605,0.0003086778850713433,0.0008226680348449566,-0.0001924231705580771,0.0011858137557957552,-0.0005919601658814653,0.0013332118139302996,-0.0008457395676350351,0.0010493805690611115,0.001549358940682447,0.0003134443626086521,0.0022791357465075687,0.002158547715919689,0.0020071517824356722,0.001639385424458425,0.01390716578097743
cat69,0.003277371761665474,-0.01700562204830692,-0.0022157149631482436,0.021847840654138317,0.0065768724283139,-0.014154411236001418,0.011579852722621842,0.16189628424324087,-0.017357983455578388,-0.004734664158828542,-0.0033310252829444804,-0.006042305152916282,-0.0037767502979846094,0.008777133704093382,-0.0005430131020100205,-0.0025685368380308645,0.0029563168957905954,0.00253563007089721,0.0027706177325296046,0.014674651051689564,0.0009193073413933771,0.016812619168014405,0.009837599785303467,0.007050913820310748,0.04841871240005916,0.04994708409247198,0.022730245448570042,0.006762201647714939,0.016001149608498383,0.021462022329045993,0.03909922552182001,-0.0016042096156134288,0.03228337261522468,0.056928691301959815,0.014304165456778928,-6.14092080901911e-05,0.013034696004202711,0.026676254504085617,0.023069968731819393,0.0016988548497051785,0.0064492676410999065,-0.0038510559301265443,0.01704500193625501,0.02844250498357214,0.009616034712450653,0.03771261873122741,0.03211244097398419,-0.0015283336804058712,-0.0018225323329238011,-0.013846785936064684,0.0015695396330690434,-0.0033448276850491236,-0.0038726452524681914,0.0047739505005148656,-0.0011217159744977543,-0.0012568322005298254,0.0032194371371711975,0.005953735070224369,0.0082871635158866,0.0169864411330033,0.012402120571855916,0.01640708092778471,0.01845559308709766,0.016027115922488993,0.00521057798954955,-0.0010171962344173097,0.008422754124538304,0.04684173683656674,1.0,-0.0004466034587012181,0.0031202219610878415,0.009230951950174466,0.003573281936045158,0.00582017998612224,0.0022420357305562295,0.035102960766737655,0.002482748478450083,0.008600606744509659,0.0065590560119879,-0.008519543021391985,-0.04529088504056433,0.014995118817053522,0.0037140718600768537,-0.03645490013499893,0.0018056311231636343,0.003011524411900908,0.00017630140902644245,0.0005722600943301236,0.01833193290983931,0.0033924824841898207,0.049935578046340946,0.030199793564578994,0.006817314464000297,-0.001803523056192606,0.0033573909197889863,-0.005247633365370928,0.0010211315951609839,0.003127057873021213,0.006510702459733479,-0.006005263198103893,-0.009735033122126953,0.15219215590159677,0.029348101987897023,0.0008173732260482225,-0.005583052276172403,-0.0009749617442306792,0.00470345069944781,0.0022548117120836948,0.0015870462960861072,0.0013489649249587956,0.04660526102080133,-0.0038449223264513887,0.0018168860905436266,-0.008402875764908203,0.005543968283536379,-0.0022222161513334596,0.001333662628271061,-0.00010650361511607396,-0.0016481006851720376,-0.0007313562409142396,-0.00247953350982996,0.0033294472066036263,0.0014532263634553526,-0.00030767319230415205,0.003059831861804421,0.0025759598402167474,-0.001509563436482984,-0.0014013110982335165,0.0052061608346873406,0.0010776222640916642,0.016841692173596542
cat70,-0.0007918299395004848,-0.008694274273539094,-0.0005510050343650282,0.00070294814076005,-0.004947608998981555,0.009519374017677247,-0.0017437572286433767,0.044279616126057145,-0.008029748879227354,-0.004629002789951413,-0.0038237814678548985,-0.004666499853808682,-0.003752685939103056,-0.0012227050523223885,-0.00014851737839948506,-0.0020855284399702006,-0.0009246621771494986,-0.0008022288472635586,0.0038396989108817276,-0.0003639561385485705,-0.0005181438904494312,-0.000167025362781888,-0.0035961222637454853,-0.002063075635142014,-0.0036313312308070235,-0.0027790833392886266,0.005526970658217283,-0.0022320700093388392,-0.0015700014322810399,-0.001533710953191561,-0.0018876957461850285,0.005122475845065331,-0.0007898795955326332,-0.0006164239169644914,-0.00037190683153909146,-0.005000988901143446,0.00035660854036151135,-0.0037017424198840876,-0.0018111576894029185,-0.0023580076172872865,-0.0021941812953501995,0.014210501396046286,-0.0016708739980770535,-0.0033217609486588485,0.0015122487839852672,-0.0007581450658463578,-0.0006755654636429538,-0.000418008535509186,0.006417370291785055,0.006290668283598783,0.010947206464389804,-0.00017374231913284635,0.01776776124585128,0.004514639926949303,0.01701711175412189,0.015120784063279836,-0.0014114280103664772,-0.0003939792245257971,-0.00044147431065618195,-0.0005384940686976448,-0.0006856481931682552,-0.0001708664354867897,-0.0002264139941855074,-0.00017462311792527236,0.0031924118367368656,-4.230363412084248e-05,0.007270418836217381,-0.00030360336442349084,-0.0004466034587012181,1.0,0.003959313909721197,-0.0035288279459081535,-0.0026950304339769817,0.0019430066400819648,-0.00019237627438231105,0.00231120200355168,0.0006790467741560698,-0.0002734853714531447,-0.00639638134423685,0.005525694475598938,0.004961016585683978,0.0009763683266569406,-0.0015556444105730763,0.004384623419698209,-0.0005137032891618687,0.013504267115970268,-0.0035411417425857267,0.033316294445973865,-0.0016661666453884716,-0.0006903525952179857,-0.0021091776742775416,0.0033585912324548472,0.0018610463823651251,-0.010887792564734338,-0.008444754032864554,-0.00939451952493838,-0.0021768099495108723,0.005592977195095156,0.008280429081538906,-0.005986229096110812,-0.007118649248267594,0.04382345621799868,-0.0033102878804187404,0.017856177820587057,0.000876665285587366,-0.009020527720636436,-0.0007902019229023905,0.004514715193113633,0.0034093129121663917,0.0004150531545097894,-0.0023581410782621158,-0.0006392721091383927,0.007343554937476026,0.011428962104078172,0.01161201687187038,0.01476445841380867,0.0214811539292221,-0.0018041510224161954,-0.012125511861985497,0.007338589493631,-0.002626227793468195,0.01495151425131149,0.0022809713132679772,0.0128757715147167,0.024397145972992088,0.015316812165632153,0.010173758551668083,0.011113215065712634,0.015552182100797932,0.001080807085998934,-0.0003196562971764061
cat71,-0.00038984448490198573,-0.011157226045243097,0.012016671349068834,0.004408734628294451,0.007152141752098258,-0.0025316585693315307,0.007044708698206941,0.02209348893677625,-0.013855112713819794,0.005301842019976728,-0.004514017944434383,-0.0019065245402746897,-0.008441193434980374,0.005954887249843765,0.005826083316770562,0.009300697397908439,0.00977833818968543,0.008765107952261614,0.0017618153305639,-0.003274461297360575,0.0009196969097948076,-0.0035164091003504878,-0.0047198753364834055,0.008045614069810131,-0.0038455254804530695,-0.00042518752075700056,0.005481727622355366,0.0066903000963625505,0.01031159877922219,0.006053891557251267,0.009544214934716912,0.027930745659694188,0.005023718864278027,0.004329232519696842,0.01650489116313613,-0.00786392537186865,0.013241304405835009,-0.006277434178099997,0.005736193053958783,0.008829946892477394,0.004312443588040775,0.039977611961370396,0.012350169580840863,-0.0005513643196695376,0.006063750313516323,0.004827406607383558,0.0031590173150305816,0.01986367885527163,-0.004360002382738736,-0.010483992298215708,0.0026559846382449574,-0.001097470676246753,0.006647516506453294,0.0036018312956020426,0.018692968665250623,0.018312274902280015,0.003980312155319735,-0.0008615616346513314,-0.00265898768767041,0.004995501109422227,0.007753631750596044,-0.0035972757591002063,-0.00241710081995563,0.003938572788079175,0.006586160569253164,0.02056930375794463,0.007339118655874195,0.0032487805929926035,0.0031202219610878415,0.003959313909721197,1.0,-0.028275370754250233,-0.005855439018618747,0.003035716857420675,-0.008808122671092022,0.006212062372117636,0.003346005777840181,0.006135195988591436,0.00802606255686825,-0.0048744076783229645,0.01459896768028443,0.013265321328505459,-0.012323529499460835,-0.005196290252429161,0.003324195597049725,-0.013245232133328549,0.012673521242270919,0.0918636207532003,0.006074010916691675,0.012330783825826664,0.011424049597373922,0.03241376238768948,-0.001756846299903323,0.02929041436394009,-0.049312684728365204,-0.4021395211672448,0.0965637713703005,-0.05556283840565251,-0.02793561220455196,-0.006056187392152548,-0.006866141413041713,0.02220447120533745,0.009337237328318279,0.029923920045727834,0.05277456335889988,-0.13398967530319902,-0.030941477383760463,-0.041110451792374395,0.04072720724108344,-0.0324477830934956,0.007505834567051755,-0.003234878201327674,0.10497789130961761,-0.00504274074664893,-0.008872724431490415,-0.05569164680232183,0.025396172354311325,0.03481711884326743,0.21954320866201638,-0.0011458830638989364,0.028745364554355477,0.08405059269644236,0.14694178622563256,0.04351528447324346,0.056319932488609385,0.03223048050536602,0.0964315194661368,0.10209883118549727,0.003279790869413603,0.022196384535324902,0.06372128042581691
cat72,-0.20295881278158467,0.1372661267344689,0.07864588970384671,0.06745206388683528,-0.018591381665093415,-0.021781464875112264,0.08436146375917565,-0.02417600962644342,0.13747552001662283,0.14335331348305155,0.1268891610218252,0.1505126928959996,0.10984144125206895,0.029826128957028627,0.0019322029191361674,0.0699723135983633,0.019766887106266687,0.0016955249428414478,0.04428398754466863,0.01776255993025316,-0.002468337755274574,0.002194380886357431,0.10295513563587,0.04094268324371202,0.052425486355891,0.028083587963586,0.012852847677382626,0.04909199777655193,0.04154429748290167,0.02804801292535234,0.015951363439348814,-0.004415114694979672,0.026161580782869523,0.01579681454215378,0.002232796648014691,0.05526610883896554,-0.040588003716411816,-0.0022717112094559366,-0.024000744990981315,0.020812445098313447,0.013908276497463234,-0.02082788498606426,0.0019274896983102418,-0.034645186615038535,0.018238898755012032,0.010327308982929165,0.008019555628920825,-0.008142015152876476,0.01692107755777486,-0.00013146689378829132,-0.0065706696354357235,0.012033258126933523,0.04136035640330034,0.00883782084820557,-0.00035459937318223727,-0.004472609681375984,0.08794940497043184,0.022273368992428193,0.01749391762135979,0.012710472581355449,0.004914420578754122,0.005882122285580504,0.00892719293263917,0.004542882934600209,0.015456664631576977,-0.037044191310686564,-0.010571068752464087,-0.0031144268795377113,0.009230951950174466,-0.0035288279459081535,-0.028275370754250233,1.0,-0.10543652060752971,-0.026712749865270034,0.006571274099320997,0.02285329809379635,0.0034429017034271047,0.01801328207113372,0.2031114535700186,-0.20365990447675578,-0.12571451679054005,-0.12111769078139785,-0.00028470353657165216,0.046192248155809766,0.03552133709887024,-0.014356692690914148,0.13600440308681094,-0.02197701615088472,0.0799777449484957,0.07457578279314495,-0.07500009864345271,-0.25519992206575676,0.04995221393618835,-0.028979095381894655,0.015749876751994803,0.012315808181299917,0.015103821302878597,-0.012515826013797339,-0.0015780009396417069,0.13545502770318474,0.1885738178358898,-0.025308886332386753,0.002057837746064903,-0.046805425588179045,-0.04118833071194025,0.05809960629131995,0.006652922776251301,-0.012084048047567143,-0.021064222056375703,0.014297544175252754,0.08778187068061387,-0.012584681033076828,-0.0015668725646426258,0.02312962359684474,-0.0035323471423356315,-0.04869257083238981,-0.0387604804934005,-0.016397284793914915,-0.02211724616607516,0.012572393509012706,0.00940119100236516,-0.05151838047309243,-0.06951221551545494,-0.01830457852463951,-0.04474678287407595,-0.0453259362863101,-0.06545958515233483,-0.06540443625265815,-0.02262560219093778,-0.14082157309185156,0.22822718052548982
cat73,0.3016335241615003,-0.13204885043617723,-0.07621621248629103,0.04598692677240195,0.00730234661209094,0.05658845593475974,-0.055459712915262804,-0.0825869557012949,-0.13157933711684486,-0.11021224469223227,-0.0719045196361469,-0.10759961096361356,-0.07400551287920469,-0.031012327154410477,-0.003232216077570582,-0.06500200292686346,-0.028832356489669177,-0.024347173315983864,-0.023332680884432265,-0.008339815321017045,-0.011701068333243688,0.0029378344052992554,-0.02294214046564017,-0.028663558621689567,0.039894937158913554,0.06619721395135007,0.08961833349274544,-0.04560656204736299,-0.007808885587219339,0.012482601133086989,0.04777420237380349,0.012054603810244499,-0.0008010346590240768,0.005291304460018523,0.0010110017948725218,-0.03713725244267979,0.052911092289785966,0.021306340543325683,0.019863016826579264,-0.06316646060689941,-0.04379029452326784,0.010850101500244574,-0.013266547672365665,0.04721725869700025,-0.03171614996856024,-0.009601042171271905,-0.001090664884078309,-0.008270798415895902,0.02246648882298879,0.04882566733049151,-0.01709412231760788,0.009828440898529486,0.00501198682723197,0.006885538639011786,-0.007071436253544751,-0.00440249847338857,-0.0509687921312195,-0.0117052435108608,-0.013917366042857345,-0.008133549621622316,-0.019093432820195575,-0.006367340717404325,-0.0042346817941936584,-0.004801148184354283,-0.029252285314789257,-0.07940577634618876,-0.020542868789040363,-0.004864883329941212,0.003573281936045158,-0.0026950304339769817,-0.005855439018618747,-0.10543652060752971,1.0,0.012104655267358067,0.00013679488919588785,-0.035380357837261775,0.020066025513918496,-0.002236551327608284,-0.13235005571923567,0.1492391773388512,0.05277490264524566,0.0510708423721547,0.013806822783361351,-0.03207207765724787,-0.010445275326073046,-0.01624092801836601,-0.10652179897020689,-0.0018824657383149975,-0.05336299323658271,-0.0734696540112833,-0.0034399012385461455,-0.15885938432847171,0.0159527870619693,0.009971505101957158,0.004746442012207814,0.009134332175231007,-0.01504817738239966,-0.013738987613378722,-0.013469356769061696,0.10721989041879935,-0.1409427415251897,-0.07502068129379608,-0.0018680360037107322,0.0005260457938254652,0.017469913689157027,-0.014341419633606288,-0.026255145334906946,-0.018110505926216103,0.006013146062542953,-0.008250247769830365,0.040247937220335095,0.007694458238598698,-0.0103495289996532,0.03250193840425725,-0.02457408767639587,0.0059744932377750375,0.007659710617654942,-0.008423768471490492,0.013719115259554226,-0.011969932806512483,-0.003832236874360534,0.00019352546180125224,0.018809213991218297,-0.009721138401870812,0.004225693995603523,0.003659210984764337,0.010993464993104066,0.010667737441718941,-0.017247543567679022,-0.010532663772619405,-0.15445688773095353
cat74,-0.005450042079841779,0.006321260451477554,0.007243533846913693,0.007536023219335541,0.03383770874167527,-0.03145925316444002,0.011793851992392159,0.042870598199221184,0.005125209389521232,0.0014869940907544675,0.001835064733578294,0.001323766644389917,0.008395804771424903,0.007494467372495598,0.006715054829073554,0.007333808816211822,0.005497815375878112,0.004823932623363159,-0.0006650904486206133,0.00010062100108019011,0.0041702416819779375,0.0055320680958915215,0.007129253797000677,0.03479934419291456,0.001550236278320145,0.0024601509305268235,-0.002991227780315471,0.038303739770336354,0.024709852652177133,0.02024858412596037,0.006388076193478097,0.0003683660193044572,0.004669181236390417,0.0040056689751449435,0.004474311446021836,0.02977061371452635,0.01095449358201017,0.023424846322807526,0.020109588917937862,0.057945312622480837,0.05090223239988618,0.0022299560805677855,0.0299697525527468,0.018634553849200403,0.031030632257010533,0.012426806625043507,0.006658071993855813,0.005941374100829317,-0.013079933689688678,-0.030308992034343507,-0.007545433072947685,-0.009840467450476278,-0.01991340834993869,-0.0006027070785581044,0.004458511367012772,0.0018652919636504128,0.007040435521508931,0.0026063781367066962,0.002162607939373053,0.001141000036429763,0.015637879470855858,0.00033974538683479523,0.000908934884639631,0.005104780538261938,0.016086884688187853,0.044106239365325456,0.0023648955851888706,-0.002414109004716943,0.00582017998612224,0.0019430066400819648,0.003035716857420675,-0.026712749865270034,0.012104655267358067,1.0,0.0030425465317125964,0.006171691737144033,0.003633028780912439,0.009956254890062898,0.026981141077782506,-0.03266679901982273,-0.006413516398252092,0.008402881042495241,-0.005853962588432666,-0.024672892461873278,0.0005374391792090997,-0.009931417524737538,0.012839177824607697,0.0029287887759975916,0.012493846896128376,0.008955780871612242,0.05793299992139744,0.09600507095295452,0.00017227793063130846,-0.0013048654628028207,-0.003863448823355054,-0.0016191840563753478,-0.006860964110964518,-0.0126357946600358,-0.013720775770948162,-0.014364935027238611,0.005150072432727385,0.04047053999001736,0.05485488916948258,0.004415931399959996,0.009014223133770037,-0.003935070512140078,-0.008886273126123253,-0.007926216341049008,-0.00457107174466629,0.00415081808617153,0.02064833491882181,-0.0010911598440876448,0.0022721498028416957,-0.02854757832708824,-0.009868519434497415,0.003149681236544578,-0.0005104753965228154,-0.00024332613543487415,0.0008362416466115384,0.0033125071431554408,-0.005481147364272029,-0.0013451674597586415,0.0026257499228398446,0.0021221304512180597,0.001412997575175311,-0.002167631894447729,0.004396188157269011,0.004487657684378614,-0.007882064761091353,0.003241170510996198,0.02172677104879573
cat75,-0.014687635223837195,0.028435040740374062,0.015413862457015674,0.008900528355667972,0.0006997560087718921,-0.015412006550119184,-0.021797777887212627,0.010242467663886864,0.022600386844091724,0.015764987940622685,0.02470206469030805,0.029578763145041764,0.027750666851499562,0.014239958932855703,0.010129029080008593,0.011253443182675436,0.00856975494613403,0.013140309068380068,0.001338836778281861,0.0034221849557544795,0.0024810401610545784,0.0011271496215767836,0.008465040861156093,-0.002467361942199507,0.006516286931134912,-0.0022554619717841335,-0.0010498806645804419,0.0013588442611301972,0.00022105673862671108,-0.00492801006053737,0.008226307029408072,0.020943444076523383,0.008571777224351986,-0.002848899398984185,0.007198891550542917,0.0059754829100434614,-0.004409183528141144,-0.0007643086570455532,0.005751586033702147,-0.0016786023012071113,-0.004172073635094007,0.02658002640964546,-0.009526005428661704,-0.008355738038307577,-0.005665391144429039,0.0051961725422676715,0.00031569439212156817,0.004172283730965922,0.0019871716484017787,-0.01898682599826987,0.006089388220067699,0.004985776668509939,0.003287980077256208,-0.007533300178543709,0.005877819191270764,0.005832191048523712,-0.03337171685675735,0.0014865924903209175,-0.006639277678050961,0.0041028377556667165,0.008844712996776173,0.0016722770122161385,0.00655988407163859,-0.0021746554776512924,0.0037329845841582335,0.010297082688229315,-0.0034176716142770617,-0.0008279673044711865,0.0022420357305562295,-0.00019237627438231105,-0.008808122671092022,0.006571274099320997,0.00013679488919588785,0.0030425465317125964,1.0,0.0052772436540386965,0.011252939533293389,-0.002108682077091215,-0.018974107988373266,0.004744546366256722,-0.0012183283377297468,-0.019282218899519286,0.09498204243909605,0.06056228644115025,-0.005402813783774196,0.048929314191895244,-0.0016037476646566075,0.06041681854616859,-0.020511063476527952,0.015734273064052798,-0.0349553183683694,-0.02463435593505965,0.015053124061925424,-0.2644262628439269,-0.004912631896787903,-0.02975745499967656,-0.020242398503808684,0.04175092613362332,0.02960746739133109,0.00922353182553418,0.034285122234111336,0.007227938129117196,-0.001012790208855285,0.08179306382036955,-0.08940626882227921,-0.0008666882995904284,-0.012228742429810988,0.01828198799600857,0.01024236016759708,0.024913601731375176,0.007835907612478543,0.03306264048311654,0.03147552966804901,-0.005281704649990747,0.05115222106896744,0.07450284222111472,0.07277937349805873,-0.4608372871383092,-0.22412416405451593,-0.009646754692854673,-0.07748705398668479,0.0234364259199372,-0.02840516012302519,-0.036442527379685535,0.056719855323727836,0.000303071228809572,-0.050171603107959685,-0.04377202933170585,0.04016412350922475,0.023549883928489185,-0.0768316105511385
cat76,-0.036451412997880545,-0.021840163064090794,-0.006759923042939879,0.0027656335051876053,0.0019510434231333727,-0.023765925331177638,0.04990393306549393,0.026336512811733742,-0.05105093202946888,-0.00783071277611528,-0.009462306876010974,0.01632521647764372,-0.0031146650654164205,0.485019042209051,0.002888666475903799,-0.004499354636221516,0.006154030290733197,-0.000559960788411502,-0.0038558991258108464,0.005603385546023741,-0.0010460599055263915,0.0003667679554261913,-0.0038687900412628325,0.006826925961662761,0.04042819794977995,0.02366254000162209,0.001664857097753697,0.005369657188081071,0.010723336075440595,0.008093751648033953,0.05733547815127573,0.004889853540272671,0.3128423424187212,0.2444092746485124,0.006660206316714102,-0.0009470775800520734,0.0006944955708523235,0.03984144526681659,0.06890296644537314,0.005850004686597563,0.004927497391871681,0.0033826201406601045,0.007819919648319894,0.01771203345556476,0.011131444637535941,0.3006010644984965,0.26785862845757497,0.009585585966009325,3.562093537077847e-05,-0.0501290319549208,0.35687952866361455,0.004353964188610043,0.03561674011304991,0.014577047041547041,0.007897270905440576,0.004296848249787585,0.04451691026411545,0.023281604078108382,0.022296921586512957,0.008799616432821119,0.0071679726749980235,0.017501343944800747,0.0032534284102286194,0.01699841063283358,0.010649604712197723,-0.009611414070467793,0.0964606491855199,0.030193390844298933,0.035102960766737655,0.00231120200355168,0.006212062372117636,0.02285329809379635,-0.035380357837261775,0.006171691737144033,0.0052772436540386965,1.0,-0.5078490337145968,-0.2855297124517134,0.0014985750148466695,-0.1773273844366622,-0.21865938317039676,-0.07375250535440284,-0.055037282894730956,-0.02395346720403355,-0.2503937163076436,0.026425737271110448,-0.06121898192270714,0.007124640229195098,0.05070193208182621,-0.002338934466504426,0.030616089178374252,0.047399275250628724,-0.06501770960720377,-0.02427873917730895,-0.006293215967710109,-0.01348884277917604,0.01395174560320114,0.028271316406432715,0.014456681846273686,-0.013201989397562711,0.021180843719467296,0.024430476019789808,0.06163406923789111,0.018129792964390094,-0.02127212321248174,-0.0052777267875022274,0.025961546318844904,0.022978540137987065,-0.0010272222470296942,0.005106055305163494,0.05191925692490474,-0.0061833905372911,0.01378470175238162,0.01650637334506172,0.03065735159135812,0.01167597166190043,0.010477164648743239,-0.016447259898245803,-0.029740684113450516,0.013396536167334055,-0.005762073471724675,0.020936475647197365,0.0009559788935826599,0.011906961376800347,0.015123587950185863,0.013923564735764941,-0.00018024544829385505,0.0010337299090144858,0.03003053016855968,0.0038552627567021817,0.08907627109928828
cat77,0.002757700232556014,0.04660252466807485,0.012037286782884958,0.037095910514297135,0.03736055009374177,0.03628231064595576,0.008123796258899724,0.013895255922753851,0.043381418779138196,0.022070558551078884,0.018128174922425255,0.02202982457740638,0.017527438950365792,0.0037011455433278405,0.0008256346610410185,0.008675552237034909,0.00397669095179883,0.004459733598358615,0.006049274866233799,0.0020232972485966587,0.0028804545297812004,0.0009285238554025935,0.023420401475963797,0.008253157923882206,0.018394125515134755,0.014427425036638158,0.019182588275435588,0.008920798036391665,0.006644953797770331,0.005330686745818633,0.010494038168104756,0.004942904505250993,0.004391081899970843,0.003426810769390764,0.0020674965724932744,0.023425425846866813,0.018963626557256783,0.01768932342297915,0.00855402264052031,0.010029054849139045,0.010679322168020776,0.004831732166597031,0.008634571125878333,0.014783580169965092,0.008776889354244746,-3.3408357807869016e-05,0.003755589201728726,0.002323784187726985,0.011898120535601941,0.03315484133252732,0.005016319146014946,0.012927151878748114,0.016726367079802983,0.009674291509859236,0.0017055345165001457,0.0019109745677032192,0.007461681545744575,0.002190200951595325,-0.002394195024441527,0.002993584809221086,0.0038116408979251824,0.0009498770653423253,0.0012586758759084904,0.0009707611347030441,0.006774537119193206,0.011577527578929653,0.0037313131923403823,0.0016877853863185243,0.002482748478450083,0.0006790467741560698,0.003346005777840181,0.0034429017034271047,0.020066025513918496,0.003633028780912439,0.011252939533293389,-0.5078490337145968,1.0,0.45557342503985776,0.06605591961629442,0.15904678033015104,0.21475671681851344,0.09360367055509486,0.08482364425484003,0.03571672303550591,0.39587888006756927,-0.012306691638193873,0.12525596060800331,-0.003626928047054058,0.007860983260282107,0.011718619440351685,-0.026340035818699196,-0.007362478408334974,0.10252916305676442,0.006963230668369441,0.0035612197596537917,0.0016619370415328104,-0.0002005647902168987,-0.011548233178955319,-0.007279308489471389,-0.007646223565778748,0.03497584481597503,0.0125940412700742,0.02913649037499377,-0.007630685033867248,0.005444641205528647,0.005311751093386633,-0.008558458810896463,-0.009820756764696414,-0.0015370466010188228,0.005932736911481981,0.030363139483230064,0.0006063469547065955,-0.0030839823284925265,0.03010224365877506,-0.010901258568466753,-0.007003960171352347,-0.006274188318111318,0.004473845498985745,0.010327264619554457,-0.003356584423097528,0.0037944587381988524,-0.010071676373511862,-0.005367327472056024,-0.004326954995411944,-0.006933908173902383,-0.007723399228511009,-0.0033819157415184665,-0.0036240994952096675,-0.011791079173835999,-0.007804053650721841,0.01128030545771507
cat78,-0.0186062350947035,0.0405447469166739,0.014457128282576753,0.02485710071540535,0.019565309021342587,0.010708535275898783,0.012030137029943409,0.020564861574427006,0.03535910608507635,0.018983922941179013,0.011215873349408358,0.019455386080293943,0.014073410824780266,0.022069078825235854,-0.00033252348814956085,0.009737654232913388,0.008289312484969242,0.002375884502627341,0.009479566578468754,0.0018016021754515496,0.007119548118574076,0.005322602316845897,0.02251985925957568,0.010888298580650392,0.023070076359787264,0.015249805256251109,0.013769339922067822,0.01629328676188637,0.014410320495016195,0.009209572144941539,0.019889545123903635,0.01685287836538688,0.024861466287113977,0.010229714284276319,0.017092006958214067,0.018135382954183602,0.006891324139579061,0.014861969043642849,0.014281889615275923,0.019605400262741525,0.012661593277126147,0.008122045222553779,0.007323206025573476,0.007237964764941809,0.01544929315496795,0.018472402207139818,0.01544759102718308,0.012737707387176285,0.00657857313940103,0.006808151126315395,0.011244983903320861,0.006334993480694419,0.006456386093132584,0.00590675465704458,0.0024160915588380657,-0.0007696429898138704,0.013621324997858241,0.0027442154646405616,0.0044069543846770465,0.004106438288064799,0.00055394258905787,0.005186002880564467,0.003696222744918506,0.005057852701910746,0.005172441513974937,0.011831290355550313,0.035481513188712545,0.013430336303375047,0.008600606744509659,-0.0002734853714531447,0.006135195988591436,0.01801328207113372,-0.002236551327608284,0.009956254890062898,-0.002108682077091215,-0.2855297124517134,0.45557342503985776,1.0,0.09394094512602609,0.03514902924035419,0.08698536418496686,0.05026789281175503,0.051526823245379896,0.014020682213462895,0.4092617322088443,-0.0020818934543885568,0.14620832856265148,0.007933348665770263,0.013737567755559685,0.015221774088300829,-0.016492520526982725,0.006314591819050668,0.06512584282789538,-0.0009642412339841477,0.00063617129267059,-0.0009252329970245655,0.004105853103158324,-0.0036798268405886653,-0.0014763187042893795,-0.0038263662512881555,0.0299842777297595,0.02040631798442593,0.027285652247378184,-0.002402932741294642,0.0028842735708483717,0.005519957859016046,0.0004894518071169565,-0.0020850567476400723,-0.0005390910609804997,0.0025778630694853625,0.03315499782639974,0.0015681914345720442,-0.0016734392362916291,0.01018892534998261,0.00041493774791858073,-0.003953933112345839,-0.0015892860161841843,0.003447017542343558,0.0030868348128277844,-0.0022615562140619674,-0.00023700860222413761,-0.004078218297519893,-0.003544024950956854,0.002000782186779709,-0.00011708114051062878,-0.003827423859117675,-0.0013423224606464402,-0.0016107868511820664,-0.0014409921539046775,-0.004142871726203232,0.0561749405714948
cat79,-0.15888315397767552,0.17051548720311321,0.22961730234501906,0.07919340586623506,0.06487133240055432,-0.12736036239412174,0.17127490049620467,0.1448499087822228,0.16751259813117175,0.20310604369062438,0.16328187472928743,0.1967431171441849,0.1534710287001309,0.06588021279831875,0.0033900637713710014,0.22350205818777474,0.09783043615153632,0.07838070549388333,0.01780123410497977,0.037968861771844345,0.026978899783326467,0.003351656460081282,0.12428020159031031,0.13139067218723116,0.0362902372281551,-0.017946995168865255,-0.03993057188554394,0.1917830025171383,0.09883032807783208,0.04840854249274321,-0.0090898556132402,-0.003872211670391788,0.027392502266667097,0.008954779515032135,0.002518988552524452,0.1119016032014505,-0.0450423735100342,0.01378577118718494,-0.01084226678882464,0.19989515236418187,0.13206488993035512,-0.010885420953964005,0.05573657113832575,-0.035863962016696165,0.10898146189928502,0.015927065927459804,0.011972826185293219,0.0012446708267677099,-0.025728199306119665,-0.11705901455134984,0.0007693786670395818,-0.019514523052602154,-0.03544777455825543,-0.01682297538135583,-0.00023165302460722152,-0.002380552500643352,0.18812920746178755,0.02039040406315417,0.015230523335424772,0.007455723993701902,0.0349762052978713,0.01371598645292243,0.0003147041299967163,0.00683130160235583,0.06740071275683122,0.13592496574207907,0.014100231566367503,0.005715480126662072,0.0065590560119879,-0.00639638134423685,0.00802606255686825,0.2031114535700186,-0.13235005571923567,0.026981141077782506,-0.018974107988373266,0.0014985750148466695,0.06605591961629442,0.09394094512602609,1.0,-0.5676589002364573,-0.16554498594539363,-0.03218420068199135,0.016013244195573494,0.019966602497868014,0.12718545980830945,-0.03494090232808177,0.4322623807934321,-0.02328568573311261,0.16121366969142778,0.22682660766866453,-0.0021158834051880674,0.04079639624034089,0.04065749353979343,0.01660377691206112,0.003780790355526471,0.0033259247921653477,0.014261576003515597,-0.03646320914046947,-0.031149797884612113,0.008874657017817717,0.24651213839639424,0.1357535615626094,0.09778526002319417,-0.03940490483220724,0.008553539549660599,0.03741990428236905,-0.002708771453386963,-0.016524426911798056,-0.023547783043221943,0.004898120486344445,0.1127887325332642,-0.02126517789127476,0.001602133126930845,-0.08945998752839224,-0.022829900314335967,-0.03935110046689179,-0.048597356150603704,0.040933463158210934,0.029464006814462446,0.0026058011797107793,0.0052035211783452735,-0.04571954120384682,-0.028118595193040333,-0.0026922313160870352,-0.04299849393097209,-0.046332328288945714,-0.027340583138520502,-0.02831803113417401,-0.03763053130525412,-0.026667307439232776,0.44117227537889553
cat80,0.20905351832525762,-0.19876684453893154,-0.29164246955969125,-0.10865839100826477,-0.05820989635313467,0.1698593043214877,-0.19167430492579204,-0.20907155723901194,-0.1937051663611237,-0.23190600093949773,-0.19901686561585108,-0.23900525792256433,-0.18631678365007237,-0.08473732988120211,-0.0027685480737273576,-0.2658702348329531,-0.1144199561673997,-0.10272575083559723,-0.0490923836233779,-0.03992887209770756,-0.04442160265671801,-0.008183708457679014,-0.16031202868050526,-0.15753129178189634,-0.06975067625850687,0.009154961286547499,0.04224556873203777,-0.22698384357252546,-0.12608023974725788,-0.06473645365993098,-0.015443501027620545,0.007736721592314859,-0.041427512238853596,-0.013752994631464,-0.003625475387552254,-0.1253051534983003,0.06719334676536973,-0.007312738351666928,0.005804583699549925,-0.2313859003030205,-0.1563134216610538,0.019902687171517636,-0.06363082655735879,0.054477384925695746,-0.12666441475521859,-0.023750599052540747,-0.014202356847900475,0.00437780999076377,0.009128634018393445,0.15790510490792628,-0.024570425008805765,0.004880199372350333,0.02451009690545589,0.01668000484326129,-0.0010561531572906926,0.0014811892273241724,-0.18576049736270053,-0.029681931245150422,-0.030743645218286368,-0.022147645724311684,-0.06956514343373194,-0.013858333945685064,-0.004586033523548184,-0.01124020030185468,-0.10174399263418203,-0.1958167164463045,-0.020873809237686506,-0.00340096175156608,-0.008519543021391985,0.005525694475598938,-0.0048744076783229645,-0.20365990447675578,0.1492391773388512,-0.03266679901982273,0.004744546366256722,-0.1773273844366622,0.15904678033015104,0.03514902924035419,-0.5676589002364573,1.0,0.30962526758934317,0.11187857383704522,0.022988904782860402,-0.046824506642496856,-0.013981207565092102,0.05188895179676727,-0.4584513047782738,0.03744849403360668,-0.18237020384964006,-0.2841269578180708,0.02791404629638021,-0.042749906042265154,0.03549741942791712,-0.0005159383366684576,-0.008057770267672161,-0.009558951775542985,-0.02099209412317917,0.05247137637912852,0.04762996715077969,-0.008747514727556006,-0.29385437299104794,-0.1932604302317394,-0.10310581881376919,0.05855943069494399,-0.000468271260340166,-0.06080606551208422,0.0054664011793466505,0.02868535028347951,0.030476431132729388,-0.006578190162611766,-0.15554905945952413,0.026366987378493162,0.0024647240786255143,0.09603918748465429,0.03190735093453608,0.057157485615134035,0.0717729520146573,-0.00962642280840022,-0.02552453632243246,0.006376514327460454,0.002429015948094588,0.0711094600114049,0.044067014998088044,0.018477018274705364,0.06468582612493498,0.07648830883617609,0.050740219974258975,0.05184137281796681,0.057148276931786764,0.026168800704332442,-0.47325728726873223
cat81,0.09134252781698018,0.0021881667103310957,-0.022483175728757496,-0.12393872810760037,-0.10293114209663058,0.13272106980113532,-0.07496752035859537,-0.015033525069568753,0.007450890870629753,-0.036393906113922146,-0.0627481750351756,-0.06162625856096438,-0.06105499310978629,-0.03400917873591436,0.0037912498668680648,-0.02909307221076779,-0.01942528860912488,-0.004733632269042983,0.012241272883501195,-0.015419088255522746,-0.0008368509918923536,-0.005669585050880246,-0.13586800065916194,-0.06996205699695196,-0.2673166659712152,-0.11279074607736249,0.002502817720464657,-0.07337336828457802,-0.033850888602292864,-0.022895126981177762,-0.04908899558276583,0.0008029896735440155,-0.07207259326618667,-0.04386322796416253,-0.01400411601894018,-0.11944786572730368,-0.007018442017786826,-0.23092846718606674,-0.048775034472747766,-0.06960886416487438,-0.06432409812958195,0.003571139353751385,-0.018143695184515186,-0.11682547854145936,-0.02961801448939967,-0.0699613927332941,-0.042389701277763404,-0.014508845465999686,0.02968518912526014,0.1287833173258875,-0.005945590045597927,0.026729910074401047,0.019887531808978665,0.009938925325012232,0.0024208848634884868,0.0035460468323136214,-0.07600244921729758,-0.0163428360028414,-0.013585582929393266,-0.009096696812257239,-0.01660411902766912,-0.007181510414974564,-0.004035741217380546,-0.006725291190964533,-0.035484913048186295,0.010576457038243675,-0.01192134215805674,-0.01042680337003773,-0.04529088504056433,0.004961016585683978,0.01459896768028443,-0.12571451679054005,0.05277490264524566,-0.006413516398252092,-0.0012183283377297468,-0.21865938317039676,0.21475671681851344,0.08698536418496686,-0.16554498594539363,0.30962526758934317,1.0,0.07544415326229342,0.021698253694692346,0.032604502754617196,0.053249930739522826,-0.0004293285427728996,-0.09539667631971183,0.01606818249214186,-0.0720713768509675,-0.025787911339274307,-0.026369935454996826,-0.0005551078235132848,0.021581232386650266,0.0206937126626475,-0.020872891858595442,-0.0063436775736417155,-0.01908508781371444,-0.00904759695163377,-0.009583134817415207,-0.004897896759517571,-0.05698309630013533,-0.017405168621665443,-0.17376183830053593,0.02050400226414591,0.035757619772750646,-0.03572299084559677,-0.01960638414864223,-0.005667917156807601,0.02308621909875983,-0.009665268990716791,-0.18906303866874488,0.008585603599627229,-0.004885669954124546,0.08878653381584828,-0.01404930025771836,0.025508526202598174,0.01475463872409668,0.008902172191805531,0.022330511975985377,-0.022695069020421926,-0.009765133632262077,0.01886151893912329,0.04504684570952617,0.00272433430753768,0.01645289707893898,0.01183575364716968,0.03728579155212777,0.03754988225099101,-0.005517901742996216,0.011193786570143572,-0.25919122210718787
cat82,0.09688323489742921,-0.07080239270995542,-0.028634092471790176,-0.021814374239847726,0.004458691656606149,0.01412413069752587,-0.031039430926360707,0.015659509322974618,-0.0675759384956774,-0.05082355670478404,-0.04457354674423222,-0.06459177384405287,-0.03865426128846625,-0.016718378614185375,-0.0026624047902393836,-0.031044996136056727,-0.008066252917963377,0.0036508676592917574,-0.008828663282182765,-0.006297042607635316,0.0036896767632497284,-0.004843800573023781,-0.04539643620417033,-0.017510753558856666,-0.015833730605794797,0.004446259786231502,0.007012724148229697,-0.02593807642807766,-0.014413582308906499,-0.0066869404087764395,0.0002865638560658804,-0.0021224697393212736,-0.009514747101228991,-0.0012039035192558413,0.0025179047477894376,-0.03528356829695036,0.022263912888153266,0.0016533288634332686,0.00610789839717817,-0.01891133344050627,-0.009250284579729746,0.0004355079917854595,0.0023297112042436254,0.01877872378942626,-0.009348066233172995,-0.004721513671642816,-0.0018377547118740296,0.004969084422674938,0.00020352574465712036,0.005377601509607171,-0.00799591514004912,0.006337150387225732,0.003711136056512596,0.01774000350765857,-0.0019219548096150326,0.0001829012611288117,-0.03167978337089538,-0.008107229456522416,-0.0036324872288192797,-0.0024011160712725838,-0.00524126032620375,-0.0019383529783926102,-0.002113831856835263,-0.0020020202867222343,0.004700403984358498,0.014183975097447508,0.0018599250274835932,0.012049289632520005,0.014995118817053522,0.0009763683266569406,0.013265321328505459,-0.12111769078139785,0.0510708423721547,0.008402881042495241,-0.019282218899519286,-0.07375250535440284,0.09360367055509486,0.05026789281175503,-0.03218420068199135,0.11187857383704522,0.07544415326229342,1.0,0.09166158767896221,-0.1815094377821207,0.03894008304028304,0.005188922492289473,-0.044666090397622094,0.010721482678058671,-0.02874067034918296,-0.027091548688511023,0.18405664865226132,0.18739131893681873,0.272758399159419,0.017632624056808054,-0.004263371670826113,-0.01057017930313328,-0.015940568856766524,0.0032961146084396725,0.005922005856784954,-0.05421577160709105,-0.07134066214313468,0.014417092738104254,-0.005507194120477205,0.02922710619567133,0.020660695337597807,-0.0384559631396801,-0.011816529154210002,0.0011994136121752318,0.005817197710717375,-0.004624479056502536,-0.02764372293871925,-0.0161742219414623,0.015514690890520197,0.017538791315931935,-0.0019383139974347506,0.03013728754385192,0.030053988370869044,0.015750564165568803,0.0018058489577370861,0.013968457264068736,-0.0006472238733992101,0.03148699042968289,0.03725996547788803,0.015456976588649725,0.026668543887050557,0.0296485670225451,0.036760570030896896,0.03631325978127133,0.011054115882242338,0.009017130303509866,-0.10597896462061186
cat83,0.011566843161314415,0.007543004366257951,0.0007787264230805811,0.0006657459473966361,0.005785524809106363,-0.0075412466600736855,-0.00435219278433904,-0.001203751760315037,0.004905626518833217,0.0014070962251605645,0.0002909335207502478,0.006326523338180058,0.008091630098844851,0.003659507957022345,0.004544648555773511,0.00041810656759280236,0.001001264921607221,0.003650586147076008,-0.0022999561300018436,0.0058697020949968854,-0.0009692975642457618,0.002295300012439332,-0.0014594695393636385,-0.0046115831557474165,0.004453559503538202,0.0008542759829260325,8.544814853774096e-05,-0.01072817332704849,-0.006742060527056554,-0.0064909854786930204,0.006831131081263349,0.002874999431962931,-0.0021548914829975945,-0.006442616245366117,-0.00041949977926469833,0.003634205954539709,0.005240061018021595,0.006111484796304128,0.008851291903013455,-0.0074564522070425165,-0.0029584637177305956,0.008736808030877254,-0.0020660831883343787,0.0050946838727103086,-0.004986223303980484,0.006602887819192508,-0.005946730092185363,0.0011982584151717952,-0.0050791749949676,-0.007085285964120363,0.00013912856095932253,-0.0016121441636792833,-0.00637307205451557,-0.003232687514640094,-0.0030097857850033918,-0.00027732960150462555,-0.007100440293813119,0.0012017465575291303,0.00024166944088206877,0.0014168856445926589,0.00021442215112108594,0.0036516206671001867,0.005002248117381208,0.001612223605983871,-0.0022180693799857152,-0.0004985371850025511,-0.0011914056449193993,-0.0027210458578696747,0.0037140718600768537,-0.0015556444105730763,-0.012323529499460835,-0.00028470353657165216,0.013806822783361351,-0.005853962588432666,0.09498204243909605,-0.055037282894730956,0.08482364425484003,0.051526823245379896,0.016013244195573494,0.022988904782860402,0.021698253694692346,0.09166158767896221,1.0,-0.022309789105016204,0.047402016793156684,-0.008990350617685574,0.01337668317482134,0.010743707949173526,-0.0034021873075565008,0.0014153218301171282,0.02686118248814611,0.009081963744320317,0.12740370309281882,-0.05973393151527539,0.017742502190336833,0.003141377659072295,0.012442681075067838,-0.005866823978753262,-0.004756151455558707,-0.002438495824974741,0.011035249194176774,-0.008115580057947604,0.004870643137100919,-0.011413506282090632,-0.03993923898972555,0.03084717770426671,-0.009809016574632812,-0.01603772657936388,-0.01380524918844329,0.01863022673626728,-0.0019579808379023363,0.011596658780202482,0.0034287282030432196,0.004144036809562789,0.0018382117754737856,-0.01490716368981428,0.0010842968293112445,-0.09442697921116373,-0.04852038999515229,-0.00159984041873958,-0.004365732632495449,-0.02353192187535193,-0.049416893299922125,-0.01746700707514087,-0.002976828954790466,-0.019086944722075557,-0.04408123525670213,-0.04314439337103968,-0.007089662246691229,0.019804558656861947,-0.03261002339766343
cat84,-0.06864716505488466,0.0574873125786783,0.06602219406070257,0.0735776993144161,0.06258656325346043,0.011084243849698007,0.053085241798987194,0.034304511262749054,0.05590500979193907,0.007131755016422322,0.03317816514741421,0.047761262137549866,0.040578258994810414,0.014698925973712976,0.0005713861180747648,0.05653350830410575,0.023099637270472147,0.007934372702037678,0.026235518810760212,0.00939240694120309,0.005688069042836568,-0.000588440245467163,0.06374463410984814,0.02205902451416452,0.02391646425750365,0.01911762102424764,0.02654712201755001,0.036766060601050504,0.02696364690166103,0.013876353803170868,0.009446043982185083,0.028005140367763092,7.332776247336056e-05,-0.004326365687076708,-0.006310032964234644,0.058134505188328606,0.015642106687422126,0.015281834619130243,0.008957183606817729,0.0373569704886679,0.015184877521509129,0.031564028371963496,0.0072879794821725675,0.005509075932239314,0.024986682546505462,0.0008843504346828119,-0.0013028093965389927,-0.006254879416569429,0.0044840791309356445,0.014124362891407203,0.0023403821902078007,-0.0015508973949878426,0.018963146480854697,-0.06544772948076112,0.0066578154407027235,0.007765732362696939,0.04308701511332378,0.012944699934016405,0.014421720088916021,0.01348242822474781,0.02242731920730519,0.0047542379273060355,0.007780311569197155,0.0017699352495828588,0.006890700259789729,0.04288786797450908,-0.003738362146769793,-0.017058637249226155,-0.03645490013499893,0.004384623419698209,-0.005196290252429161,0.046192248155809766,-0.03207207765724787,-0.024672892461873278,0.06056228644115025,-0.02395346720403355,0.03571672303550591,0.014020682213462895,0.019966602497868014,-0.046824506642496856,0.032604502754617196,-0.1815094377821207,-0.022309789105016204,1.0,-0.003932579249380107,-0.0335844398943655,0.03175765897520536,-0.039148092423850825,0.050785034348321656,0.061388354040009085,-0.7734550894891362,-0.46425763001799436,-0.08615739797872958,0.010533548621541681,0.008951054437444327,0.020960977656369343,0.010916446623672768,-0.0284789161510548,-0.026776407398684227,-0.0072862714676256045,0.054480486975364534,0.02186335232892566,0.04613873879034368,-0.049132930564538935,0.0008918449683698137,0.03625347861651215,-0.0030978353903318326,-0.020587381925280968,-0.00041245905505782077,-0.0007823715476186573,0.061601440847994106,0.005775869902875704,-0.030339245812862372,0.011318013431606155,-0.02356317161935947,-0.04259740324129727,-0.050950541827456876,0.0011171956148124727,0.03681232198800327,-0.03841862624917931,0.004767563240074479,-0.04506802484629487,-0.015491329899037369,-0.030558403418257548,-0.04855584541965853,-0.04763260452230168,-0.03174030015012651,-0.03281920180619707,-0.039259618321839,-0.09964779415204157,0.04237718892720792
cat85,-0.027662919613085372,0.04280929550828774,0.025201919288132646,0.021372409697556657,0.014009484821772245,-0.0011473841046892278,0.027179613529503918,0.01955042963880124,0.04085020239126751,0.03329337456960503,0.02371969175138172,0.030039318635592064,0.020463654577358992,0.017634573047821275,-0.0006245979764058974,0.023038836546689655,0.00952726626864778,0.011033959512109014,0.004949278619136136,0.005246213762614365,0.006557686139328888,0.006674790941085127,0.02307312988789851,0.014186884549456711,0.016300944979775984,0.007321686120117222,0.0026115014446720874,0.019525445409611444,0.013676209891708162,0.00801332346993515,0.006165500569596971,0.0064867112806447575,0.013921431356039902,0.008767465829236494,0.0028574532904934746,0.01586622728567463,-0.0018364416820616034,0.006269371336242786,0.0023940504323395834,0.020853365170059503,0.016643829442471888,-0.00010225137501987894,0.00855843086159178,0.0003175056820310196,0.012462224535658149,0.009871868486552023,0.006310503441207911,0.002177096067477716,0.002059637419452593,0.00018029131197576614,0.0044510282301627666,0.003070604835929068,0.0036511393779880288,0.0059811422457847615,-0.0012902479243691385,0.0009457819815277063,0.02865873361504464,0.005648284836922602,0.004664743648406686,0.0038502972457034657,0.007336939259684589,0.004089053204126423,0.008119823578556428,0.003969877032996972,0.01465665440910008,0.013841164147637792,0.012528453892113607,0.006844512210564504,0.0018056311231636343,-0.0005137032891618687,0.003324195597049725,0.03552133709887024,-0.010445275326073046,0.0005374391792090997,-0.005402813783774196,-0.2503937163076436,0.39587888006756927,0.4092617322088443,0.12718545980830945,-0.013981207565092102,0.053249930739522826,0.03894008304028304,0.047402016793156684,-0.003932579249380107,1.0,-0.005533990337934129,0.1598569524162734,-0.0029963131275790754,0.028325697048358814,0.026279723937739984,-0.002320306332852376,-0.0005445113927032516,0.0553584548460508,0.00481446912953229,-0.0011179381943749506,0.0008212534527626983,0.004432565359392261,-0.00624445074643442,-0.006105396422338379,0.006491862293882366,0.04295000107190312,0.02015494834365713,0.01705448692784495,-0.004799272126544168,0.002769563997770771,0.007336419539402434,0.0010612131619955056,-0.0034866423982828723,-0.001379336232396249,0.0005987426793341941,0.025753540151801476,-0.00023241101087913653,-0.0016035137658584914,0.0035246503816638627,-0.0027163527399997733,-0.005148190051990173,-0.00794029681793621,0.007471404907659461,0.0053800121103935875,-0.0008685141942428276,0.0010649817729782368,-0.007338305521373168,-0.0038949589915687017,-0.0013036762727931977,-0.006726572841424573,-0.006199061342729577,-0.00311618500843244,-0.0033035245842087326,-0.005029676316689032,-0.0006439214848971134,0.07895366553422176
cat86,0.01307353779988609,-0.05125122839509883,-0.003796876703481715,-0.015464601581072528,0.0208078962555136,0.0605096115510253,-0.004148277101930149,-0.03203102749503197,-0.04180637824768217,-0.021145329103738012,-0.040649623897876914,-0.06979472094193938,-0.03375490569156773,0.0062964370918867614,0.01641947422068927,-0.007066246017072893,-0.013969018047767442,-0.0015557406611429482,0.01651972666441025,-0.0012820697699211677,0.0004147233156078884,-0.003679499650915321,-0.024792589177585676,-0.021840552668126297,-0.01725723604182122,-0.0025448391831721477,0.010601961052147087,-0.017531795541816286,-0.00853643773407185,-0.010444525477652452,-0.02448074297141759,0.0983000071689341,-0.0062458160217210325,-0.0004131031524361946,0.04111649894956291,-0.010914278551414195,0.03964780411368909,0.008927495392688261,-0.019598933138505924,-0.025358492345564053,-0.028658004869757468,0.11644712315979779,-0.005023526078496922,0.024247964850124436,-0.006721406508002181,-0.00021561755624494643,0.007585002660067284,0.0462133148779366,0.013467477259083382,0.033501306998577875,0.043964834256663844,0.021240708373376598,0.055016331629083925,0.022072280723172327,0.03391812547068303,0.03800373110693333,-0.007651318285254205,0.0008801302480829373,-0.0016684004079023146,0.0005159866110512829,0.005951318385522742,0.0011464021753718112,0.0006559796917196441,-0.00014021501177010438,-0.006106839600387981,-0.03865116075195412,0.008753897702680249,0.0013930951751269063,0.003011524411900908,0.013504267115970268,-0.013245232133328549,-0.014356692690914148,-0.01624092801836601,-0.009931417524737538,0.048929314191895244,0.026425737271110448,-0.012306691638193873,-0.0020818934543885568,-0.03494090232808177,0.05188895179676727,-0.0004293285427728996,0.005188922492289473,-0.008990350617685574,-0.0335844398943655,-0.005533990337934129,1.0,-0.019250250135645866,0.4122570930698021,-0.003356539753534494,-0.00393094249084842,0.03416669740726125,0.04123612009026477,0.0022036042928166863,-0.11574551071173389,-0.4774583259651936,-0.16070712305464266,-0.02836037827798254,0.8867738969615023,0.6314643330625698,-0.007963839418666992,-0.05514884020707582,-0.028569545553766524,0.013882466159177187,0.5299607983853796,-0.13674348971031147,-0.3216979084809251,0.6988877063109696,0.7845642541321535,0.12478982132471914,-0.016777066596486256,-0.01648661704850667,-0.0061334225967432585,0.10429023221001663,0.05419272840780648,0.8501516223525292,0.48376379220721927,0.38987373404256487,-0.007207016893615067,-0.35077197872684485,0.1143506252276818,-0.12018157151941619,0.7049690554068874,0.26250533086551553,0.43802843956109544,0.49319602821912234,0.5632415157582262,0.40910607850609626,0.41795554149602476,0.9091879910104084,0.03688913470895716,-0.0048420144849189006
cat87,-0.13352727319356908,0.22933759135730195,0.4792687009893462,0.015903290131119102,0.02629961133382743,-0.1383137758868587,0.1311296784216507,0.1386009848898741,0.22746085093129392,0.2866658771722169,0.18662913682443794,0.27400474051878576,0.21028860245327338,0.05873638785980411,0.003272541820525385,0.5075377850701193,0.15235899982373963,0.150183110591447,0.008653075133502452,0.039590233138235134,0.06355132001817555,0.007287555213255441,0.09017544532428033,0.043991781898189315,-0.005260609132698205,-0.04177759717244332,-0.0677921122201537,0.07260649854606342,0.01166496243142761,-0.006922019890295738,-0.020552953216798397,-0.01189253304463123,0.005452653917360852,-0.0015729230663647112,-0.001997256346362969,0.11032465300535153,-0.07341515818486259,-0.001561008820174399,-0.02016015083986851,0.08296861242838699,0.05275693956989873,-0.01565808422737117,-0.0061432925379091285,-0.05578026879636821,0.012906794980519543,0.005608966365999021,-0.00019077381213160086,-0.00430026579277402,-0.0367107255711647,-0.12868656703129036,-0.011220575489359846,-0.03300723306232893,-0.04928588273119516,-0.022751178116177308,-8.454202595136217e-05,-0.000790740763210319,0.13831289288565446,0.020608357981331992,0.008391211776681283,0.015180035239539688,0.03119550182993225,0.009538571610996709,0.003877564256179935,0.005250652783663855,0.04813408317278049,0.1351876945077381,0.009315945223399345,0.005664333809696099,0.00017630140902644245,-0.0035411417425857267,0.012673521242270919,0.13600440308681094,-0.10652179897020689,0.012839177824607697,-0.0016037476646566075,-0.06121898192270714,0.12525596060800331,0.14620832856265148,0.4322623807934321,-0.4584513047782738,-0.09539667631971183,-0.044666090397622094,0.01337668317482134,0.03175765897520536,0.1598569524162734,-0.019250250135645866,1.0,-0.02488831092382262,0.12415054695206582,0.4675639153900721,-0.01895742698030007,0.015718539634935122,0.016327292193837103,0.00594499136108511,0.008339206522888576,-0.0003389234886715834,0.023983111275525902,-0.014864545298751329,-0.017283531212335657,0.0385845999602953,0.3301504793175727,0.12847681011301643,0.02220938158599115,-0.03609101199445245,-0.006774747924976545,0.04037309661946303,0.015598836783612626,-0.002734974065564177,-0.017708817029195998,0.007422818163753395,0.01667675823668446,-0.007194820214325527,-0.0014421632313027833,-0.10290097790312348,-0.004196324315770001,-0.03773310378495297,-0.049420465884749604,0.007788973385457089,0.014301539652108688,-0.0060055440845352475,7.95974502362657e-05,-0.04023322902835996,-0.031191112238061036,-0.00867472185980416,-0.04286448337011507,-0.04521063570451356,-0.03309241017797146,-0.03387610671484192,-0.02204117239213881,-0.003965297621924484,0.3463109783042612
cat88,0.005289414213167121,-0.03440774166773028,-0.017782876337343132,0.012434576326653853,0.04057551349044977,0.024041778449986558,-0.0031050362672297893,-0.010382191676113487,-0.030101213067396278,0.0011357599115980196,-0.01720991025034907,-0.028147990666938055,-0.015743249236064405,0.013085375803888587,0.03954969368662393,-0.01612169300256705,-0.00798269180818899,0.0051080274382646635,-0.0076923239547284986,-0.0016147110010192823,-0.000973010937046496,-0.0016569373570253715,-0.01703340182311707,-0.012727468416388993,-0.00527034177476076,-0.014698320474703274,0.02947849871712623,-0.007044722049683896,0.0017104799480589263,-0.003980949588769344,-0.0022845410009151375,0.2367758626537322,0.004475172679769574,-0.004154402260791292,0.09903757678626647,-0.012859843463301627,0.05529031525851155,0.00472545477374204,-0.004056047819595774,-0.010413705811336875,-0.016813543570165977,0.28048693823920257,0.0033995260990968834,0.003681843596511677,0.0016928831321631726,0.004083346047358285,-0.002668940658558871,0.11154501778468925,0.003939215502409554,-0.002819703265996797,-0.003794773634039106,0.018746551985839688,0.04123337983918436,0.011106805021920475,0.08201293903477817,0.09210066344826667,-0.006143587924171121,0.0016352555554371266,-0.0030381762342583567,-0.0014400528204490553,0.007474394522471262,-0.0018523625724887504,-0.0001284573574027374,0.00016625829731399904,0.008016782171537808,-0.020849024001857897,0.010973615194396507,0.002760957040541898,0.0005722600943301236,0.033316294445973865,0.0918636207532003,-0.02197701615088472,-0.0018824657383149975,0.0029287887759975916,0.06041681854616859,0.007124640229195098,-0.003626928047054058,0.007933348665770263,-0.02328568573311261,0.03744849403360668,0.01606818249214186,0.010721482678058671,0.010743707949173526,-0.039148092423850825,-0.0029963131275790754,0.4122570930698021,-0.02488831092382262,1.0,-0.002693217349968819,-0.015824577975281844,0.04232728008198809,0.06422443639408433,0.0029041638077739744,-0.2807500936871643,-0.2577318192364325,-0.24685007229285255,-0.10337116214166614,0.17347739252518773,0.2527723321271443,-0.013853952637559817,-0.023364407329311512,-0.00983316374069335,0.03612566083428202,0.46720669076705534,-0.040338538530894426,-0.2440896431897357,-0.005354778247941085,0.14187119066422213,0.08083450033466293,0.03871061469978338,0.013642983540100259,0.031290562261341276,0.23631003597066197,0.023953673428174047,0.35480293770060367,0.3719995942130751,0.5913142159583649,-0.08062218086218517,-0.3680645011600681,0.2052581918923707,-0.0584619191883456,0.40795798070017975,0.02782466663162704,0.37806882932241015,0.6734576769479653,0.3823050365244142,0.26031560773131457,0.28214671166008076,0.44375744312962384,0.0677405793045655,0.005329682150221604
cat89,-0.06662862187182614,0.06621465395639489,0.08218080159936436,0.030812061440997265,0.025361986417350265,-0.04513543483255407,0.9555037926264303,0.058562752885450035,0.06677016502472732,0.09404512401667538,0.07360262239170777,0.0958284431472448,0.07341608920930878,0.08615445330829645,0.0071413836085130605,0.07598706210167938,0.06002775629979635,0.03596594410161046,0.017997308717201132,0.04277397765682101,0.01202105150110156,0.048670475255179736,0.04627169441227316,0.03177488402150436,0.019515536210259442,0.002322972954752999,-0.013645471692151795,0.04238915349191307,0.024801239679385405,0.01571751349199377,4.074355595599879e-05,-0.005194394131505763,0.024735011509550688,0.010420604966044023,0.005003917742232075,0.041557889357577545,-0.018222790291067006,0.01668216863551028,-0.0019377284673576642,0.047053583468285656,0.03036305399691139,-0.005564537164881998,0.017832463376445992,-0.002304426472731552,0.02825845601745677,0.022580558057195842,0.016066258860969417,0.0016357859835529898,-0.011854796555250879,-0.043198679225770746,0.005535268428976449,-0.008765618669887024,-0.006362752328098892,-0.0028957291070087726,0.004695947509122625,-0.0017160724775856845,0.7734648161051769,0.3284691392776347,0.3437316846707254,0.3226924240249971,0.40867595398154954,0.18094795457243346,0.18938289612078923,0.19060098440347767,0.04019101495299866,0.045850462299819754,0.028502468857755422,0.020537318819547234,0.01833193290983931,-0.0016661666453884716,0.006074010916691675,0.0799777449484957,-0.05336299323658271,0.012493846896128376,-0.020511063476527952,0.05070193208182621,0.007860983260282107,0.013737567755559685,0.16121366969142778,-0.18237020384964006,-0.0720713768509675,-0.02874067034918296,-0.0034021873075565008,0.050785034348321656,0.028325697048358814,-0.003356539753534494,0.12415054695206582,-0.002693217349968819,1.0,0.0982166281948233,-0.038570071191884985,-0.013917312710985619,-0.0027005278227655977,0.034043299771927396,-0.0074720706580621785,-0.0067525017335871625,0.004029757137380156,-0.006216001815717372,-0.013122612072605386,0.007883207774894289,0.11722679095744605,0.06388719299690895,0.033459219918991374,-0.007406992788339924,0.013240050052903502,0.004103816659790669,0.004939176732700963,-0.0008413461182172919,0.00522608719797127,-0.00485441867771268,0.03657774514501703,0.0004742651711678264,-0.01834307150911812,-0.029894477626878684,-0.003248905872744858,-0.008897766078036076,-0.013548525430878935,0.04586477300398657,0.027075555283636654,-0.007961560624400808,-0.004726774041198783,-0.006143200277558316,0.006064338060245755,0.003371486693889591,-0.007708959259785775,-0.004616928485887065,0.0053304464264365605,0.004357336003710699,-0.004737671136390975,-0.005450010290435952,0.2671065207193747
cat90,-0.09362401777090813,0.13402481838732005,0.9557375939749596,-0.013441361554052324,-0.01819247432744983,-0.05203577249183401,0.09155884136110025,0.12955583765007347,0.13526849546602518,0.20931459819446896,0.11838531898881456,0.19360806543742692,0.1236304511694256,0.03451150265601281,0.009104157102474844,0.7645483326645395,0.44994524424303184,0.37139400787858373,0.3941242045868061,0.19231522228278655,0.207284829193077,0.099561482678934,0.03883127219486205,0.0048412264092109955,-0.02720876700866919,-0.040817949977192035,-0.048096248748441796,0.00946232470035129,-0.004600542793984665,-0.011180133198539704,-0.024997763655996912,-0.009805291443932957,-0.004639550529877096,-0.006575408483958298,-0.0034797925688339853,0.03568300032058654,-0.05043221660284408,-0.03002727881956041,-0.023730712880340638,0.008709580870561773,0.001490122751121716,-0.011526246282085354,-0.014010944376300877,-0.05380118846586972,-0.002624145963596802,-0.004089165287062839,-0.004988131198583744,-0.003282179691201261,-0.014967513591083323,-0.04256520325559457,-0.006670184870377014,-0.009589786195043226,0.002089574704015565,-0.0037141148783670854,0.003949446103162319,0.004047810932960062,0.0795014437252009,0.027467932495529368,0.023164837851047115,0.04609895146738759,0.02914212112985682,0.0216225088798305,0.02029330009356984,0.03267427206684105,0.05735772983363058,0.12943031107049702,0.00023973521541949218,0.001885689427985569,0.0033924824841898207,-0.0006903525952179857,0.012330783825826664,0.07457578279314495,-0.0734696540112833,0.008955780871612242,0.015734273064052798,-0.002338934466504426,0.011718619440351685,0.015221774088300829,0.22682660766866453,-0.2841269578180708,-0.025787911339274307,-0.027091548688511023,0.0014153218301171282,0.061388354040009085,0.026279723937739984,-0.00393094249084842,0.4675639153900721,-0.015824577975281844,0.0982166281948233,1.0,-0.03898836520977708,-0.004163394774781754,-0.00343820117047531,-0.0028619310257542332,-0.0017799588693454436,-0.0022637649686902146,0.022716170926552523,-0.0019067032326786002,-0.009907266608127878,0.051050016958091984,0.21781620337963523,0.1274205506223013,-0.028841746009961866,-0.0231630401194098,-0.004449466707095768,0.029168032747583676,0.022118573498367475,0.009294599568310016,-0.011531908455867663,0.0053551287235523186,-0.02304134504616165,0.0023020406441367834,-0.002757009517119705,-0.02895999782365842,0.00583059593051528,-0.024063074640054718,-0.03848500793809113,-0.008215216722427443,0.00682387781581839,-0.007051410431070496,-0.011107058724998616,-0.02452356903201253,-0.021040648193794392,-0.003908455452859729,-0.030475520853119387,-0.031413639554158594,-0.021163259906191664,-0.021577515762939082,-0.00814643610547949,-0.00027130158512522014,0.1897891997117253
cat91,0.05298246761962503,-0.040285584379070254,-0.04526201295045098,-0.07163833644426668,-0.051244798711188186,-0.0069467276423337745,-0.04117246782004496,0.008945788218402948,-0.04085779369202884,0.01157137958751667,-0.02433225585583571,-0.033779934306667064,-0.02773435670893127,0.0028776443891745545,0.00021347401177958133,-0.04428652043441605,-0.01310814296080668,0.006425617350445697,-0.013522326227782561,-0.004759150113150574,-0.00036568176234595505,0.004899854548244736,-0.06309570599791953,-0.00736489528528882,-0.02623549449394378,-0.017122528240090862,-0.028072245952566438,-0.019090580673709764,-0.016571820663560582,-0.006053678896950769,-0.00558474477440174,-0.026084117902559763,0.001170747788393241,0.005865952445280511,0.014280102128959072,-0.055497568597499845,-0.010456202638430568,-0.013252670313049754,0.0018562334359883402,-0.01596691989874007,0.002594342915711219,-0.029515389811346805,0.003676378516845596,-0.0004957834736023709,-0.011737658777233125,0.00437208412605142,0.003129198614471675,0.014514402185663461,0.001693429778786709,-0.013595662245656535,0.006325846399243292,0.010452319449726313,0.0005655062458803752,0.09405443746152355,-0.004407256908401614,-0.006389262265038859,-0.037787906288822545,-0.0069518110869912705,-0.007543897048837322,-0.007646648934762202,-0.01360366076144895,-0.003490254169875612,-0.005154027798533951,0.0012892234873695815,0.010376746528178181,-0.005939999342286958,0.020189670277844584,0.019027010176255486,0.049935578046340946,-0.0021091776742775416,0.011424049597373922,-0.07500009864345271,-0.0034399012385461455,0.05793299992139744,-0.0349553183683694,0.030616089178374252,-0.026340035818699196,-0.016492520526982725,-0.0021158834051880674,0.02791404629638021,-0.026369935454996826,0.18405664865226132,0.02686118248814611,-0.7734550894891362,-0.002320306332852376,0.03416669740726125,-0.01895742698030007,0.04232728008198809,-0.038570071191884985,-0.03898836520977708,1.0,0.6744285656335505,0.09903257396047849,-0.005302752419179741,-0.0127373958583629,-0.021428010269750684,-0.007489073981326803,0.027416817588734564,0.024026292184019138,-0.00690387843476354,-0.03440232551221816,0.018620427499778443,-0.029683921726898092,0.04924481443874727,0.004517195611784682,-0.03851488265491095,0.0064901150062419,0.02305384577998321,0.0013983148631309809,-0.0008636125728101764,-0.05358799640338383,-0.005454663434526582,0.02739058341015505,0.0022779360286556876,0.025572231042801836,0.04310029379966823,0.04872130948078793,0.006706603497049942,-0.028416690689985508,0.03501123296815474,-0.004916348935461591,0.04728756362373841,0.018679013745734715,0.034639238323192593,0.049689937488763394,0.04717439340734419,0.0370876305493971,0.03817737998853492,0.04082914362863047,0.08556252048567893,-0.021269419202856642
cat92,0.009967091047572596,-0.039700626020513406,-0.011632762142023717,-0.03886524428626684,0.03829374946472098,-0.08682089480427674,-0.015965767379267706,0.17915888910261887,-0.04426654572091073,-0.03387579688623499,-0.053054534870100374,-0.07630158423198635,-0.0423244254658008,0.036959031582844214,0.002187917730374601,-0.027614331324534353,0.02051003734599572,0.04336342503243814,-0.018567032178679006,-0.007240981902744869,0.024621044060461863,0.001188653419396827,-0.044366144364530104,0.03788703877863259,-0.020226987622437697,-0.02322982590491234,-0.040998848281168974,0.054175860059269526,0.018790475596118135,0.008936666757296024,0.003914822852659102,0.00443847232529374,0.0031032829727046076,0.004852379220941262,0.021061754260995273,-0.007134515684942762,0.005723452199030701,0.01879840255714096,0.03244582297888521,0.08933231341706688,0.07699536518110912,0.018792073310810967,0.04221342599777334,0.0286584515166021,0.04775762803860688,0.016320624309984866,0.010350517492279578,0.02740630224124959,-0.02401744669269624,-0.10934320371317258,0.034340701820649064,-0.013084860064715449,-0.036297440785933464,0.041840379921278856,0.007319630264719789,0.007333193439534842,-0.02643175308551178,-0.005274628425380821,-0.00675272248930508,0.0011545883089260625,0.020510558751784053,0.00286014816220004,-0.0045477009455741945,0.007027789166074045,0.03890255026404896,0.17588408987513138,0.057710808342621135,0.024143162050487322,0.030199793564578994,0.0033585912324548472,0.03241376238768948,-0.25519992206575676,-0.15885938432847171,0.09600507095295452,-0.02463435593505965,0.047399275250628724,-0.007362478408334974,0.006314591819050668,0.04079639624034089,-0.042749906042265154,-0.0005551078235132848,0.18739131893681873,0.009081963744320317,-0.46425763001799436,-0.0005445113927032516,0.04123612009026477,0.015718539634935122,0.06422443639408433,-0.013917312710985619,-0.004163394774781754,0.6744285656335505,1.0,0.045486100465398006,-0.008546925311159182,-0.026676090743526306,-0.04586654053073711,-0.012848402715117821,0.026179068493909864,0.01873859361242589,-0.2928539371053595,-0.06707409596831056,0.16722465928942584,0.0604256981298917,0.0828253898692585,0.024498890612997676,-0.06944319571369291,0.0030451377910256897,0.029681908332288228,-0.0004178222900076089,-0.0008805405098230812,-0.018345906538626004,-0.02674243937920783,0.047520469303308215,-0.07020680852203323,0.03185352886466279,0.07173837088745179,0.07353277722387709,0.018684270071463092,-0.032878976322092406,0.052482471174902595,-0.011117133297208799,0.07660189633923391,0.043152518580246595,0.056529309335703,0.0811704644336111,0.0711258367041553,0.07097027058690929,0.0727369550237727,0.05611918698055032,0.04994799213369625,-0.004338608099708322
cat93,0.02751744802686988,0.011932469012386138,-0.004022599728786116,-0.0005769419897532133,-0.0028797539116046816,0.009799648926473661,-0.002172421494801256,-0.01498683020946578,0.012641131139006527,0.018387820292186267,0.008367287053637602,0.013724393801620096,0.00910657850847456,-0.000878007285914311,-0.0009155167160181981,0.000982916154307076,-0.00642078195241045,-0.003745050093603221,0.0002212656799685718,0.0006693083353830747,-0.006221362678289099,-0.001729076022383235,0.0013174062336129334,-0.011256765172228353,0.004692539704167649,0.01077693667867159,0.010819645293106315,-0.017680691667765737,-0.009723615133248776,-0.005128162412505947,-0.0009550821326367437,-0.0033920065387576777,0.003077583798831492,0.0036129930268663296,0.0034508190942027337,0.0047796873608689245,0.010423873425391866,0.004958417619717155,-0.004648374062366462,-0.028083687602256192,-0.017775171367103333,-0.0020765200251500527,-0.006481647450416484,0.00559661355179971,-0.018672324774800714,0.0006821876771654591,0.0005443283193220653,-0.0008978073707385275,0.0013883781198680456,0.00954416927026831,0.002768446740531052,0.007567992362244624,0.003675713007770999,0.011879115472114045,0.0011822752005451144,0.0005112216535537603,-0.0013554503110967122,-0.0013402030369649976,0.001359520491617836,-0.00013064369962128278,-0.005606064012289682,0.0032771470603781025,-0.0010516363886328417,0.001242930584223879,0.0007599535292167474,-0.019762614294262997,-1.548556696281784e-05,0.004853329399228378,0.006817314464000297,0.0018610463823651251,-0.001756846299903323,0.04995221393618835,0.0159527870619693,0.00017227793063130846,0.015053124061925424,-0.06501770960720377,0.10252916305676442,0.06512584282789538,0.04065749353979343,0.03549741942791712,0.021581232386650266,0.272758399159419,0.12740370309281882,-0.08615739797872958,0.0553584548460508,0.0022036042928166863,0.016327292193837103,0.0029041638077739744,-0.0027005278227655977,-0.00343820117047531,0.09903257396047849,0.045486100465398006,1.0,-0.00702722469694316,0.0007428096127740806,0.00039502004836158323,-0.005848752215730622,0.0021046670702921638,-0.0005011992598112928,0.012003038030571869,0.02463700822640706,-0.024555411285710933,-0.00485234577721721,0.0042676193960918965,-0.0032064658841238674,-8.098307761249846e-06,-0.0003954104352771322,-0.0014647469694627421,-0.0032409226184786986,0.0051140832434230276,0.0004091637119851672,-0.0010063228929797447,-7.48961627804552e-05,0.02716097272351425,0.0013937903980968448,0.004463587998541684,0.004691107844226832,-0.021741586962699132,-0.013555324267050198,0.00011615175204634017,-0.0022550512947738916,0.0019681192796851973,-0.004322924231031405,-0.004891741360655173,0.0014865802417400045,0.004069021024304668,-0.0019356915192008895,-0.00166492749177838,0.0030841461999126484,-0.005382030515201648,-0.0011755750435502568
cat94,0.029807131537013084,-0.026863357105704477,-0.0017697400848812675,-0.01557798921534436,-0.010103524780567747,0.026076568503360258,0.03464312178045711,0.0020431395183563798,-0.0189632822404814,-0.018493405890937082,-0.03408058059072525,-0.026690227354784338,-0.02769543324672188,-0.018236008706603878,-0.01639863995091773,-0.0027187805365535243,-0.003587102659572714,-0.009389281933790338,0.008937539253165512,-0.0035637505164187932,-0.001244599162586246,0.0026980901815756336,-0.016533065343851717,0.008793836086484921,-0.011004522793518004,0.010071835302627011,-0.0004325629147249479,-0.0006350094189350148,0.004259441751603156,0.009650483134001728,-0.015711659871919508,-0.07158482137468213,-0.01297380110187111,-0.0011254040059856425,-0.031213548159698276,-0.007919503995566133,-0.00542839296233473,-0.005395363037789474,-0.007508938105281853,0.004947212874410996,0.009890335452937046,-0.08414208684614473,0.01172637577897044,0.014086732789178753,0.005386686702686581,-0.00880407338690287,-0.005407952647254201,-0.031785974321122436,-0.002637233588351372,0.03869200968125879,-0.0070555010965733895,-0.00022856586843308778,-0.008740156497070007,0.011290757393256195,-0.02404637970800861,-0.028013721011212567,0.04698132615612379,-0.0003437887789009502,0.009116213614267668,0.0024956303314257206,-0.008719446292266512,0.0008419264936174722,-0.0012706174789517645,0.003879844034744874,-0.012412377611360888,0.008033845257384391,-0.001445851251156128,1.4089626264690058e-05,-0.001803523056192606,-0.010887792564734338,0.02929041436394009,-0.028979095381894655,0.009971505101957158,-0.0013048654628028207,-0.2644262628439269,-0.02427873917730895,0.006963230668369441,-0.0009642412339841477,0.01660377691206112,-0.0005159383366684576,0.0206937126626475,0.017632624056808054,-0.05973393151527539,0.010533548621541681,0.00481446912953229,-0.11574551071173389,0.00594499136108511,-0.2807500936871643,0.034043299771927396,-0.0028619310257542332,-0.005302752419179741,-0.008546925311159182,-0.00702722469694316,1.0,0.06062662431556348,0.12668522857308556,-0.007434144010205363,-0.05665027364446612,-0.044575380984637036,-0.0029215824087820198,-0.03794994076606582,0.0031964245878628177,-0.0073059548432297255,-0.1745969249034452,0.21091970629247372,-0.05517712636427956,0.013863256993092586,-0.04693281771059576,0.13260232533475147,-0.10546042033502045,-0.013904667717154746,-0.02308302732957406,-0.26422436768893376,0.007153097897162475,-0.13444969700302548,-0.11218830034913826,-0.194850120074545,0.5350042153190587,0.5049548427205417,-0.2567805315636883,0.06415792322127516,-0.04690190405943828,0.2089716564789298,-0.09245546028607714,-0.18836967920639572,-0.044895760724301605,0.12419401072689061,0.10531603495370843,-0.12840061938053923,-0.039625147004673,0.09509878248284342
cat95,0.00034985251916253306,0.0041266968745106245,-0.002149107495047961,-7.497292157204403e-05,-0.012240823333860833,-0.017866056511017015,-0.0072746120492771195,2.9013642646509455e-05,0.0001489097556333533,-0.00033713672999576764,0.012875655211354892,0.019154728613302377,0.009590683494387048,-0.005177623928441682,-0.010267748701349012,0.006739753863906307,0.003857324846517924,-0.0011533548539032444,-0.019751509605918094,-0.0005807795577048697,-0.000179697027153295,0.0021874269969096834,0.002913413163321161,0.00561715317391554,0.008034207151385756,0.03761184280436733,-0.013212865302137217,0.0010131534943500912,-0.008022474621432043,-0.0038587635394774084,0.012086312026722754,-0.06147089470621732,-0.0029816287256611315,0.0059029972098806885,-0.025711778161656245,-0.0037937374530490112,-0.022710852779860756,-0.0031207447907635622,0.008854880188225698,0.00031886825885155346,0.007080394678055752,-0.07281900635364306,-0.006534699507660913,0.03511087237721402,-0.012104574590062757,-0.0009539495676039075,0.005819648703793733,-0.028899019386691857,-0.0021381561335016125,-0.008684336685201063,-0.008475388907260009,-0.009488299340721214,-0.008504259962562821,-0.008862486647345671,-0.02121034961734562,-0.023765240925191413,-0.005837154145589946,-0.0021134836675693503,-0.008092723786041181,0.00119450627680928,-0.0024756537050967774,-0.0020904940848264016,-0.000976260244035825,-0.0007472120680878652,0.00022502339806878882,0.0028671798780849026,-0.008440536247756886,-0.00013432823108631322,0.0033573909197889863,-0.008444754032864554,-0.049312684728365204,0.015749876751994803,0.004746442012207814,-0.003863448823355054,-0.004912631896787903,-0.006293215967710109,0.0035612197596537917,0.00063617129267059,0.003780790355526471,-0.008057770267672161,-0.020872891858595442,-0.004263371670826113,0.017742502190336833,0.008951054437444327,-0.0011179381943749506,-0.4774583259651936,0.008339206522888576,-0.2577318192364325,-0.0074720706580621785,-0.0017799588693454436,-0.0127373958583629,-0.026676090743526306,0.0007428096127740806,0.06062662431556348,1.0,0.050319539097563544,0.18145966602238592,-0.2522443876136646,0.1433637109768608,0.003984283296601108,0.009919038808102116,0.0014281990496266851,-0.006749903015742915,-0.290815532092887,-0.09186070933702434,0.20573692098819174,-0.24883039851097566,-0.3709662919059596,-0.07897919832517061,0.00993165913523098,0.004150980887834514,-0.005650646058416182,-0.05987865512032058,-0.013549426469118586,-0.27262096358015053,-0.27578032459492224,-0.05891949983369076,0.02321300453115765,0.11349174867915082,-0.0691131625685924,0.17228745651519262,-0.29024081919387573,-0.2589098633518944,-0.249070190806337,-0.11462329697511894,-0.15399837369075403,-0.2664477720273358,-0.2738057057414926,-0.2882635588630283,-0.04029304568429584,-0.04264603967822771
cat96,-0.0006902779964296957,0.019355993109374896,-0.00047317661416103817,-0.005749485897213735,-0.015395495302752861,-0.010790026203220343,-0.005551384412033868,-0.003349360606155337,0.018898311908817887,-0.0006582364944873141,0.00782152960974495,0.010882523918545205,0.007307424954101532,-0.009150866637401823,-0.012818974062390494,-0.00014393561735547017,-0.0009931013619925138,-0.010745619487736415,0.0022369930614249385,0.004660390240391464,-0.001678743206865605,0.0004097095633926643,0.010313591220513169,-8.682856188101371e-05,0.0017207457427189969,0.0035730343418961413,-0.018068882509166447,-0.0014600094445775833,-0.004186423643152493,-0.0016664783504798156,-0.010562401134830082,-0.06633648489945725,-0.007846508639451598,-0.0023368219281274015,-0.03634830632767352,0.0068273481081376885,-0.028087238820558594,-0.0017564298032295316,-0.005557177043845161,-0.0017572008657370092,0.0030744382798692876,-0.08493224701793906,-0.008183891164967132,-0.003879305504263517,-0.005040267668070367,-0.0020867544643146593,-0.004435950402456325,-0.03767578665727458,0.0012085900836319283,0.006934472362177274,-0.010821921134826157,-0.004315437348707794,-0.023961020385547985,-0.010693007887433159,-0.03435058330425183,-0.03406106382887213,-0.0007825084871279217,-0.005664677785567466,0.0005293378960750657,-0.0033965955964128775,-0.010436066208700589,-0.0009118701781623071,0.0014375117263947836,-0.0062741541781441605,-0.0046153054962997046,0.001886146344837141,-0.00937455145827707,-0.0041268044356349886,-0.005247633365370928,-0.00939451952493838,-0.4021395211672448,0.012315808181299917,0.009134332175231007,-0.0016191840563753478,-0.02975745499967656,-0.01348884277917604,0.0016619370415328104,-0.0009252329970245655,0.0033259247921653477,-0.009558951775542985,-0.0063436775736417155,-0.01057017930313328,0.003141377659072295,0.020960977656369343,0.0008212534527626983,-0.16070712305464266,-0.0003389234886715834,-0.24685007229285255,-0.0067525017335871625,-0.0022637649686902146,-0.021428010269750684,-0.04586654053073711,0.00039502004836158323,0.12668522857308556,0.050319539097563544,1.0,-0.10062459999819652,-0.0992774593698616,-0.10914649450485679,0.014399061171839438,0.011787136128095985,-0.0037494887857594987,-0.018128380181995446,-0.3316491232198268,0.04360019464821151,0.20941603245618043,-0.011557844170873788,-0.1010464365676958,-0.007572242102278393,-0.025172809913381933,-0.008928234115955327,0.0006506398030337653,-0.14684191438215638,-0.010433425935981658,-0.1603175410053735,-0.15197349505133811,-0.29412346944645046,0.019376828413800593,0.24515500864386944,-0.1703901370549185,-0.013708032326875294,-0.2670952854703249,-0.10007560263342606,-0.09978686526490695,-0.2991607706839977,-0.25235439844237245,-0.1659645344864819,-0.18235811104702493,-0.2292763002204791,-0.024889447175166547,-0.015567904981314261
cat97,-0.01911178720773211,0.0066509726001355305,0.022150690685696594,0.0002655221848386597,-0.0034217064747918704,0.004065019885365181,0.00555734339568113,0.005441155105366203,0.007700356279907932,-0.0014685916387286184,0.00019536047331570897,0.014836512743137582,0.0015197354070668697,0.005508930762322323,0.0011418411766232627,0.026936732896773487,0.009445598963466825,0.008418317269330873,-0.003380509906892139,0.0008008159113799203,-0.0024608375522654265,0.00023766788379305713,0.004047500291405866,0.004586314420900469,0.005787369110517819,0.0011783398458454887,-0.00227273996140101,0.004198725953702428,-0.006271455409350602,-0.003035811598445403,0.002437912060696945,-0.02336679642228107,0.0004050417691851406,-0.0010365685647975107,-0.007740338274933516,0.0014303445351557052,-0.0043742993422367545,-0.0014651891542786738,-0.0010476943988219642,0.001811457602798729,-0.0009024906897137059,-0.025107465650854588,-0.004698862966092059,0.0004390173940042174,-0.006668881124980129,0.0036494237589854207,0.0009590113929844471,-0.009536269331038166,0.0008471407757152495,-0.0002947446633795375,0.024740628863578435,-0.0030209577679525296,0.02112374653388964,0.004321479663939357,0.00028130693151874825,-0.0024568970522233927,0.004727822195828148,0.00046306792145883524,-0.0013589058508380982,-0.0024558776636042895,0.0037875483230083423,-0.001482407343969703,0.003276403299123437,-0.0019939764353024904,0.00450043713546355,0.0037735220778987422,0.000863248618646727,0.0010797616824179735,0.0010211315951609839,-0.0021768099495108723,0.0965637713703005,0.015103821302878597,-0.01504817738239966,-0.006860964110964518,-0.020242398503808684,0.01395174560320114,-0.0002005647902168987,0.004105853103158324,0.014261576003515597,-0.02099209412317917,-0.01908508781371444,-0.015940568856766524,0.012442681075067838,0.010916446623672768,0.004432565359392261,-0.02836037827798254,0.023983111275525902,-0.10337116214166614,0.004029757137380156,0.022716170926552523,-0.007489073981326803,-0.012848402715117821,-0.005848752215730622,-0.007434144010205363,0.18145966602238592,-0.10062459999819652,1.0,0.1468044673737739,-0.03073283203387819,0.007459983289293295,0.007250941137910257,0.005373881214895581,-0.004634794565300684,-0.2429899489604662,-0.2653754136605992,0.35061653768985007,0.1747490852861037,0.03496077913742034,-0.05719264023642591,0.07276722515032887,0.0017281013326199723,-0.012725251357762627,-0.09272862691069257,0.00862747558390611,0.11300221803097757,-0.3531202323101686,-0.24728505230905304,0.04526262354452341,0.030185151196726226,-0.11659353272887461,0.06248189811486287,-0.22627136290167704,-0.29272376256385996,-0.1235980756381314,-0.17209752828856067,-0.2282913642277554,-0.3274696011469248,-0.32541560856331153,-0.007533374151890046,-0.019558066919746358,-0.007030659543900429
cat98,0.019608511744355673,-0.05356627010282889,-0.0018444749700946472,-0.02470554521727713,0.010444470419600626,0.06155728148061109,-0.0068045974377441395,-0.03363944234542968,-0.044762313619174925,-0.030446124597837323,-0.04173022643280589,-0.07142474797615453,-0.034024662172589634,0.0026577920445397005,0.006800350147336786,-0.004026181543562723,-0.011684175910104752,-0.0024295105088362402,0.015063328158604467,-0.0014034457421202053,0.00039253052933307546,-0.004272849345113633,-0.02693983307873683,-0.021999142243990296,-0.016212226399187298,0.003784081622128366,0.0017243372237047572,-0.018276617070125102,-0.01262836003868989,-0.012269434684175951,-0.025761327354270034,0.0409376214346871,-0.00856554326745339,-0.0002161725729109976,0.01735046914274324,-0.012499747713608223,0.028131693158425373,0.0098352425465291,-0.020584474019791337,-0.027106024941811458,-0.02749375418710367,0.0483425942770803,-0.007892424604768895,0.03306260360547461,-0.010892498018034928,-0.0005291273070891135,0.011412982948542977,0.019712146050804284,0.012112166146049114,0.038568701156081214,0.05401949753606567,0.014539456577184954,0.05663391714979662,0.019945875507204988,0.014177522925392249,0.015739765778050967,-0.010136363144868385,-7.14618018935835e-05,-0.0029987681883221055,0.001609277639822097,0.0037077726650253887,-0.0003332826509942459,0.0017474792471669812,-0.000670007957997175,-0.00973985244988415,-0.03709928743822254,0.0039429677094207265,0.00012228407588390093,0.003127057873021213,0.005592977195095156,-0.05556283840565251,-0.012515826013797339,-0.013738987613378722,-0.0126357946600358,0.04175092613362332,0.028271316406432715,-0.011548233178955319,-0.0036798268405886653,-0.03646320914046947,0.05247137637912852,-0.00904759695163377,0.0032961146084396725,-0.005866823978753262,-0.0284789161510548,-0.00624445074643442,0.8867738969615023,-0.014864545298751329,0.17347739252518773,-0.006216001815717372,-0.0019067032326786002,0.027416817588734564,0.026179068493909864,0.0021046670702921638,-0.05665027364446612,-0.2522443876136646,-0.0992774593698616,0.1468044673737739,1.0,0.5501739610322339,-0.004722134733637877,-0.05991457356474192,-0.02986347142331465,0.00493449290843851,0.4340346353190802,-0.13980575915876836,-0.2951980781294622,0.725782598362391,0.7612718910547143,0.10265035305245661,-0.030906057730134436,-0.024294703048967747,-0.005594423174544522,0.05743379802479628,0.05492406381943342,0.7750786994911948,0.4205577296091494,0.2950290418921462,-0.003668075471070236,-0.2861400119548864,0.07251699778294994,-0.07816581426891882,0.6568461631274802,0.25260529568870943,0.3395392944784245,0.38887544711675315,0.5645145630205237,0.35949887796006263,0.3606605383100513,0.8586523426987457,0.012543379948789768,-0.016548419700952034
cat99,0.01300786780913953,-0.042953453458651224,-0.010305452101654915,-0.013020305312764416,0.006853544647423385,0.046041027686467846,-0.01415447818959883,-0.030393085587323516,-0.037326631749462984,-0.013228863636573815,-0.03174656322417922,-0.054815357376432505,-0.025319900460852862,-0.0016897245459485362,0.010067950424335392,-0.007145097776805202,-0.01220139328413578,-0.0043999887557067624,0.00019570519772437264,-0.001610385123359942,0.0026216069660263868,-0.0016589394134518814,-0.020402741689462444,-0.018454270192482494,-0.014044659625132027,0.038713293164907826,-0.0021909025693186033,-0.019011866588492753,-0.01659107928190202,-0.016120371454945586,-0.014017471783776499,0.060274743611560114,-0.009544993102455938,0.006031481779512047,0.025211457290443415,-0.013910634148105918,0.012504136656421595,0.0004772268627663575,-0.013555923525661087,-0.027301115716943037,-0.02417786762327601,0.07140203439352814,-0.010920564812376314,0.05356873996855127,-0.017918055051895303,-0.0041068596597139476,0.0097751325852864,0.028336678561181713,0.016143053313902256,0.027400768493432714,0.029073547516128114,0.021368494119782762,0.04089916860226645,0.016510181320064304,0.02079762123533419,0.023302797372297828,-0.018515529849341832,-0.0011026490314034643,-0.007646789526420185,0.0012856780599522707,0.005779377485986048,0.0026493315447881256,-0.0014326424855816658,-0.0010760133279012893,-0.0049077739369818175,-0.0357801607582537,0.0029448514361431655,0.0023459576388704206,0.006510702459733479,0.008280429081538906,-0.02793561220455196,-0.0015780009396417069,-0.013469356769061696,-0.013720775770948162,0.02960746739133109,0.014456681846273686,-0.007279308489471389,-0.0014763187042893795,-0.031149797884612113,0.04762996715077969,-0.009583134817415207,0.005922005856784954,-0.004756151455558707,-0.026776407398684227,-0.006105396422338379,0.6314643330625698,-0.017283531212335657,0.2527723321271443,-0.013122612072605386,-0.009907266608127878,0.024026292184019138,0.01873859361242589,-0.0005011992598112928,-0.044575380984637036,0.1433637109768608,-0.10914649450485679,-0.03073283203387819,0.5501739610322339,1.0,-0.005826407678755465,-0.044389239686543944,-0.026130285995644254,0.004582301394202534,0.27966014974686826,-0.22619967266850963,-0.144092269825573,0.4948196713449501,0.4913978249889782,0.07658375776761324,-0.024789848270333932,-0.011740082859599535,-0.012899468328346807,0.05009314842352394,0.04333058707388288,0.6469565635848356,0.24062283544473176,0.30560133254883326,0.029270787795968166,-0.23504508452152575,0.02083385147528207,0.00807871328011141,0.4447626863916819,0.10381344661005294,0.27703233779494385,0.35264285904370885,0.3485823461807896,0.17906844901793328,0.18437290268295947,0.6457073313479629,0.00506567068584657,-0.03430253804017802
cat100,-0.14457011117066032,0.10372398425158431,0.05715625833293333,-0.0421271169654682,-0.08032240811857733,0.03105736195727865,0.008569663833892604,-0.08338998000317384,0.1054759523310675,0.12402269303554261,0.060049171030890754,0.126841127866678,0.060165855983332975,-0.02128526075241648,0.001365384195138668,0.058942322014010194,-0.0016816297563807593,-0.014860173920266083,0.0382997717251129,0.00974506490617811,-0.008360026610186637,0.0027865536911994247,-0.011488670584044508,-0.041330429347470984,-0.017304924347870298,-0.015530518470671774,-0.01771929383963892,-0.054154688194460794,-0.020829299407922035,-0.012270970588518008,0.0012401598224950755,-0.009714745936186178,-0.001237491876763393,-0.002069994067932051,-0.009634874878788975,-0.023666787702743892,-0.04296884520711097,-0.04309567423896913,-0.01717409210603961,-0.06706437180001171,-0.0568294709091683,-0.0193086763340061,-0.035894860163026815,-0.04441823861885742,-0.0415423444121262,-0.010837287554930304,-0.011561204835026354,-0.014212663287716028,0.013603186096865512,0.04320885293997142,-0.010054324797836078,0.015193121927306444,0.06391722437704862,0.018250957447122056,0.00010994398205207764,2.494137472913635e-06,0.011835936524216625,0.005333331790580866,0.010686924094154705,0.0033044574081321195,-0.01571648245751854,-0.002631948502078775,0.005762272555405275,-0.00034541862736077174,-0.013833005510735697,-0.08528668343615484,-0.02507438944947214,-0.008175200157319047,-0.006005263198103893,-0.005986229096110812,-0.006056187392152548,0.13545502770318474,0.10721989041879935,-0.014364935027238611,0.00922353182553418,-0.013201989397562711,-0.007646223565778748,-0.0038263662512881555,0.008874657017817717,-0.008747514727556006,-0.004897896759517571,-0.05421577160709105,-0.002438495824974741,-0.0072862714676256045,0.006491862293882366,-0.007963839418666992,0.0385845999602953,-0.013853952637559817,0.007883207774894289,0.051050016958091984,-0.00690387843476354,-0.2928539371053595,0.012003038030571869,-0.0029215824087820198,0.003984283296601108,0.014399061171839438,0.007459983289293295,-0.004722134733637877,-0.005826407678755465,1.0,0.13096390803510827,-0.07571860123773089,-0.07964834024637987,-0.02551311081372925,-0.013377515866377197,0.025819096748957097,0.004272040130035001,-0.007580760975848725,-0.00557831085847516,0.004900350187195493,-0.0420437307970917,0.008855621816768055,-0.016977520808826817,0.04878948092643212,-0.004941141734641088,-0.022211301889488427,-0.025817062634530395,-0.01164598885601285,0.005881071849820675,-0.019407791030724916,0.0028896860948143858,-0.02500680990782121,-0.020116913514635112,-0.018618427545201204,-0.025836254876802286,-0.0243038950890044,-0.026121088621781006,-0.026685751593396305,-0.01435966214882915,-0.013395794825785899,0.058216523313800776
cat101,-0.18254042754524544,0.7625680170831315,0.22220633335772347,0.011613520359955103,-0.025033643065380973,-0.3528094782653427,0.12325458925643681,-0.01291778742135482,0.7520220510426427,0.7678706537512888,0.6506833065555894,0.7687805672540018,0.6285053320951649,0.17812276737342383,0.0315750397057381,0.2875045343151714,0.07361408964738718,0.019597980012044165,-0.04112172417754318,0.03739901771012643,-0.019144339760652086,0.016888308558996815,0.23985267526550158,0.030002249164917484,-0.05588923602960102,-0.1298025593811349,-0.18804547306516287,0.042267970573416344,-0.06892502639963262,-0.07202199650575447,-0.05344936332314336,-0.03745095358194106,-0.01867453933537584,-0.02467834095459741,-0.009863108692195796,0.219096518683803,-0.20044976085399868,-0.07060984180680352,-0.04348444239865468,0.027414644081674155,0.012988711732154318,-0.04585101021973897,-0.07825787837759032,-0.157002436110935,-0.07247345938757255,-0.013082752921951582,-0.026103324406598783,-0.014028024869356566,-0.11918366097458963,-0.32874139194076996,-0.043436670807212564,-0.11475549672403516,-0.15291675053946258,-0.0812260584384433,-0.010865634639306263,-0.011685720712889638,0.13879709887439937,0.02200526499590135,0.004846570097503172,0.01221454149588778,0.016038286185075728,0.004933122873310024,0.0029877443484350504,0.0078001968071914,0.0032238410626227298,-0.02199823389894165,0.01779294407617021,0.0031391405646148496,-0.009735033122126953,-0.007118649248267594,-0.006866141413041713,0.1885738178358898,-0.1409427415251897,0.005150072432727385,0.034285122234111336,0.021180843719467296,0.03497584481597503,0.0299842777297595,0.24651213839639424,-0.29385437299104794,-0.05698309630013533,-0.07134066214313468,0.011035249194176774,0.054480486975364534,0.04295000107190312,-0.05514884020707582,0.3301504793175727,-0.023364407329311512,0.11722679095744605,0.21781620337963523,-0.03440232551221816,-0.06707409596831056,0.02463700822640706,-0.03794994076606582,0.009919038808102116,0.011787136128095985,0.007250941137910257,-0.05991457356474192,-0.044389239686543944,0.13096390803510827,1.0,-0.0153445177221658,-0.06675938945083315,-0.04776344781638086,-0.015534943621897484,0.05809765820463114,-0.0283508384974809,-0.044877633158588594,-0.02645497387283389,0.01592914386564233,-0.03270257610553932,-0.007739635424823221,-0.004494478216427112,-0.28582670101742325,-0.03664726465619383,-0.04849619588108352,-0.05040459493805507,-0.0410723894707816,-0.012316197258415703,-0.004969867495262624,-0.009906382936736827,-0.07116362656111908,-0.05663669107637006,-0.028898513012049286,-0.05487165010541141,-0.07504779745406745,-0.06210542457859153,-0.06208781346385717,-0.06162166045051157,-0.017961747882987086,0.35264610553406184
cat102,-0.07760140150047767,-0.0027924725230197294,0.11519764724749008,0.002674364754387418,0.012341263420284769,-0.053025102176531835,0.05602087151549364,0.9007994110158828,-0.0033173851237402294,-0.004786066497176057,-0.016668337092619414,-0.015028348602657723,-0.018191419745837302,0.04090081925899715,0.005140522118657595,0.04390119244982523,0.0803269884636174,0.10871975638750897,0.07744986907160213,0.014449331714546624,0.05171031722047936,0.011924173345719614,-0.0037913104953687187,0.06887469531980245,-0.011586120403020357,-0.013259737659080437,-0.023709853897807595,0.09819609105625038,0.06877671674345953,0.03591843380524405,-0.003161574194192537,0.004014439879550738,0.014261061202964345,0.01594763253523096,0.005846503561461236,-0.001398905279696436,-0.02814328681766731,-0.007132600867680372,0.0014816596396875351,0.11568999338552664,0.08192508522120241,0.0011494191459084605,0.04506483902792048,-0.02010358987256939,0.07863756012029624,0.01348670977707685,0.013267158253466424,0.007626925159973079,-0.016377546521704825,-0.05207190397400549,0.012290079323807573,-0.015493708195397526,0.0005347138144323946,0.005912963100414475,0.010890220734650164,0.005162723193885296,0.019672061778734793,0.021759561531744097,0.021570449089762102,0.0364210267057435,0.06590033709059659,0.022537998926449285,0.018599405900574652,0.034243846323759916,0.5343336695366316,0.7941542836690023,0.2396685640709122,0.13320254879917123,0.15219215590159677,0.04382345621799868,0.02220447120533745,-0.025308886332386753,-0.07502068129379608,0.04047053999001736,0.007227938129117196,0.024430476019789808,0.0125940412700742,0.02040631798442593,0.1357535615626094,-0.1932604302317394,-0.017405168621665443,0.014417092738104254,-0.008115580057947604,0.02186335232892566,0.02015494834365713,-0.028569545553766524,0.12847681011301643,-0.00983316374069335,0.06388719299690895,0.1274205506223013,0.018620427499778443,0.16722465928942584,-0.024555411285710933,0.0031964245878628177,0.0014281990496266851,-0.0037494887857594987,0.005373881214895581,-0.02986347142331465,-0.026130285995644254,-0.07571860123773089,-0.0153445177221658,1.0,0.03750627655176674,-0.01255446282183368,0.018042185965326644,0.007770533677360339,-0.007271483264075654,-0.013607590464738233,-0.01202500257591146,-0.001707099956681139,0.02690072187929424,-0.009095704625790265,0.008952606695981104,-0.03844180206632711,-0.019831137082010165,-0.010280588816173254,-0.027164837990087374,0.007230333879497837,0.020539862267784724,-0.0038413414060364777,-0.006436364263784424,-0.02042157724442506,0.0027705333833065414,-0.002265299928899917,-0.018484962606115398,-0.026121708316932474,-0.002326758724497605,-0.0027278488784543437,-0.026538701422378193,0.0015797694910029047,0.0821085078145395
cat103,-0.02577680509803281,-0.08743269573863013,-0.03516662612351824,-0.24932998030409917,0.7845866910253383,-0.15961111921901755,0.03250835392463069,0.037663261993725244,-0.09685264744662529,-0.07521048840083806,-0.10906190420418337,-0.051365827135156535,0.10114272819356897,0.030573653865036077,-0.0031042573655492224,-0.026435266963933265,-0.0013920080453983814,-0.005747663858860177,-0.018788690559544775,0.004301958888071145,-0.008927001189463192,0.0016201714767370057,-0.14713246434598906,-0.05076180296785964,-0.13641414156740983,-0.113046636814553,-0.14791916274667155,-0.0465521389289555,-0.029609107251708833,-0.0408747101825781,-0.07135186841658743,-0.025529474857163954,-0.02719509645779991,-0.02079355657636942,-0.008528440382992561,0.5601368669628599,0.5213717993693019,0.661165568303919,0.38386916907298185,0.4456968228517843,0.46240121526854683,0.1741229451679481,0.3776774214885218,0.5975415317936944,0.3577268521462981,0.21194361009007573,0.16845242891885254,0.10513546032133024,-0.09622861933744672,-0.15825850956628867,-0.023909041825628363,0.018488855730189276,-0.08721692641416919,-0.03910565217239945,0.00343346293826362,0.002933029381824887,0.029902579923227812,0.00900670220514328,0.00647706808579248,1.5553870691600357e-05,0.01985038255566585,0.004815154721097548,0.002964250961351042,0.0069877704744652665,0.03267209831177969,0.02353931394483942,0.008663537602980628,0.023167550890112874,0.029348101987897023,-0.0033102878804187404,0.009337237328318279,0.002057837746064903,-0.0018680360037107322,0.05485488916948258,-0.001012790208855285,0.06163406923789111,0.02913649037499377,0.027285652247378184,0.09778526002319417,-0.10310581881376919,-0.17376183830053593,-0.005507194120477205,0.004870643137100919,0.04613873879034368,0.01705448692784495,0.013882466159177187,0.02220938158599115,0.03612566083428202,0.033459219918991374,-0.028841746009961866,-0.029683921726898092,0.0604256981298917,-0.00485234577721721,-0.0073059548432297255,-0.006749903015742915,-0.018128380181995446,-0.004634794565300684,0.00493449290843851,0.004582301394202534,-0.07964834024637987,-0.06675938945083315,0.03750627655176674,1.0,0.028996620681398872,0.00675612978221389,-0.019841803884876507,-0.004125394329193959,0.0046500119480580296,-0.0027938984031247627,0.003680222869863599,-0.20775748019578547,-0.01839906456454274,0.020627747249270634,-0.13446560778134384,0.010348551479957306,0.021913035785510696,0.03648838125965439,0.015508387519240824,-0.009854842111334557,0.026372934997797026,0.00328766620909155,0.0274898338036185,0.002824287799235118,0.024261880033264006,0.03980549287740992,0.035331545198105156,0.02355988719919542,0.024776839412611197,0.023369359105395237,-0.02020253811586153,0.15388311396444435
cat104,0.031677895356199304,-0.052549376796429556,-0.0258437271475324,-0.004734904351760297,0.032537587840695215,0.03691239171356565,-0.008817195877964104,-0.012634759469887112,-0.04557521737072197,-0.017693053234028682,-0.029065978825893776,-0.06328312449887281,-0.02343245962232851,0.009239678689360596,0.020454785530703644,-0.028453862015004588,-0.013535680938695407,0.001702601099674932,0.002578764293778287,-0.0020281626953469398,0.0006410915202142612,-0.0026542612619182998,-0.02868325543763563,-0.017764111757295656,-0.015258292226145729,-0.008028757611566047,0.027614543591840145,-0.012170264799262198,0.0031333438498804614,0.0017032550479400116,-0.003758894949169587,0.11950331413016774,0.0017633758910851974,0.0020562991594493727,0.05642854494330865,-0.016140990533502438,0.05784347921992469,0.006485196570370189,-0.0011178189104681488,-0.014812933964103062,-0.017847740989934618,0.1440063341293571,0.00952855181583467,0.020125805023528984,0.00859190036172468,0.0043817123737196866,0.00823009089040689,0.06129647178685704,0.0019137833039471208,0.013319289561824222,0.015139377800857706,0.015056095682610598,0.03139266135336447,0.016939457352037973,0.04376143348075061,0.04844803003305662,-0.01736579657578485,0.003228132926059536,-0.003090224359470498,0.0074316727073668876,0.00930120405552947,-0.001426346532063998,-0.00010548845998758553,0.00032906721332064343,0.00015225179271240353,-0.01936302707397912,0.013525925818479726,0.002193902395068218,0.0008173732260482225,0.017856177820587057,0.029923920045727834,-0.046805425588179045,0.0005260457938254652,0.004415931399959996,0.08179306382036955,0.018129792964390094,-0.007630685033867248,-0.002402932741294642,-0.03940490483220724,0.05855943069494399,0.02050400226414591,0.02922710619567133,-0.011413506282090632,-0.049132930564538935,-0.004799272126544168,0.5299607983853796,-0.03609101199445245,0.46720669076705534,-0.007406992788339924,-0.0231630401194098,0.04924481443874727,0.0828253898692585,0.0042676193960918965,-0.1745969249034452,-0.290815532092887,-0.3316491232198268,-0.2429899489604662,0.4340346353190802,0.27966014974686826,-0.02551311081372925,-0.04776344781638086,-0.01255446282183368,0.028996620681398872,1.0,0.3255325903526412,-0.7532953763790647,0.08973376565761752,0.3877892836507157,0.11284896606294934,-0.022611510394246175,-0.0035994648387152896,0.013672982285465126,0.2602555550139142,0.029828793130692657,0.3759071554512591,0.9181927248532665,0.7675815296766131,-0.13804576534169646,-0.5161783100754375,0.2984677510621781,-0.17186369905034463,0.8446301209523991,0.552285238123439,0.3641977625586321,0.7736364969314761,0.7834829121614274,0.794478075210216,0.8139092886049506,0.631631177856326,0.07151111838481448,0.03198536515539222
cat105,0.02497444134890664,-0.013904208676335881,-0.004815418764856569,-0.0020434860751753934,0.004710798855309445,0.011317645498573642,0.013744260311623919,0.019692353394841752,-0.007871689342323261,-0.006308159859327854,-0.009384693258703393,-0.018170696004879208,-0.009679101344303036,-0.008660467220468938,-0.0011564651661882062,-0.013921830893224926,-5.637481790120131e-05,-0.005218569712462247,0.018948766650397214,-0.0025575137476018662,-0.0002801078590773369,0.0007799459781147368,-0.010095876870138396,0.009816733954296839,-0.007994688792982641,-0.007693831844523806,0.01135143781412119,0.007291495349414119,0.014758534158531568,0.018292629366149907,-0.006258354503889896,-0.011202593270587702,-0.007006538710801149,-0.004232161174545492,-0.00656120850346018,-0.006312921852790661,0.014382107881891067,-0.011616517925482876,-0.0028067338302170757,0.015328505174636119,0.016901002757382277,-0.011939398145799912,0.025742440738872267,-0.010311921558784236,0.024621457238741033,-0.004214655747366705,-0.003408756059266018,-0.0010837947180391565,-0.005656254797982502,0.018036281346082254,-0.0184972347977358,0.0007692679479888014,-0.014103484147847819,0.005156595681180205,-0.0037151310993768965,-0.003864855613439783,0.016289111891165307,-0.001876770894471875,0.003411427810572456,0.0021033119988577184,0.0014012665594714956,-0.0017545559199195256,0.0008041790026591852,-0.0004367002614581546,0.0010660687384930507,0.022981337757687306,0.0018302214379227848,0.00044285713883614094,-0.005583052276172403,0.000876665285587366,0.05277456335889988,-0.04118833071194025,0.017469913689157027,0.009014223133770037,-0.08940626882227921,-0.02127212321248174,0.005444641205528647,0.0028842735708483717,0.008553539549660599,-0.000468271260340166,0.035757619772750646,0.020660695337597807,-0.03993923898972555,0.0008918449683698137,0.002769563997770771,-0.13674348971031147,-0.006774747924976545,-0.040338538530894426,0.013240050052903502,-0.004449466707095768,0.004517195611784682,0.024498890612997676,-0.0032064658841238674,0.21091970629247372,-0.09186070933702434,0.04360019464821151,-0.2653754136605992,-0.13980575915876836,-0.22619967266850963,-0.013377515866377197,-0.015534943621897484,0.018042185965326644,0.00675612978221389,0.3255325903526412,1.0,-0.33256699151465474,-0.2639267563925797,-0.045627800118252355,0.08130149415977266,-0.0959281248869572,-0.0003247932257182063,0.012188270776597447,-0.07283376248423128,-0.0010276286328455796,-0.2848048188224362,0.4171880051937092,0.11665295719592951,0.13423822873470057,0.3816840021978738,-0.05323686173782787,-0.060177935030139774,0.12368351220125096,0.4404626181776108,-0.01788867036063435,0.08528379983450775,0.14581665968283886,0.6719408764812242,0.6655517779816804,-0.1528817907926507,0.02493044158826309,0.11527333216931973
cat106,-0.04836898732732178,0.05823870844585423,0.030588423923687148,0.012874493147520124,-0.019618208513657018,-0.03422446922428771,0.0054765155579206935,0.00848478419954959,0.052325008303067945,0.02439354242737348,0.03194028190858002,0.06948708251893414,0.029987766514818673,0.0036914536720017706,-0.008806496344529366,0.03581573448314094,0.013319219979985362,0.004350924606974496,-0.005452716421556072,0.0030400750080516632,-0.00013409708756532523,0.002997248926415377,0.033294844833166214,0.015375702823887272,0.01894834295103593,-0.002623627730047288,-0.02028979812186294,0.013437783041554663,-0.004685644172871494,-0.005839810579081907,0.0058310752874445055,-0.0619289264966723,0.0002337653268645936,-0.0029070528617860256,-0.03162808990402156,0.021155745425449488,-0.04571755014990619,-0.004691698679265646,0.001501472760980529,0.0141908931893566,0.014026971416782455,-0.07664724331745826,-0.011359704020654645,-0.02923863728797034,-0.008413076741032616,-0.0008691564217778451,-0.008074679917028203,-0.03466851827884396,0.0017943071100409386,-0.02040073586411063,-0.0050839760374510315,-0.010356671438655922,-0.014495326092712655,-0.014856000523781892,-0.024129727799183202,-0.025343297740467213,0.008733187038643933,-0.00023021554511623763,0.0008748897382440004,-0.007931772798712319,-0.0006060740981960291,0.0011109344131188426,0.00125891836775965,-0.0029886474576947724,0.005694619290221814,0.010607845829974934,-0.010231369645813507,-0.00027690750790800245,-0.0009749617442306792,-0.009020527720636436,-0.13398967530319902,0.05809960629131995,-0.014341419633606288,-0.003935070512140078,-0.0008666882995904284,-0.0052777267875022274,0.005311751093386633,0.005519957859016046,0.03741990428236905,-0.06080606551208422,-0.03572299084559677,-0.0384559631396801,0.03084717770426671,0.03625347861651215,0.007336419539402434,-0.3216979084809251,0.04037309661946303,-0.2440896431897357,0.004103816659790669,0.029168032747583676,-0.03851488265491095,-0.06944319571369291,-8.098307761249846e-06,-0.05517712636427956,0.20573692098819174,0.20941603245618043,0.35061653768985007,-0.2951980781294622,-0.144092269825573,0.025819096748957097,0.05809765820463114,0.007770533677360339,-0.019841803884876507,-0.7532953763790647,-0.33256699151465474,1.0,0.1518249629018474,-0.2073636891254689,-0.1566270879680271,0.10472243792129489,0.010798709656027238,0.0023893515049442553,-0.17367562802064948,-0.020721600520271364,-0.06415191563258298,-0.7767204537629088,-0.6997107067030646,-0.005193728752782387,0.17533700050352913,-0.1917809609269842,0.146386682129379,-0.8174283122767103,-0.746291540306791,-0.26395156049250584,-0.6587575738788711,-0.7405604900820179,-0.7884123942745294,-0.7947175283967617,-0.3810030153212135,-0.020943869769646475,-0.06559161577542434
cat107,-0.01278979977766515,-0.015939965818334702,0.02292235490735612,-0.014517557579106338,-0.0019135221697698067,0.04325251262620394,0.0045010654229199806,-0.00988605948138008,-0.009662535153136314,-0.009495419374760719,-0.030554707360568686,-0.03747016893658895,-0.024534982439095337,0.0069690189815446914,0.0008273296703566826,0.022473925502780042,-0.00027466793158803597,0.002316857220309886,0.01650739537039975,-0.0009931459664756052,-0.0008224201869051312,-0.0034098017300213408,-0.0043292860477252264,-0.001862138632474989,-0.007669114455911778,0.0012728599954153392,-0.008308012238503078,-0.0011324741138687472,-0.006870176361597776,-0.0067750619689529315,-0.02188857860105967,-0.0008218602975142862,-0.006015295702775838,0.0024441653154507587,0.0018511951785971452,0.0010206159584667245,0.0009899872876220463,0.0012692048565479182,-0.02185294710743795,-0.009376724817255627,-0.010186146917584247,-0.0019183011636656653,-0.0035810604578986657,0.010129719022646774,-0.005731550460686247,-0.0014121222365747787,0.006769068143039887,0.00055448035794851,0.014302530706721453,0.03016875636199522,0.04949863967682565,0.012152068008432947,0.03695945645899897,0.012596388335154324,-0.0017909806878750425,-0.0012369899869414504,0.001545580036853758,0.0025270465861712233,-0.0002323874120302114,0.002527544612336977,0.00605703801246519,0.0027872597762130906,0.0009897523601175094,0.001044953719156747,-0.0016679344088396744,-0.014082343881195383,0.008729105678047732,0.0018055071681842459,0.00470345069944781,-0.0007902019229023905,-0.030941477383760463,0.006652922776251301,-0.026255145334906946,-0.008886273126123253,-0.012228742429810988,0.025961546318844904,-0.008558458810896463,0.0004894518071169565,-0.002708771453386963,0.0054664011793466505,-0.01960638414864223,-0.011816529154210002,-0.009809016574632812,-0.0030978353903318326,0.0010612131619955056,0.6988877063109696,0.015598836783612626,-0.005354778247941085,0.004939176732700963,0.022118573498367475,0.0064901150062419,0.0030451377910256897,-0.0003954104352771322,0.013863256993092586,-0.24883039851097566,-0.011557844170873788,0.1747490852861037,0.725782598362391,0.4948196713449501,0.004272040130035001,-0.0283508384974809,-0.007271483264075654,-0.004125394329193959,0.08973376565761752,-0.2639267563925797,0.1518249629018474,1.0,0.7212276402130781,0.015796072891145943,-0.00041263972765611984,-0.012336247749832899,-0.010249245260536652,-0.041398504695149115,0.041066916895932525,0.8292413276525948,0.07268624270120701,-0.20296725823166617,0.09254602403879379,-0.12031410960055569,-0.0922795090150863,-0.0732682398041419,0.30684522029902817,0.03236442780301997,0.23126642911937464,-0.03733376166711166,0.14740712957428517,0.04308721186542431,0.04110971107387997,0.7007341603857979,0.005734172588367388,-0.0005086719938596561
cat108,0.00865845891579276,-0.03395404593967174,0.009938991770610733,-0.01559172450483661,0.00879325903827161,0.04802641347102684,-0.0017352970265022655,-0.015228141361999953,-0.026060942779780525,-0.015553697420918628,-0.03657425371087658,-0.05954270855172101,-0.032065692599471514,0.00372003124256186,0.00548932045630337,0.008166271792754589,-0.00964755788931181,-0.0012710610707504467,0.018609113035696196,-0.0019416429213311073,0.0024924411616614765,-0.003968043940995201,-0.013955174582407987,-0.009364536277315913,-0.013997414440985848,-0.004488662050417618,0.0021648032132043572,-0.007438751423333913,-0.004370653686043456,-0.006005282508734867,-0.028045403071894865,0.033228564974678645,-0.0063721266312705615,-0.0005229092606053838,0.014266965383936495,-0.0028469275280498785,0.021204552484980523,0.00355575889266609,-0.023604127745071472,-0.014100354046601943,-0.015077227426374191,0.039347524500722604,0.0009271861767911534,0.011426154574744616,-0.0004987394647425651,-0.0005977480601980042,0.0071407866146481576,0.016145434981577767,0.010381607205842896,0.030281815320838647,0.044633161453142035,0.014094695698896783,0.03897036599496028,0.016565855281555998,0.011865540592277958,0.012705319048419187,-0.0061783536083284355,0.0015271572658337202,0.00043652778825553705,0.0024302623447931076,0.007065258464689473,0.00017839343949122707,-0.0012522449656998326,0.0022968984453700476,-0.005032707662149492,-0.01947624257641994,0.008793691176084842,0.002715246564801502,0.0022548117120836948,0.004514715193113633,-0.041110451792374395,-0.012084048047567143,-0.018110505926216103,-0.007926216341049008,0.01828198799600857,0.022978540137987065,-0.009820756764696414,-0.0020850567476400723,-0.016524426911798056,0.02868535028347951,-0.005667917156807601,0.0011994136121752318,-0.01603772657936388,-0.020587381925280968,-0.0034866423982828723,0.7845642541321535,-0.002734974065564177,0.14187119066422213,-0.0008413461182172919,0.009294599568310016,0.02305384577998321,0.029681908332288228,-0.0014647469694627421,-0.04693281771059576,-0.3709662919059596,-0.1010464365676958,0.03496077913742034,0.7612718910547143,0.4913978249889782,-0.007580760975848725,-0.044877633158588594,-0.013607590464738233,0.0046500119480580296,0.3877892836507157,-0.045627800118252355,-0.2073636891254689,0.7212276402130781,1.0,0.05555310313299031,-0.029341891794515088,-0.01581369574564097,-0.007323478261007606,0.09129670717516292,0.04248637025238771,0.7023011015993178,0.36377150645639506,0.10690952688510577,0.012434241034026091,-0.24214906986204138,0.09177951245025538,-0.1446355294333922,0.5166013794309998,0.2379921719325281,0.3805002591432526,0.21441638284489786,0.3719588583742256,0.3273974639410828,0.3293127519918123,0.7180555928265915,0.026766983970254666,0.004615598541873028
cat109,0.017703365048235116,-0.022676567759603982,-0.01239760927366422,-0.006970305140980268,-0.0010277948094243917,0.028145688114733593,0.005408933519286581,-0.012613949152023783,-0.018473212480840776,-0.015775763463729983,-0.022211384568831885,-0.023548903973682346,-0.017399716940152837,-0.0005333751595960474,0.002209985501279365,-0.0158312866234094,-0.007459624118175809,-0.004913056414716894,0.011182411853236684,-0.001712692075975706,-0.004663216204894267,0.0036873198023362813,-0.017187235942312803,-0.01383662816677709,-0.00872897296993304,0.003154439118170276,0.013390920346319165,-0.014588960305103333,0.002064009372927914,-0.0009447888726856974,-0.0037784232302223416,0.0201029669882367,-0.0047793931528667686,-0.0032163517646726283,0.009876266893810456,-0.012161190618844037,0.015888064530048165,-0.009297730022516191,-0.007091973293830791,-0.011053071297083786,-0.0097184237914318,0.023878395282150813,0.003125687441850064,0.00531368369342824,-0.00034393664750080306,-0.004607590332073323,0.0027009850952352675,0.007667865325680931,0.008942992370561842,0.02509584673837298,0.004367148589421707,0.013895276267707209,0.012729455730292456,0.011336293944955445,0.006329891018042446,0.005962241709508615,0.006216195126535402,-0.00021316154731881043,0.0017395376779714472,0.0022557903724637874,-0.0011672578034003563,0.0016228323838275618,-0.00045565324214898975,0.0005567034173543061,-0.009593751073315565,-0.01212496977801848,0.004260978394479258,-5.0090160439727174e-05,0.0015870462960861072,0.0034093129121663917,0.04072720724108344,-0.021064222056375703,0.006013146062542953,-0.00457107174466629,0.01024236016759708,-0.0010272222470296942,-0.0015370466010188228,-0.0005390910609804997,-0.023547783043221943,0.030476431132729388,0.02308621909875983,0.005817197710717375,-0.01380524918844329,-0.00041245905505782077,-0.001379336232396249,0.12478982132471914,-0.017708817029195998,0.08083450033466293,0.00522608719797127,-0.011531908455867663,0.0013983148631309809,-0.0004178222900076089,-0.0032409226184786986,0.13260232533475147,-0.07897919832517061,-0.007572242102278393,-0.05719264023642591,0.10265035305245661,0.07658375776761324,-0.00557831085847516,-0.02645497387283389,-0.01202500257591146,-0.0027938984031247627,0.11284896606294934,0.08130149415977266,-0.1566270879680271,0.015796072891145943,0.05555310313299031,1.0,-0.03338182636127676,-0.008441998628657185,-5.9836884825707876e-05,-0.14938632739693172,0.021554733907985436,0.052506857466686485,0.10981465371634923,0.12544607881521225,0.033674684534542525,0.05628008141310159,-0.16411725213025832,-0.028182000721197698,0.1536272759850252,0.17078440434428271,0.011635198024881272,0.14444643875267166,0.14462946531372395,0.1568662939059885,0.15924189027861696,0.10883924940267868,0.00987639625246607,0.022094372533625298
cat110,-0.012477657847515238,0.011559859209225464,0.004779169565915137,0.00893561627404914,0.0026046691399053234,-0.012151880340609444,-0.0039007628992287395,-0.0005835065420184061,0.009477012834461574,0.007183462002257414,0.008754544366065339,0.01587375856111655,0.010798276794652626,0.009781399266025805,0.0026971793978771935,0.0062589456323455086,0.002533972721577286,0.006591558912982931,-0.005259928940349844,0.0017780131945506347,0.00047664232501557434,-0.0009705479165865164,0.007762775704715758,0.0020991339727525335,0.007494106137522074,0.002748358289110281,0.003849774472312553,-0.0006908211727504254,0.0019608532133718777,0.0049455381116092255,0.0036820674805035903,0.014480331040417307,0.004571940139876249,0.0023045359263945573,0.009306364691047732,0.004815409291510511,-0.0012832302234583835,0.006113795355746614,0.003440045214161857,-0.0013208558775314563,-0.0019089859805124945,0.015337780538500009,-0.0027370543510541936,-0.0003120084654558353,-0.0029185387826915544,0.002921446459502805,0.0004959287493448007,0.0076672257331890994,-0.001660050487318422,-0.013079976447940447,0.0023122733806343154,-0.007561023174707248,-0.0028731398301269713,-0.0019864765810269185,0.0035340999788637095,0.006647710911832887,-0.004573895514371418,-0.002812922294937948,-0.0022668093976745984,-0.002561390067125459,0.0034286407170629357,-0.004135990650230615,-0.003939422429819678,-0.0016711735240104919,0.0013031109563557963,-0.001804584914495355,0.002317587230884111,-0.0008938800542778668,0.0013489649249587956,0.0004150531545097894,-0.0324477830934956,0.014297544175252754,-0.008250247769830365,0.00415081808617153,0.024913601731375176,0.005106055305163494,0.005932736911481981,0.0025778630694853625,0.004898120486344445,-0.006578190162611766,-0.009665268990716791,-0.004624479056502536,0.01863022673626728,-0.0007823715476186573,0.0005987426793341941,-0.016777066596486256,0.007422818163753395,0.03871061469978338,-0.00485441867771268,0.0053551287235523186,-0.0008636125728101764,-0.0008805405098230812,0.0051140832434230276,-0.10546042033502045,0.00993165913523098,-0.025172809913381933,0.07276722515032887,-0.030906057730134436,-0.024789848270333932,0.004900350187195493,0.01592914386564233,-0.001707099956681139,0.003680222869863599,-0.022611510394246175,-0.0959281248869572,0.10472243792129489,-0.00041263972765611984,-0.029341891794515088,-0.03338182636127676,1.0,0.009725098239693563,0.004231059817734508,0.016463822945843514,-0.007488457791314064,-0.0007440871441417976,-0.07273000374154734,-0.0040241993956530355,-0.06067391725206906,-0.07702253020349709,0.051046304520888555,0.004504833740028123,-0.06780025869481784,-0.17510417432323888,-0.07559141945405617,-0.0029615146126535604,-0.01435488279635037,-0.11544937189030519,-0.10726061340589026,-0.007461279443502735,0.008589000974519166,-0.02113466620361989
cat111,-0.05642867007281161,-0.06040756213835086,-0.028511552012051897,0.8299290132444127,-0.25623548957491915,-0.13787488129780687,0.03564856089746004,0.027473104124715254,-0.06196469525451545,-0.04568925536457544,0.12524786075137595,-0.030478457510564317,-0.09932268841196665,0.01810838471738934,-0.0031991254324954354,-0.023320457804759758,0.0005826401410101713,0.0009754724147079797,-0.026148882961989934,0.010294392228931186,0.004347074388942086,0.013048072916571925,0.6022959022932658,0.45496434448439604,0.6664293175198878,0.5539818327516682,0.497665305932333,0.45217367476415327,0.3437324133947491,0.35194964215141983,0.4037158330937736,0.16179380905622598,0.2018206589030758,0.15120130846857494,0.09631890480029212,-0.14359259113807044,-0.15979029784627574,-0.14099806604057344,-0.07053606662439935,-0.04400997198442957,-0.053123306991617505,-0.03397064237942085,-0.045776654484703506,-0.14147147919023811,-0.034559653199855,-0.0274676962296353,-0.02198008245599394,-0.013224964352492182,0.03795000220849194,-0.1357647436271012,-0.01886727792198201,-0.08643200421715001,-0.0795519822699802,-0.03210976382843274,0.004404956825902747,0.003995585518395477,0.026340693948464076,0.008447282163062574,0.008418114364817356,0.007303882293144267,0.02754592325003631,0.010444329662061215,0.005652582656764976,0.005566559489829048,0.030128604724039443,0.01103624573921079,0.006519251832894115,0.008123618684931234,0.04660526102080133,-0.0023581410782621158,0.007505834567051755,0.08778187068061387,0.040247937220335095,0.02064833491882181,0.007835907612478543,0.05191925692490474,0.030363139483230064,0.03315499782639974,0.1127887325332642,-0.15554905945952413,-0.18906303866874488,-0.02764372293871925,-0.0019579808379023363,0.061601440847994106,0.025753540151801476,-0.01648661704850667,0.01667675823668446,0.013642983540100259,0.03657774514501703,-0.02304134504616165,-0.05358799640338383,-0.018345906538626004,0.0004091637119851672,-0.013904667717154746,0.004150980887834514,-0.008928234115955327,0.0017281013326199723,-0.024294703048967747,-0.011740082859599535,-0.0420437307970917,-0.03270257610553932,0.02690072187929424,-0.20775748019578547,-0.0035994648387152896,-0.0003247932257182063,0.010798709656027238,-0.012336247749832899,-0.01581369574564097,-0.008441998628657185,0.009725098239693563,1.0,-0.014213509667243064,0.010425165744036076,-0.11149237901704628,-0.008938123487329702,-0.008428336103273154,-0.0008714913479843884,-0.0017193136422963009,-0.0014308960049558947,0.011300061041060584,-0.0008229831399728422,-0.012097763463132974,-0.01766115412282641,0.0007958013421062461,0.0012757646690525872,-0.009303293597837036,-0.008881792373285728,-0.008097782359588327,-0.011398499968968962,-0.02220959868707716,0.15026735943018113
cat112,0.014901830410517005,-0.009455035390257644,0.002832146427933915,-0.009393303781022011,-0.012630764300195087,0.017171676502487552,0.00021792342305789657,-0.007474630585782971,-0.007123643377086128,-0.006749974601323035,-0.006385353650304815,-0.00025899342474117095,-0.005768528941888334,-0.004527752016477077,-0.000561075649090154,0.000440137197831473,-4.732354333817104e-05,0.001366361685802465,0.002213795376451844,0.0010173199260116444,0.003545724761845352,-0.0003445628590037442,-0.015789231592718878,-0.007608793932732284,-0.008390232560934503,-0.008237239516202302,-0.002905974472055388,-0.010119604769652605,-0.0009692213283737197,-0.0026915891701638677,-0.007598198539472307,0.008229367231271167,-0.0029489486564694724,-0.00477828525274954,0.0018088450464399603,-0.014285849111815503,-0.007759925381246855,-0.014868984233228234,-0.007119874900682211,-0.010307954659407504,-0.011601203545824603,0.009456514908456703,-0.0026766383562682704,-0.010026528566210407,-0.004787494864807781,0.0008503674869219612,-0.004833996946128864,0.0023075904728206325,0.0002967549800711335,0.019014782550343785,-0.0037464859898499706,-0.0007820570227498012,0.007370145114431416,-0.0014579170168001572,0.0016420133615664971,0.00022371856585463165,-0.002779698249632582,0.007084007569977509,0.0028469237548138845,0.002826555270458113,-0.002988594983108752,0.0031145649416820576,0.003003544025351604,-0.001022202634460592,-0.004189453321732503,-0.007435977309783922,-0.0015100366009607026,-0.004794715343485983,-0.0038449223264513887,-0.0006392721091383927,-0.003234878201327674,-0.012584681033076828,0.007694458238598698,-0.0010911598440876448,0.03306264048311654,-0.0061833905372911,0.0006063469547065955,0.0015681914345720442,-0.02126517789127476,0.026366987378493162,0.008585603599627229,-0.0161742219414623,0.011596658780202482,0.005775869902875704,-0.00023241101087913653,-0.0061334225967432585,-0.007194820214325527,0.031290562261341276,0.0004742651711678264,0.0023020406441367834,-0.005454663434526582,-0.02674243937920783,-0.0010063228929797447,-0.02308302732957406,-0.005650646058416182,0.0006506398030337653,-0.012725251357762627,-0.005594423174544522,-0.012899468328346807,0.008855621816768055,-0.007739635424823221,-0.009095704625790265,-0.01839906456454274,0.013672982285465126,0.012188270776597447,0.0023893515049442553,-0.010249245260536652,-0.007323478261007606,-5.9836884825707876e-05,0.004231059817734508,-0.014213509667243064,1.0,0.00893207455274973,0.010655107195919623,-0.004685864173731961,0.017521893077409503,0.012138844675630821,-0.04530134917184495,-0.013273166533645282,-0.00303842101012055,-0.008370127018934734,-0.0022619017355224474,0.002462246263251053,-0.004732712380580507,0.013999712737005978,0.004288125918497366,0.005984680294028714,0.006969803527778348,-0.0014831592423266847,0.24036483111494414,-0.02710779558549435
cat113,-0.0006092776147750684,-0.013883275684823358,-0.004805800600361902,0.0058167741472815206,0.01876033395674364,-0.007071358906181195,-0.019374735265617,0.009135161946966919,-0.017048632624880433,0.007325601842936418,0.0032051524652461313,-0.013386997205385599,0.005524242381241633,0.009584280077786934,0.010795032891186022,-0.005840869681776653,0.0023659334380537536,0.011403072100263164,-0.009981895431886134,2.4552495303999104e-05,0.006940565522747443,-0.0017498285581154644,-0.0013021780304753087,0.0007533545795591562,0.004185850391382665,-0.006764882711871001,0.0037604919008311526,0.0067049921184752755,0.007266551745680832,0.0034635047040699227,0.012900250089654626,0.060142305177053046,0.006609183292905754,0.0034164853405298868,0.029823147287001348,0.0018742240093780353,0.013757839178616334,0.00910247435482543,0.008213223422190469,0.01052224508959671,0.0028715833983066065,0.07589199354087486,0.006094513278408856,0.000657738007597505,0.006627612345292423,0.008970216399290219,0.006587500871483947,0.03462073648854939,-0.0027082589244810666,-0.020882092962892642,0.004294805296198785,0.000574052127623185,0.006016565086628279,-0.000541420780395182,0.023766459310044372,0.025233456566407943,-0.02634511701143139,-0.0030353149597527346,-0.005593201028290658,0.003980473386324562,0.005896937563845465,-0.0026050211153204926,-0.001930723220044087,-0.000407923437755496,0.0068497899151830615,0.0056937687163592975,0.004780018335913907,0.0005003957302328291,0.0018168860905436266,0.007343554937476026,0.10497789130961761,-0.0015668725646426258,-0.0103495289996532,0.0022721498028416957,0.03147552966804901,0.01378470175238162,-0.0030839823284925265,-0.0016734392362916291,0.001602133126930845,0.0024647240786255143,-0.004885669954124546,0.015514690890520197,0.0034287282030432196,-0.030339245812862372,-0.0016035137658584914,0.10429023221001663,-0.0014421632313027833,0.23631003597066197,-0.01834307150911812,-0.002757009517119705,0.02739058341015505,0.047520469303308215,-7.48961627804552e-05,-0.26422436768893376,-0.05987865512032058,-0.14684191438215638,-0.09272862691069257,0.05743379802479628,0.05009314842352394,-0.016977520808826817,-0.004494478216427112,0.008952606695981104,0.020627747249270634,0.2602555550139142,-0.07283376248423128,-0.17367562802064948,-0.041398504695149115,0.09129670717516292,-0.14938632739693172,0.016463822945843514,0.010425165744036076,0.00893207455274973,1.0,-0.006750670940411723,0.10178344819799154,0.2331819539885255,0.28124576038649984,-0.06370885306909099,-0.3205707533825646,0.6398797891679164,0.1818340544225656,0.20260526060610193,-0.0058604566531268954,0.45333600357014975,0.29942574198972266,0.1929520959609515,0.08201577316828929,0.09841275899530916,0.16408367971220988,0.032618399117831445,-0.02058020674030525
cat114,0.036125022476745,-0.3635875953051066,-0.027507694387072158,-0.09775481288965363,-0.13098886895650313,0.8279315975528734,-0.034514472926474395,-0.03619972782459802,-0.33957397553339674,-0.18239774872661646,-0.15596325381286572,-0.1872190304198117,-0.15285599214069553,-0.03706089811594065,-0.0069998375276405485,-0.08747166150754468,-0.024317801452993712,-0.0182872380458136,0.11840944107359266,-0.00351204401432216,0.00825050222882558,-0.0012393817223901981,-0.19929987792152973,-0.08380623333929145,-0.1355244313611126,-0.0543177377499467,0.15861099903693637,-0.0913773859111771,0.02363931719146034,0.025029437934578996,-0.06520825866941109,0.025853904891232234,-0.025815102394446444,-0.00013918553969618263,-0.007989782005559222,-0.20453714999665967,0.1125623620438427,-0.14021148830802327,-0.06514046167390103,-0.09587229984620539,-0.09041045148939106,0.01391937306698588,0.002868083878175473,-0.08651297927275566,0.008438055613037725,-0.027586054388798652,-0.003905081612511579,-0.011332721511228024,0.5311312969724865,0.7938557577129794,0.20289630581865645,0.5243049908280175,0.6554783064728585,0.3793867838959708,0.0746976865715768,0.07807288904469135,-0.0458817667106782,0.0049637716023885154,0.022028100375995494,0.0068407565099192725,-0.01690846085911084,0.0007278125507089409,0.012731752253729783,0.0009756667220134643,0.010587218908907977,-0.047147321832774126,0.006376156167125479,-0.0055096810250797965,-0.008402875764908203,0.011428962104078172,-0.00504274074664893,0.02312962359684474,0.03250193840425725,-0.02854757832708824,-0.005281704649990747,0.01650637334506172,0.03010224365877506,0.01018892534998261,-0.08945998752839224,0.09603918748465429,0.08878653381584828,0.017538791315931935,0.004144036809562789,0.011318013431606155,0.0035246503816638627,0.05419272840780648,-0.10290097790312348,0.023953673428174047,-0.029894477626878684,-0.02895999782365842,0.0022779360286556876,-0.07020680852203323,0.02716097272351425,0.007153097897162475,-0.013549426469118586,-0.010433425935981658,0.00862747558390611,0.05492406381943342,0.04333058707388288,0.04878948092643212,-0.28582670101742325,-0.03844180206632711,-0.13446560778134384,0.029828793130692657,-0.0010276286328455796,-0.020721600520271364,0.041066916895932525,0.04248637025238771,0.021554733907985436,-0.007488457791314064,-0.11149237901704628,0.010655107195919623,-0.006750670940411723,1.0,0.0536735985161859,0.02590667892111148,0.02545999385366056,0.010890267112189697,-0.008767365735757976,-0.006724674453761058,0.0033432983873342673,0.043896752028975555,0.025469128287476363,0.02511068459539583,0.03237941023474582,0.03238312677514054,0.03010286829258852,0.02998413539569035,0.05612078533957418,0.012979676575693848,-0.027081161305320567
cat115,-0.0025846604697513076,-0.03219674813869861,0.005253590447565606,-0.010100937180820857,0.015494847872879141,0.05500260686543069,-0.003885809654025201,-0.023216590494744397,-0.02458763208957148,-0.008943717975687484,-0.03319974395960295,-0.051084000655979206,-0.025737665825212155,0.010867407851340691,0.014230461907028879,0.008196614639703899,-0.007600549134897524,0.003549707185179549,0.004609597978538137,-0.00028605108869847814,0.00010378000437382495,-0.00394803101106173,-0.014821953159141091,-0.0135757328704042,-0.012767023368907853,0.0023089998718499433,0.00680013129747253,-0.009696619456927947,-0.00940931611900978,-0.010232628376153451,-0.017978768487046014,0.08685106066333169,-0.004401581074220669,0.0034724188408975574,0.039762366924386464,-0.007813945036446324,0.028612355184609257,0.003997486479752938,-0.01925407220646476,-0.018566412047332156,-0.022113411184205883,0.10007861900759807,-0.0070125545992315375,0.02215768622693081,-0.009436182861785748,0.001529023974863971,0.007802673738938681,0.04297947698789985,0.016853720548088286,0.029303105708464616,0.04805669012276012,0.022082316366718542,0.056135888280589755,0.017600539976740867,0.030352615150053042,0.034330090439046564,-0.008857219937368009,0.002269165588940622,-0.0025812034516881446,0.00153870643661681,0.007691603701677098,0.0024771314997445466,0.0006691697656354889,-0.0017577261474921132,-0.0002866478517772497,-0.031915291221758964,0.010536634303720257,0.0034267279227201235,0.005543968283536379,0.01161201687187038,-0.008872724431490415,-0.0035323471423356315,-0.02457408767639587,-0.009868519434497415,0.05115222106896744,0.03065735159135812,-0.010901258568466753,0.00041493774791858073,-0.022829900314335967,0.03190735093453608,-0.01404930025771836,-0.0019383139974347506,0.0018382117754737856,-0.02356317161935947,-0.0027163527399997733,0.8501516223525292,-0.004196324315770001,0.35480293770060367,-0.003248905872744858,0.00583059593051528,0.025572231042801836,0.03185352886466279,0.0013937903980968448,-0.13444969700302548,-0.27262096358015053,-0.1603175410053735,0.11300221803097757,0.7750786994911948,0.6469565635848356,-0.004941141734641088,-0.03664726465619383,-0.019831137082010165,0.010348551479957306,0.3759071554512591,-0.2848048188224362,-0.06415191563258298,0.8292413276525948,0.7023011015993178,0.052506857466686485,-0.0007440871441417976,-0.008938123487329702,-0.004685864173731961,0.10178344819799154,0.0536735985161859,1.0,0.3012742447446477,0.24502298600191216,-0.0014181730385314432,-0.3623681615030628,0.0689839166704602,-0.06321334146664513,0.5557325543976557,0.09210931678532278,0.4137034039094352,0.3907238560849256,0.34370953464496756,0.2004716072233056,0.2111803651958724,0.8963270045025934,0.037038845317632796,-0.017800660278436967
cat116,0.0367380672805973,-0.050346801586881595,-0.02623114264196111,-0.01001316699414686,0.025046709940400716,0.034571441298695285,-0.010591731310915217,-0.009770048115528018,-0.043677288889788494,-0.019603309165376892,-0.03013175356716909,-0.06340813818658442,-0.023470602010694508,0.005181817793726301,0.013468496880777175,-0.03142503037204193,-0.012401223431946815,-0.0003238311628402086,0.005699220707924868,-0.0017866571915224538,0.0015415382145554932,-0.0021200069699287036,-0.02839384662323959,-0.015703363204406854,-0.016442303196696123,-0.006050963453825335,0.02011827755875688,-0.01121943203203289,0.0028849955269957994,0.0026453421310664027,-0.009419899216535188,0.09287875112425106,-0.0014390565313314263,-0.00022712266610961005,0.042495868403906886,-0.017273009346367264,0.048568435780117006,0.0045559062925064646,-0.003107605347192733,-0.014469085864292726,-0.01644016516970637,0.10914235806628066,0.009127321367312955,0.019962313232445336,0.008356659925703497,0.0033376271403091845,0.008225722775783885,0.046405619309307256,0.001123608414957724,0.01722789084413055,0.009243563270079226,0.012693395643797505,0.0204875820463175,0.013899968454962245,0.03120861862050387,0.035157144422539116,-0.018431888511899305,0.003068344321480285,-0.0020877698796324526,0.0075360543926819455,0.006401451735078606,-0.0005839157242697312,0.0010472607015466278,-0.0007875520792236368,-0.0013706349258481721,-0.01366425122730876,0.010207673452016676,0.0008472069124753605,-0.0022222161513334596,0.01476445841380867,-0.05569164680232183,-0.04869257083238981,0.0059744932377750375,0.003149681236544578,0.07450284222111472,0.01167597166190043,-0.007003960171352347,-0.003953933112345839,-0.03935110046689179,0.057157485615134035,0.025508526202598174,0.03013728754385192,-0.01490716368981428,-0.04259740324129727,-0.005148190051990173,0.48376379220721927,-0.03773310378495297,0.3719995942130751,-0.008897766078036076,-0.024063074640054718,0.04310029379966823,0.07173837088745179,0.004463587998541684,-0.11218830034913826,-0.27578032459492224,-0.15197349505133811,-0.3531202323101686,0.4205577296091494,0.24062283544473176,-0.022211301889488427,-0.04849619588108352,-0.010280588816173254,0.021913035785510696,0.9181927248532665,0.4171880051937092,-0.7767204537629088,0.07268624270120701,0.36377150645639506,0.10981465371634923,-0.07273000374154734,-0.008428336103273154,0.017521893077409503,0.2331819539885255,0.02590667892111148,0.3012742447446477,1.0,0.7073808525598679,-0.1443040063235829,-0.41258530190480436,0.24599863976170167,-0.17457530871933413,0.8235355277949439,0.6315552366905192,0.3264541517097082,0.7082668723361019,0.7566593107854512,0.8395286192483339,0.8504645653932396,0.5653864080995753,0.06307232878270164,0.03389102950635276
cont1,0.041513750573911455,-0.062563168517777,-0.041266838014010106,-0.0014651163147837104,0.0403644848751753,0.033271044152313856,-0.01399083470127187,-0.02948213003651459,-0.05659608884470987,-0.019665118590215136,-0.026020226792311696,-0.058868884562617615,-0.022416459404501245,0.00556786461395762,0.022052360261386825,-0.039163602227058114,-0.017391422650453764,-0.0028144584322388243,-0.012064829592375152,-0.001008841728509093,0.001353530513604111,-0.0034598812609350996,-0.032607075406646036,-0.025467806883000994,-0.012044420476331395,0.006349581534918864,0.030709725518964996,-0.01980128168409509,-0.0036231128224161737,-0.004867447344346338,0.002027215866011443,0.1458138568115908,0.0005637555731132232,0.0027625205128923736,0.06425493060358249,-0.020700523396447835,0.06643623145508776,0.0140744664374062,0.0043521757983672835,-0.021405245136277274,-0.02423813255631263,0.17377474804131413,0.0020008353604370316,0.042742645203718094,-0.0011147115805154814,0.003865464305159596,0.008686293312715202,0.07166549032893221,0.00020188827401839798,0.008723448071098514,0.0005432530801727063,0.01465211432679393,0.03435379547733224,0.014354998613282573,0.05023880199124613,0.05802662555690209,-0.016851256108422787,-0.0007029716765513767,-0.007388080060269831,0.00287272463313798,0.0010405868572060685,-0.0017403898366471094,-0.0011349533677001964,-0.0033263327051825725,-0.004719709030462426,-0.03482231493883532,0.004422954006435849,0.0003086778850713433,0.001333662628271061,0.0214811539292221,0.025396172354311325,-0.0387604804934005,0.007659710617654942,-0.0005104753965228154,0.07277937349805873,0.010477164648743239,-0.006274188318111318,-0.0015892860161841843,-0.048597356150603704,0.0717729520146573,0.01475463872409668,0.030053988370869044,0.0010842968293112445,-0.050950541827456876,-0.00794029681793621,0.38987373404256487,-0.049420465884749604,0.5913142159583649,-0.013548525430878935,-0.03848500793809113,0.04872130948078793,0.07353277722387709,0.004691107844226832,-0.194850120074545,-0.05891949983369076,-0.29412346944645046,-0.24728505230905304,0.2950290418921462,0.30560133254883326,-0.025817062634530395,-0.05040459493805507,-0.027164837990087374,0.03648838125965439,0.7675815296766131,0.11665295719592951,-0.6997107067030646,-0.20296725823166617,0.10690952688510577,0.12544607881521225,-0.0040241993956530355,-0.0008714913479843884,0.012138844675630821,0.28124576038649984,0.02545999385366056,0.24502298600191216,0.7073808525598679,1.0,-0.08518029387716008,-0.4454314863455897,0.3675492244813261,-0.0252299556202159,0.758315316436725,0.367384466459488,0.36116252211175914,0.9299117057620867,0.8085508694335549,0.596089796142411,0.6142254546728485,0.5348495237416717,0.05668837438540833,-0.010236937708398694
cont2,0.022928985056425176,-0.03766441707763718,-0.00821304662709605,-0.006630602593283369,0.012555261400340127,0.03791255375584922,0.04824049008040204,-0.0002907533847344549,-0.02556421065828701,-0.00918051470806635,-0.032946698731709835,-0.030919793582031382,-0.029816060238455837,-0.010927458102760457,-0.00768727208890783,-0.004420204845110252,-0.006172470862265878,-0.013652471324347293,0.0035982162658457204,-0.0008848991768265895,-0.003056518416964509,-0.0003471958279023229,-0.01419425701079371,0.014113494782045379,-0.009091694300949716,0.010447484019023989,0.00878014892190668,0.009945460973050048,0.007202318749358617,0.012469449586395022,-0.012523999249847702,-0.022597427730256137,-0.00991281377936154,0.0002035687189501725,-0.007214844532560121,-0.0032669571562181313,0.017135866977585085,0.0013264382020645028,-0.01149918602492274,0.01347582148736131,0.017322104958054002,-0.026121573022306038,0.02114911593305768,0.022864349706060966,0.016837739676165572,-0.007816722536741351,-0.0010977154852647739,-0.004775865424842472,-0.002693120314694717,0.04262357030134733,-0.0018682246312999352,0.0016921789820377694,0.009938915607610175,0.015188349762328456,-0.004526393777961662,-0.009903030562345446,0.06593014704264628,0.00029092359895607555,0.007045861067309224,-0.002742479039946147,-0.007532385403717342,0.0013244007649048516,-0.005621417135559093,0.0024604674370745237,-0.006806120525724927,0.0015522542768266698,0.007505198809409696,0.0008226680348449566,-0.00010650361511607396,-0.0018041510224161954,0.03481711884326743,-0.016397284793914915,-0.008423768471490492,-0.00024332613543487415,-0.4608372871383092,-0.016447259898245803,0.004473845498985745,0.003447017542343558,0.040933463158210934,-0.00962642280840022,0.008902172191805531,0.015750564165568803,-0.09442697921116373,0.0011171956148124727,0.007471404907659461,-0.007207016893615067,0.007788973385457089,-0.08062218086218517,0.04586477300398657,-0.008215216722427443,0.006706603497049942,0.018684270071463092,-0.021741586962699132,0.5350042153190587,0.02321300453115765,0.019376828413800593,0.04526262354452341,-0.003668075471070236,0.029270787795968166,-0.01164598885601285,-0.0410723894707816,0.007230333879497837,0.015508387519240824,-0.13804576534169646,0.13423822873470057,-0.005193728752782387,0.09254602403879379,0.012434241034026091,0.033674684534542525,-0.06067391725206906,-0.0017193136422963009,-0.04530134917184495,-0.06370885306909099,0.010890267112189697,-0.0014181730385314432,-0.1443040063235829,-0.08518029387716008,1.0,0.4558609232694723,0.03869310985302016,0.19142746013854825,0.015863886737244197,0.048187156222874616,0.1374677737876136,-0.032729128846022276,0.06352639654732502,0.11682355284147321,0.10625016401767295,0.023334652627749034,-0.045584248512058105,0.14152795887905642
cont3,0.010643014932210607,-0.002510005115534415,0.008733436551646698,-0.0046391437508796155,-0.014004626247296776,0.006192174639504342,0.02867192255253387,0.019137759917046495,0.0023208985175550475,-0.008655109302401048,-0.012618525321290932,0.0022004659945462253,-0.015168988284251712,-0.018817353759545883,-0.017856814113402755,0.003071459930662084,0.004923852075513538,-0.010617467801229614,0.017598814450523897,-0.00156773428277683,-0.0027057984770377293,0.002331539144223773,-0.0010210047142713186,0.020147534195756125,-0.0016400292286651995,0.01293376782091925,-0.007087305970546322,0.010203687533801737,0.009156035306129209,0.015300778716936123,-0.004902545763286064,-0.09321300282936945,-0.008970630030934396,-0.0032175376243117966,-0.04027492520619322,-0.002433156847192297,-0.01670699815368993,-0.01074369002173993,-0.006080731078193128,0.01629340786117128,0.02107013198384928,-0.10899914475400366,0.015624018184695424,0.002784859285022099,0.01110442508986527,-0.008466153170253928,-0.006982881975540901,-0.03888870528754463,-0.007443757814354446,0.025717891103799358,-0.016017009810119418,-0.00901319048237974,-0.01970091199526835,0.0005379057274969891,-0.03154355052579283,-0.036658661471637204,0.0410429118464536,-0.0025301795309780367,0.005408981102664601,-0.000622269334352472,-0.010032108128123206,0.0003647702407257355,0.0004966044829958124,0.001769543936973394,-0.0065557393290227774,0.02655293779701516,-0.0032259667214419277,-0.0001924231705580771,-0.0016481006851720376,-0.012125511861985497,0.21954320866201638,-0.02211724616607516,0.013719115259554226,0.0008362416466115384,-0.22412416405451593,-0.029740684113450516,0.010327264619554457,0.0030868348128277844,0.029464006814462446,-0.02552453632243246,0.022330511975985377,0.0018058489577370861,-0.04852038999515229,0.03681232198800327,0.0053800121103935875,-0.35077197872684485,0.014301539652108688,-0.3680645011600681,0.027075555283636654,0.00682387781581839,-0.028416690689985508,-0.032878976322092406,-0.013555324267050198,0.5049548427205417,0.11349174867915082,0.24515500864386944,0.030185151196726226,-0.2861400119548864,-0.23504508452152575,0.005881071849820675,-0.012316197258415703,0.020539862267784724,-0.009854842111334557,-0.5161783100754375,0.3816840021978738,0.17533700050352913,-0.12031410960055569,-0.24214906986204138,0.05628008141310159,-0.07702253020349709,-0.0014308960049558947,-0.013273166533645282,-0.3205707533825646,-0.008767365735757976,-0.3623681615030628,-0.41258530190480436,-0.4454314863455897,0.4558609232694723,1.0,-0.3416332046286755,0.08941735967198561,-0.34927774410701384,0.09751599216147676,-0.18543231552105002,-0.4170540529290114,-0.3255620442545822,0.025270912781214516,0.006110641572276833,-0.4182025800950456,-0.03959231862594589,0.1110533081772175
cont4,0.003249334166155086,-0.016106256045651624,-0.008356592396064066,0.00888761044530646,0.024819809228042763,-0.006142085059437561,-0.007851574094722744,-0.006382639579258219,-0.016392255043078088,0.003906498922350671,0.003315425264283327,-0.010086688594277143,0.0048589505401485525,0.007828079910194779,0.007866302033876359,-0.0067055600930938115,-0.002352073818044851,0.006904077410064619,-0.010907718217568696,0.0019416750070654631,0.0040298166042046476,-0.007366986019576892,0.0008695647487089045,-0.0028946608767808726,0.007822550729593102,-0.0038626750873295597,0.009773622492250824,0.002936699626890269,0.0016605871909657903,-0.00035707974555466255,0.011179550978696296,0.04999770441405807,0.006549010755544044,0.0004948503492580253,0.02375948734953623,0.003442686698439448,0.022740652339933564,0.016722968868877783,0.009842133785801522,0.008125388866231924,0.0035341094639254086,0.06524831322018235,0.006410399785784042,0.006815668644942813,0.007112423688012644,0.011052669690982004,0.008582231292334349,0.02883762076627451,-0.002084218254357494,-0.018005885451490466,0.002289984254165591,0.0019030513861239419,0.005233884001782035,-0.0004769235519672182,0.0188698978001703,0.018738361582479882,-0.007694577643235746,-0.002399117898872641,-0.004787565781615859,-0.00044994064632083736,-3.310601182061176e-05,-0.0019620272790787036,-0.0024247746930937163,-0.002319698969702447,0.0021130535524019316,-0.009962401870653686,0.004589953762794637,0.0011858137557957552,-0.0007313562409142396,0.007338589493631,-0.0011458830638989364,0.012572393509012706,-0.011969932806512483,0.0033125071431554408,-0.009646754692854673,0.013396536167334055,-0.003356584423097528,-0.0022615562140619674,0.0026058011797107793,0.006376514327460454,-0.022695069020421926,0.013968457264068736,-0.00159984041873958,-0.03841862624917931,-0.0008685141942428276,0.1143506252276818,-0.0060055440845352475,0.2052581918923707,-0.007961560624400808,-0.007051410431070496,0.03501123296815474,0.052482471174902595,0.00011615175204634017,-0.2567805315636883,-0.0691131625685924,-0.1703901370549185,-0.11659353272887461,0.07251699778294994,0.02083385147528207,-0.019407791030724916,-0.004969867495262624,-0.0038413414060364777,0.026372934997797026,0.2984677510621781,-0.05323686173782787,-0.1917809609269842,-0.0922795090150863,0.09177951245025538,-0.16411725213025832,0.051046304520888555,0.011300061041060584,-0.00303842101012055,0.6398797891679164,-0.006724674453761058,0.0689839166704602,0.24599863976170167,0.3675492244813261,0.03869310985302016,-0.3416332046286755,1.0,0.1637476947214371,0.22093229216488167,-0.11506356805997617,0.5287402972174362,0.3289606391810969,0.2832942217105002,0.12092660758300071,0.13045302744643697,0.17934192948808353,0.0174454271096772,-0.0358308098308775
cont5,0.003277674903270075,-0.010100293658747567,-0.011571703404214404,-0.0036436063285760502,0.0035634010701166598,0.007660335037639333,-0.004745569242443636,-0.007643609283312771,-0.0073510411197479815,-0.008977004758758447,-0.008862571238161959,-0.004258006902673784,-0.002058822920996902,-0.005258962633325554,-0.003671543515010475,-0.009137871456206313,-0.0010786723929860386,-0.0015859532051949767,-0.007924754086220483,-0.0026269601700390005,-0.0033986033324707615,0.0003543306029320296,-0.0026162800032042185,0.0029773956597004504,0.0036896526274681615,0.009750398721550632,-0.004905543681491466,0.00021561342775004526,-0.0007853111625767092,-0.004053143151789833,0.0037394898562676977,-0.02120000538678833,-0.0025881322229478446,0.0006090479813561123,-0.007008410614579151,0.00047710730153285467,-0.0025518881117571795,0.003433555922596615,0.005186639084483194,0.0010666902575952716,0.0012062946951553416,-0.021465236046999445,0.0008063037371628055,0.014886519023798556,-0.00035148244362771683,-0.000932224605865529,0.0026526111612136948,-0.004441135651211363,0.0016109989458865958,0.01090200267649163,-0.0032807403762308298,0.0031738791152667524,0.0002828504980995098,0.0041510920124559585,-0.00593383559072256,-0.007194999325284109,2.2405928540059068e-05,-0.0033362198265021637,-0.0008375324796790764,-0.005821850127388613,-0.007159406659575016,0.00155340597781586,0.0033152110251649515,-0.0017833237891313168,-0.004375384853166734,-0.006542233485208581,-0.0025982935208887065,-0.0005919601658814653,-0.00247953350982996,-0.002626227793468195,0.028745364554355477,0.00940119100236516,-0.003832236874360534,-0.005481147364272029,-0.07748705398668479,-0.005762073471724675,0.0037944587381988524,-0.00023700860222413761,0.0052035211783452735,0.002429015948094588,-0.009765133632262077,-0.0006472238733992101,-0.004365732632495449,0.004767563240074479,0.0010649817729782368,-0.12018157151941619,7.95974502362657e-05,-0.0584619191883456,-0.004726774041198783,-0.011107058724998616,-0.004916348935461591,-0.011117133297208799,-0.0022550512947738916,0.06415792322127516,0.17228745651519262,-0.013708032326875294,0.06248189811486287,-0.07816581426891882,0.00807871328011141,0.0028896860948143858,-0.009906382936736827,-0.006436364263784424,0.00328766620909155,-0.17186369905034463,-0.060177935030139774,0.146386682129379,-0.0732682398041419,-0.1446355294333922,-0.028182000721197698,0.004504833740028123,-0.0008229831399728422,-0.008370127018934734,0.1818340544225656,0.0033432983873342673,-0.06321334146664513,-0.17457530871933413,-0.0252299556202159,0.19142746013854825,0.08941735967198561,0.1637476947214371,1.0,-0.1498104006786924,-0.24934373085778397,0.009014700138595852,-0.08820195753770194,-0.06496683919111795,-0.1515481914902333,-0.1482166818905447,-0.08291451726938674,-0.021637795140478013,-0.011354502446472204
cont6,0.04106728661869158,-0.07073756940826002,-0.02647132798630498,-0.014692184547175753,0.030375183993873962,0.05647940910018816,-0.007371187181142738,-0.02313284476773125,-0.06170943518815439,-0.029572995986058635,-0.045437343353891324,-0.08507276097576108,-0.039146912547381424,0.004170252063637856,0.015220493545469544,-0.030364359230468013,-0.015094332121695721,-0.0024033876580431433,0.007519947467833747,-0.0025362634235903065,0.0005350969519012227,-0.004943081106494315,-0.036505746587542354,-0.019578412408418715,-0.020808390385927737,0.0036550787331768126,0.022038147689500114,-0.01651537446052992,-0.0015022077716634688,-0.0008439670948954021,-0.012358489312987476,0.10332925605935363,-0.0023426527372514615,0.003998284648737545,0.04961594895554,-0.021346928751814685,0.05914158881886514,0.010266658357337763,-0.00892666804834863,-0.02194707001162563,-0.023739105221440265,0.12396296702353013,0.007046862509716191,0.041148508722973216,0.0030532808320088943,0.0024401134698822744,0.011732681830130823,0.05391479113328643,0.004902142392933537,0.030796075750580104,0.02763608115257475,0.018663554333727912,0.042573316453426435,0.02170870889955321,0.0372405862954513,0.041141784643345135,-0.01266142299129185,0.0016331803640840792,-0.003712542522167966,0.007829917513115322,0.004056446410984007,-0.00011892770705839643,-0.00017847607411958116,0.0002299173188561556,-0.005923479429940353,-0.028727593331633768,0.011315664986771144,0.0013332118139302996,0.0033294472066036263,0.01495151425131149,0.08405059269644236,-0.05151838047309243,0.00019352546180125224,-0.0013451674597586415,0.0234364259199372,0.020936475647197365,-0.010071676373511862,-0.004078218297519893,-0.04571954120384682,0.0711094600114049,0.01886151893912329,0.03148699042968289,-0.02353192187535193,-0.04506802484629487,-0.007338305521373168,0.7049690554068874,-0.04023322902835996,0.40795798070017975,-0.006143200277558316,-0.02452356903201253,0.04728756362373841,0.07660189633923391,0.0019681192796851973,-0.04690190405943828,-0.29024081919387573,-0.2670952854703249,-0.22627136290167704,0.6568461631274802,0.4447626863916819,-0.02500680990782121,-0.07116362656111908,-0.02042157724442506,0.0274898338036185,0.8446301209523991,0.12368351220125096,-0.8174283122767103,0.30684522029902817,0.5166013794309998,0.1536272759850252,-0.06780025869481784,-0.012097763463132974,-0.0022619017355224474,0.20260526060610193,0.043896752028975555,0.5557325543976557,0.8235355277949439,0.758315316436725,0.015863886737244197,-0.34927774410701384,0.22093229216488167,-0.1498104006786924,1.0,0.6589182968091384,0.4374371313783927,0.797543518994888,0.8833505068489651,0.7737454535517788,0.7851439724373064,0.8150910765208775,0.04217771657784684,0.04096682474989782
cont7,0.043457650215221695,-0.04903182073706734,-0.02143376975456223,-0.018693444433746594,0.0010136347223565455,0.04199025186099473,0.0053120213382402345,0.0038435656002572312,-0.043614569628790276,-0.02644190942404081,-0.03486018699168568,-0.06554674535638634,-0.031326376376087484,-0.0072692356000292726,-0.0003291440346820074,-0.03140228799243363,-0.008855169495942344,-0.006558129626160391,0.016921551775584496,-0.006073591482155028,0.0013662165786055072,-0.002257591849473612,-0.031199762504388495,-0.006693757269938449,-0.023607582111489955,8.822892718688492e-05,0.008955389322989938,-0.008755018531696256,0.0076407930805587705,0.011251733978861395,-0.011720927186011018,0.008032742088240199,-0.0035944522343959633,0.0007930774628364711,0.008847725368443946,-0.022545459233346218,0.02208154564800017,-0.0076135515313469305,-0.00573535431141269,-0.006894707563979924,-0.006138256711327531,0.01153958482843207,0.01588458372998993,0.01601816249528066,0.012199891665489494,-0.0001073560140135887,0.004055947938902332,0.010188813097727342,0.0013159695432335891,0.03563874419363,0.008256397590613843,0.009498960598783546,0.008585769258925652,0.016900080558640666,0.004752688132845999,0.004900260887974073,0.0010646058250688916,0.004759814075897915,0.0040387055219472156,0.011637525697838508,3.301699858242306e-05,0.00029534613087504945,-0.0002483481708970679,0.0018596596425142717,-0.00664711025443561,0.005326868313398745,0.007222196556470693,-0.0008457395676350351,0.0014532263634553526,0.0022809713132679772,0.14694178622563256,-0.06951221551545494,0.018809213991218297,0.0026257499228398446,-0.02840516012302519,0.0009559788935826599,-0.005367327472056024,-0.003544024950956854,-0.028118595193040333,0.044067014998088044,0.04504684570952617,0.03725996547788803,-0.049416893299922125,-0.015491329899037369,-0.0038949589915687017,0.26250533086551553,-0.031191112238061036,0.02782466663162704,0.006064338060245755,-0.021040648193794392,0.018679013745734715,0.043152518580246595,-0.004322924231031405,0.2089716564789298,-0.2589098633518944,-0.10007560263342606,-0.29272376256385996,0.25260529568870943,0.10381344661005294,-0.020116913514635112,-0.05663669107637006,0.0027705333833065414,0.002824287799235118,0.552285238123439,0.4404626181776108,-0.746291540306791,0.03236442780301997,0.2379921719325281,0.17078440434428271,-0.17510417432323888,-0.01766115412282641,0.002462246263251053,-0.0058604566531268954,0.025469128287476363,0.09210931678532278,0.6315552366905192,0.367384466459488,0.048187156222874616,0.09751599216147676,-0.11506356805997617,-0.24934373085778397,0.6589182968091384,1.0,0.14204207923623527,0.3843429121740851,0.49262070698937277,0.7471079167884337,0.7427122632499452,0.28839490807265,0.02228598095784129,0.11979887050310294
cont8,0.009232450827939158,-0.03599714343293268,-0.005466807113252408,-0.002064538122223564,0.02414538056603079,0.030633643131689935,0.002768962937086299,-0.005075941111845267,-0.030763185161167335,0.0016270137623834874,-0.020586381589328677,-0.03677874454532998,-0.016840734123799245,0.0061845874017182455,0.014728401066078088,-0.004655925484935045,-0.00633011053703876,0.005433872623202849,-0.0019774043194138195,0.001916273415689854,0.003435988807036556,-0.004478559289812063,-0.01715814945519351,-0.006889334905137822,-0.01172425655667189,-0.0019415851239118367,0.014890419500031197,0.0005938954171306258,0.0021057880074878965,0.0007389771261095766,-0.0032882880407264555,0.09209544008934234,0.0005595698567631053,0.0011824836948170615,0.03618662886631597,-0.00931326119662158,0.03460690707454834,0.007216297546601249,-0.010311479242105244,0.005411868416768192,-0.0034832298933985414,0.10781786688754087,0.006516797006717717,0.015665051438357395,0.00655790988631477,0.005270847709767169,0.006813296259900355,0.045347187644429125,0.005348442079653987,0.014136932641631102,0.013857392828778755,0.01276755923723677,0.03150162285195592,0.012906685770032096,0.03090533781618263,0.03385118373146851,0.002136078851960826,0.002269497880403585,-0.001047708834479651,0.0012885550238864827,0.003384705526858787,0.0010300373335710667,-0.0012431136569831373,0.0008658216634425447,0.0037254582849218184,-0.011519622526864788,0.009540180023212705,0.0010493805690611115,-0.00030767319230415205,0.0128757715147167,0.04351528447324346,-0.01830457852463951,-0.009721138401870812,0.0021221304512180597,-0.036442527379685535,0.011906961376800347,-0.004326954995411944,0.002000782186779709,-0.0026922313160870352,0.018477018274705364,0.00272433430753768,0.015456976588649725,-0.01746700707514087,-0.030558403418257548,-0.0013036762727931977,0.43802843956109544,-0.00867472185980416,0.37806882932241015,0.003371486693889591,-0.003908455452859729,0.034639238323192593,0.056529309335703,-0.004891741360655173,-0.09245546028607714,-0.249070190806337,-0.09978686526490695,-0.1235980756381314,0.3395392944784245,0.27703233779494385,-0.018618427545201204,-0.028898513012049286,-0.002265299928899917,0.024261880033264006,0.3641977625586321,-0.01788867036063435,-0.26395156049250584,0.23126642911937464,0.3805002591432526,0.011635198024881272,-0.07559141945405617,0.0007958013421062461,-0.004732712380580507,0.45333600357014975,0.02511068459539583,0.4137034039094352,0.3264541517097082,0.36116252211175914,0.1374677737876136,-0.18543231552105002,0.5287402972174362,0.009014700138595852,0.4374371313783927,0.14204207923623527,1.0,0.45265752534351933,0.33658771937118404,0.3023805417676597,0.3159041521212398,0.47640158552203304,0.0435393503860251,0.03050837958744263
cont9,0.03513049517830846,-0.06541711883993105,-0.03301834598804435,-0.001058127220875363,0.042966357015780735,0.040038499602448756,-0.007756675298667726,-0.02012188482401655,-0.057627740824421715,-0.017891552456561738,-0.03224245680290162,-0.06604269723241465,-0.02765672921864689,0.008495254835888937,0.025201231545765795,-0.031118389597305847,-0.01444891602832134,-2.4888338235083343e-05,-0.009330683220544035,-0.002408122372624109,0.00015801980516903073,-0.003467989195704238,-0.03421951865280116,-0.021736582008311786,-0.013364862575832982,0.0023644960795847422,0.03326342968532677,-0.01505996202875779,0.0008335802657176976,-0.0004103747733479033,-0.003362736139052392,0.1650416301213386,0.0014106728524649035,0.0010070582296894458,0.07245159302994128,-0.022495921759639527,0.0704964273998531,0.010779568841425339,-0.0028328122874673027,-0.016452076581202433,-0.02141264196038213,0.19613049072174596,0.00730627955313293,0.04096300797656564,0.003912965413433753,0.006111003208586367,0.009186098019319971,0.08175820078646556,0.001197304905671439,0.011849703570363045,0.007565014018801296,0.01602258938138126,0.045102541928445886,0.01698866887123595,0.05775357338161888,0.06565691448274333,-0.01223190387348651,0.0007612080667656746,-0.006326934333414535,0.004638963923865233,0.004876414704811802,-0.0019446701744722924,-0.0009370462423622376,-0.0031106947987986793,-0.0008904683050173277,-0.02753035672191407,0.009216571750623714,0.001549358940682447,0.003059831861804421,0.024397145972992088,0.056319932488609385,-0.04474678287407595,0.004225693995603523,0.001412997575175311,0.056719855323727836,0.015123587950185863,-0.006933908173902383,-0.00011708114051062878,-0.04299849393097209,0.06468582612493498,0.01645289707893898,0.026668543887050557,-0.002976828954790466,-0.04855584541965853,-0.006726572841424573,0.49319602821912234,-0.04286448337011507,0.6734576769479653,-0.007708959259785775,-0.030475520853119387,0.049689937488763394,0.0811704644336111,0.0014865802417400045,-0.18836967920639572,-0.11462329697511894,-0.2991607706839977,-0.17209752828856067,0.38887544711675315,0.35264285904370885,-0.025836254876802286,-0.05487165010541141,-0.018484962606115398,0.03980549287740992,0.7736364969314761,0.08528379983450775,-0.6587575738788711,-0.03733376166711166,0.21441638284489786,0.14444643875267166,-0.0029615146126535604,0.0012757646690525872,0.013999712737005978,0.29942574198972266,0.03237941023474582,0.3907238560849256,0.7082668723361019,0.9299117057620867,-0.032729128846022276,-0.4170540529290114,0.3289606391810969,-0.08820195753770194,0.797543518994888,0.3843429121740851,0.45265752534351933,1.0,0.7856967914962639,0.6080004698114105,0.6266564373275376,0.6420276948884263,0.07415381447994186,0.014455587837242474
cont10,0.04737982247471214,-0.07793459059239086,-0.03338752947051104,-0.01250504470434259,0.038624997994035876,0.04721980627634173,-0.004984994321752162,-0.030032285023555906,-0.06814799285895504,-0.03747600207738017,-0.04551353908069813,-0.08085678403219233,-0.04011919209111972,0.002304122901131093,0.013750254749615868,-0.03563810635677363,-0.016986205282779256,-0.006410009851426036,0.004351713465168616,-0.0031887673105767695,-0.0008795726280323065,-0.004110299536876492,-0.03761729404461953,-0.021943164774421323,-0.01370172988881994,0.007110561009946323,0.025208465007899347,-0.019759488370411114,-0.002796856286675054,-0.0019859634987028515,-0.0078497182992366,0.10005434329983014,-0.003052320016952818,0.0033154255155416062,0.04643384520166082,-0.018161442072363844,0.06566614232610647,0.019121707624888042,-0.0030930666141794475,-0.02405015199594948,-0.022568042230038814,0.12121266004556408,0.006660227112115065,0.05171731537303855,0.001965960909024208,0.0006508147943334904,0.012604151350302137,0.05008796309035056,-0.0023208249509706737,0.024994940730169814,0.016130570348997966,0.01044551883861711,0.03642658919913314,0.01933859263592127,0.03290623932777708,0.038901197228084355,-0.006865607269134318,-0.0009331040599185954,-0.0060937599836108575,0.005531266222373623,0.002230853295806494,-0.001885231339782745,-0.0008050360935894578,-0.0009257982538253827,-0.009621283825421465,-0.033312449829555085,0.005674623102825485,0.0003134443626086521,0.0025759598402167474,0.015316812165632153,0.03223048050536602,-0.0453259362863101,0.003659210984764337,-0.002167631894447729,0.000303071228809572,0.013923564735764941,-0.007723399228511009,-0.003827423859117675,-0.046332328288945714,0.07648830883617609,0.01183575364716968,0.0296485670225451,-0.019086944722075557,-0.04763260452230168,-0.006199061342729577,0.5632415157582262,-0.04521063570451356,0.3823050365244142,-0.004616928485887065,-0.031413639554158594,0.04717439340734419,0.0711258367041553,0.004069021024304668,-0.044895760724301605,-0.15399837369075403,-0.25235439844237245,-0.2282913642277554,0.5645145630205237,0.3485823461807896,-0.0243038950890044,-0.07504779745406745,-0.026121708316932474,0.035331545198105156,0.7834829121614274,0.14581665968283886,-0.7405604900820179,0.14740712957428517,0.3719588583742256,0.14462946531372395,-0.01435488279635037,-0.009303293597837036,0.004288125918497366,0.1929520959609515,0.03238312677514054,0.34370953464496756,0.7566593107854512,0.8085508694335549,0.06352639654732502,-0.3255620442545822,0.2832942217105002,-0.06496683919111795,0.8833505068489651,0.49262070698937277,0.33658771937118404,0.7856967914962639,1.0,0.7028955435077643,0.7138119332651865,0.7078763931019291,0.041808322492887684,0.020236142979713625
cont11,0.04549142781438827,-0.06109040967637919,-0.02252642383302661,-0.011524771569628396,0.024901195439312802,0.04787642719429562,0.004369709277159294,-0.00315622138288215,-0.050524742745213486,-0.02585652930831421,-0.04005167750154787,-0.07200836983279311,-0.03502933959125807,-0.0036704873919704765,0.009556218994607743,-0.030765777791460523,-0.01160037599975034,-0.005408157916456096,0.01666917176477608,-0.0033106394129689726,-0.00027349854558597646,-0.0023127546916390474,-0.03254813999393428,-0.007390482625919087,-0.02035286471407026,-0.0009301989648934373,0.023327862734741328,-0.00699592969541802,0.0073859876333896585,0.01110966616730549,-0.013292169889015973,0.06426824532617467,-0.006124334984385061,-0.001008462183636978,0.030123227615157858,-0.019675510216510716,0.0511700815790821,0.0007461236850799586,-0.008202656234132966,-0.006098735313499983,-0.0070702281323931585,0.07876807361616267,0.01980506302662336,0.024551641786044787,0.01625503150953615,-0.0011807078504398156,0.0059634389358574616,0.03795308166111013,-0.00044741818087120223,0.03473801983252134,0.006251465761629685,0.012935353464331232,0.01979507221576219,0.018466265954373486,0.02521621408596845,0.02595498265011262,0.0024513767546997163,0.0010159726503676028,-0.00018309688272355636,0.00699670025946734,0.003362124110618019,-0.0006930214007705909,0.0005627438502757891,0.002675738404751216,-0.004027991939736189,-0.005376817235396007,0.011855853537064262,0.0022791357465075687,-0.001509563436482984,0.010173758551668083,0.0964315194661368,-0.06545958515233483,0.010993464993104066,0.004396188157269011,-0.050171603107959685,-0.00018024544829385505,-0.0033819157415184665,-0.0013423224606464402,-0.027340583138520502,0.050740219974258975,0.03728579155212777,0.036760570030896896,-0.04408123525670213,-0.03174030015012651,-0.00311618500843244,0.40910607850609626,-0.03309241017797146,0.26031560773131457,0.0053304464264365605,-0.021163259906191664,0.0370876305493971,0.07097027058690929,-0.0019356915192008895,0.12419401072689061,-0.2664477720273358,-0.1659645344864819,-0.3274696011469248,0.35949887796006263,0.17906844901793328,-0.026121088621781006,-0.06210542457859153,-0.002326758724497605,0.02355988719919542,0.794478075210216,0.6719408764812242,-0.7884123942745294,0.04308721186542431,0.3273974639410828,0.1568662939059885,-0.11544937189030519,-0.008881792373285728,0.005984680294028714,0.08201577316828929,0.03010286829258852,0.2004716072233056,0.8395286192483339,0.596089796142411,0.11682355284147321,0.025270912781214516,0.12092660758300071,-0.1515481914902333,0.7737454535517788,0.7471079167884337,0.3023805417676597,0.6080004698114105,0.7028955435077643,1.0,0.9943841100222038,0.466246668715781,0.04729287072139845,0.09980638463804478
cont12,0.04501601696845633,-0.06125478631967239,-0.023136703759193005,-0.010821423662306226,0.026003981357729026,0.047394539073990244,0.0032796541780128257,-0.003387142967370053,-0.05070885873867493,-0.02548135852003383,-0.040069675422390566,-0.07247846335147845,-0.03510964844940832,-0.0024983460427103954,0.01049438660504402,-0.03121519882952971,-0.01177889432876949,-0.00475354925878351,0.016057098205719718,-0.003384948333980615,-0.0002131621689809935,-0.0022205204864529948,-0.032666605608631986,-0.008185755646724363,-0.020062641722627353,-0.001263643112017676,0.023902535427949394,-0.007331061880640846,0.0076777076266677366,0.010989507328610013,-0.01155887052070081,0.06959093152109926,-0.00519855827828978,-0.0005809409907249441,0.03332942006274417,-0.020026985367537404,0.052655656895546674,0.0006460564894611893,-0.0070123761939810784,-0.006389133803564918,-0.007300607293940753,0.08605280332280393,0.020217337859924234,0.02452451396527453,0.016926795777735964,-0.000947682805938405,0.006145493654876775,0.04089181264824638,-0.0006538832757574611,0.03356253622127945,0.006496872016251024,0.012942015263586943,0.020664786724491225,0.01854445328127317,0.026553468138494345,0.027605821631399588,0.00100969063803215,0.0014849908455518675,-0.00022135656118525194,0.006792112649540606,0.0034817318667410544,-0.0010997370121609434,0.0009409961932533975,0.002628762211646877,-0.003616348225391051,-0.0060486449147669165,0.012102378760703964,0.002158547715919689,-0.0014013110982335165,0.011113215065712634,0.10209883118549727,-0.06540443625265815,0.010667737441718941,0.004487657684378614,-0.04377202933170585,0.0010337299090144858,-0.0036240994952096675,-0.0016107868511820664,-0.02831803113417401,0.05184137281796681,0.03754988225099101,0.03631325978127133,-0.04314439337103968,-0.03281920180619707,-0.0033035245842087326,0.41795554149602476,-0.03387610671484192,0.28214671166008076,0.004357336003710699,-0.021577515762939082,0.03817737998853492,0.0727369550237727,-0.00166492749177838,0.10531603495370843,-0.2738057057414926,-0.18235811104702493,-0.32541560856331153,0.3606605383100513,0.18437290268295947,-0.026685751593396305,-0.06208781346385717,-0.0027278488784543437,0.024776839412611197,0.8139092886049506,0.6655517779816804,-0.7947175283967617,0.04110971107387997,0.3293127519918123,0.15924189027861696,-0.10726061340589026,-0.008097782359588327,0.006969803527778348,0.09841275899530916,0.02998413539569035,0.2111803651958724,0.8504645653932396,0.6142254546728485,0.10625016401767295,0.006110641572276833,0.13045302744643697,-0.1482166818905447,0.7851439724373064,0.7427122632499452,0.3159041521212398,0.6266564373275376,0.7138119332651865,0.9943841100222038,1.0,0.4786766747105184,0.050266579867928304,0.0987238497432205
cont13,0.018648637163066827,-0.05991224024155457,-0.009417763902783883,-0.013735100649959286,0.028852611497760486,0.06324887087629541,-0.005511348778720427,-0.030444738325911977,-0.049689732271784165,-0.023852644593158265,-0.045254138326752624,-0.07503070493717882,-0.03763150445232713,0.009059844973234659,0.016962734281127573,-0.008679198829793266,-0.01306900829336914,-0.00021082166254389803,0.007117942346082734,-0.001502073194890295,-0.0002814245218401632,-0.004692244677939879,-0.028248323357498897,-0.02030772202553604,-0.01602742271087627,0.004227146762847464,0.0161662915316871,-0.016004086599545168,-0.008017334735935465,-0.008656598730128839,-0.018085603847657863,0.11021174187761577,-0.004402453670216319,0.0033634090556062717,0.050108725933206394,-0.014150921799558758,0.05108210082125211,0.011389386909612675,-0.016943561608434382,-0.024212092721605825,-0.026798532450197053,0.13117446020234877,-0.0021013990987782984,0.038391655241884405,-0.005844096982667716,0.0014046405579490292,0.011956193074967656,0.054727529468098765,0.012672822262581472,0.03357327458229548,0.04481794115073971,0.02184657885607376,0.059326851028148254,0.022132164130156555,0.037820876735253854,0.04317296507281481,-0.010212354465396594,0.0016001097770797432,-0.0041457721993241785,0.0034326466667047805,0.0065209064215458025,0.0011849879664359419,0.00014613350713112928,-0.000939975408159279,-0.004629347019790142,-0.03834388686064743,0.010605305609476567,0.0020071517824356722,0.0052061608346873406,0.015552182100797932,0.003279790869413603,-0.02262560219093778,-0.017247543567679022,-0.007882064761091353,0.04016412350922475,0.03003053016855968,-0.011791079173835999,-0.0014409921539046775,-0.03763053130525412,0.057148276931786764,-0.005517901742996216,0.011054115882242338,-0.007089662246691229,-0.039259618321839,-0.005029676316689032,0.9091879910104084,-0.02204117239213881,0.44375744312962384,-0.004737671136390975,-0.00814643610547949,0.04082914362863047,0.05611918698055032,0.0030841461999126484,-0.12840061938053923,-0.2882635588630283,-0.2292763002204791,-0.007533374151890046,0.8586523426987457,0.6457073313479629,-0.01435966214882915,-0.06162166045051157,-0.026538701422378193,0.023369359105395237,0.631631177856326,-0.1528817907926507,-0.3810030153212135,0.7007341603857979,0.7180555928265915,0.10883924940267868,-0.007461279443502735,-0.011398499968968962,-0.0014831592423266847,0.16408367971220988,0.05612078533957418,0.8963270045025934,0.5653864080995753,0.5348495237416717,0.023334652627749034,-0.4182025800950456,0.17934192948808353,-0.08291451726938674,0.8150910765208775,0.28839490807265,0.47640158552203304,0.6420276948884263,0.7078763931019291,0.466246668715781,0.4786766747105184,1.0,0.04754275116367263,-0.004022110368734183
cont14,0.022791372596797924,-0.020616532885235947,-0.0012097330262468625,-0.01958451853765993,-0.016415935499725098,0.022795803967073446,-0.005294643938695794,-0.00147429196067881,-0.016651101788964614,-0.009780302527951985,-0.016576370861693977,-0.008824211804746497,-0.011916348857160634,0.0032131299745103417,-0.0035351384836758318,-0.0024025811981205447,0.003329193602991283,0.00519762388776484,-0.00434604822607304,0.0004273465438455507,0.0016595405754761283,0.002337482293598458,-0.027418879922922475,-0.005358794439405133,-0.017247312853867994,-0.016291661110416817,-0.007732851170381843,0.00022586746107042523,-2.835553439620066e-06,-0.003137776875041437,-0.017204515670575436,0.01876384721298498,-0.004629748585408458,-0.004349917351448,0.004121812890564439,-0.02455239613473233,-0.004993747604284164,-0.01725501908544646,-0.017351543379402614,-0.004868938769919053,-0.006782471268386204,0.017082035745237815,0.0023117770344744447,-0.01249983328921593,-0.0015419483525743684,-0.0023277732264709596,-0.0014965917355199447,0.0020820878229264876,0.0016415334854239989,0.02174233211793618,-0.0014664126473161849,0.00022254819190815875,0.005538714624411334,0.008285455088568995,0.008459441552356917,0.010527511456060143,-0.008761128774435958,0.0012276642665084506,-0.001290278767875252,0.003376913670689312,0.0011177820249918462,0.00033212660950791064,-0.0010243106724952317,-0.0036573015698856256,0.0030899577364049084,-0.0017733719028275804,-0.0029750538850435073,0.001639385424458425,0.0010776222640916642,0.001080807085998934,0.022196384535324902,-0.14082157309185156,-0.010532663772619405,0.003241170510996198,0.023549883928489185,0.0038552627567021817,-0.007804053650721841,-0.004142871726203232,-0.026667307439232776,0.026168800704332442,0.011193786570143572,0.009017130303509866,0.019804558656861947,-0.09964779415204157,-0.0006439214848971134,0.03688913470895716,-0.003965297621924484,0.0677405793045655,-0.005450010290435952,-0.00027130158512522014,0.08556252048567893,0.04994799213369625,-0.005382030515201648,-0.039625147004673,-0.04029304568429584,-0.024889447175166547,-0.019558066919746358,0.012543379948789768,0.00506567068584657,-0.013395794825785899,-0.017961747882987086,0.0015797694910029047,-0.02020253811586153,0.07151111838481448,0.02493044158826309,-0.020943869769646475,0.005734172588367388,0.026766983970254666,0.00987639625246607,0.008589000974519166,-0.02220959868707716,0.24036483111494414,0.032618399117831445,0.012979676575693848,0.037038845317632796,0.06307232878270164,0.05668837438540833,-0.045584248512058105,-0.03959231862594589,0.0174454271096772,-0.021637795140478013,0.04217771657784684,0.02228598095784129,0.0435393503860251,0.07415381447994186,0.041808322492887684,0.04729287072139845,0.050266579867928304,0.04754275116367263,1.0,0.019297829728668513
loss,-0.22210474388939894,0.22966531297670148,0.19317951947013418,0.10610685151940148,0.10614230379663095,-0.11688331272653094,0.28021582959901636,0.08523004932228115,0.22187012692636346,0.2821621420527692,0.2253465052972589,0.3110795321871313,0.22197014571139648,0.1028043282987285,0.0018002387573045119,0.1910761736874649,0.07861716732051138,0.04192896795615238,0.03508138065976276,0.03132522141307695,0.006431867644983902,0.006293957602303073,0.1602643732784706,0.09207160466370491,0.08968380144072756,0.0492144297478092,0.00925792788846662,0.12300409296035902,0.08201074139644159,0.04864701262675674,0.01255296275456298,0.023173399552742856,0.042644578934467124,0.03156908473129891,0.021083443222222636,0.15652937504918885,0.011004020437930868,0.0956741974299483,0.01618058314609419,0.12518099623227466,0.08661754272478867,0.01937878096559027,0.047773790299650565,0.04797484875476603,0.07544775484793216,0.046328570482017946,0.035575661225856904,0.016150691582548175,0.02578346845920286,-0.11030016238477171,0.034456836790921694,0.031904281275208245,0.04880663773115642,0.008565451275174843,0.014556652440933017,0.012402589216835732,0.3167356666807567,0.03716394668281381,0.042594971764517445,0.014961885935364164,0.030317657904185325,0.01462716581581804,0.006277117170147195,0.021570266549964173,0.06308969562651955,0.057707718327652674,0.040450406876886905,0.01390716578097743,0.016841692173596542,-0.0003196562971764061,0.06372128042581691,0.22822718052548982,-0.15445688773095353,0.02172677104879573,-0.0768316105511385,0.08907627109928828,0.01128030545771507,0.0561749405714948,0.44117227537889553,-0.47325728726873223,-0.25919122210718787,-0.10597896462061186,-0.03261002339766343,0.04237718892720792,0.07895366553422176,-0.0048420144849189006,0.3463109783042612,0.005329682150221604,0.2671065207193747,0.1897891997117253,-0.021269419202856642,-0.004338608099708322,-0.0011755750435502568,0.09509878248284342,-0.04264603967822771,-0.015567904981314261,-0.007030659543900429,-0.016548419700952034,-0.03430253804017802,0.058216523313800776,0.35264610553406184,0.0821085078145395,0.15388311396444435,0.03198536515539222,0.11527333216931973,-0.06559161577542434,-0.0005086719938596561,0.004615598541873028,0.022094372533625298,-0.02113466620361989,0.15026735943018113,-0.02710779558549435,-0.02058020674030525,-0.027081161305320567,-0.017800660278436967,0.03389102950635276,-0.010236937708398694,0.14152795887905642,0.1110533081772175,-0.0358308098308775,-0.011354502446472204,0.04096682474989782,0.11979887050310294,0.03050837958744263,0.014455587837242474,0.020236142979713625,0.09980638463804478,0.0987238497432205,-0.004022110368734183,0.019297829728668513,1.0
